2026-10-06T22:11:10.0546544Z Current runner version: '2.337.0'
2026-10-06T22:11:10.0583267Z ##[group]Runner Image Provisioner
2026-10-06T22:11:10.0584242Z Hosted Compute Agent
2026-10-06T22:11:10.0584654Z Version: 20260901.588
2026-10-06T22:11:10.0585059Z Commit: f88ec8081b781fac6c440065ac7ff9e710ce3d0b
2026-10-06T22:11:10.0585602Z Build Date: 2026-09-01T19:56:44Z
2026-10-06T22:11:10.0586063Z Worker ID: {2a8793c7-5e5d-47a5-9c32-9c760c8e7a22}
2026-10-06T22:11:10.0586539Z Azure Region: centralus
2026-10-06T22:11:10.0586943Z ##[endgroup]
2026-10-06T22:11:10.0587917Z ##[group]Operating System
2026-10-06T22:11:10.0588452Z Ubuntu
2026-10-06T22:11:10.0588810Z 24.04.5
2026-10-06T22:11:10.0589189Z LTS
2026-10-06T22:11:10.0589548Z ##[endgroup]
2026-10-06T22:11:10.0589916Z ##[group]Runner Image
2026-10-06T22:11:10.0590343Z Image: ubuntu-24.04
2026-10-06T22:11:10.0590725Z Version: 20260927.320.1
2026-10-06T22:11:10.0591640Z Included Software: https://github.com/actions/runner-images/blob/ubuntu24/20260927.320/images/ubuntu/Ubuntu2404-Readme.md
2026-10-06T22:11:10.0592672Z Image Release: https://github.com/actions/runner-images/releases/tag/ubuntu24%2F20260927.320
2026-10-06T22:11:10.0593422Z ##[endgroup]
2026-10-06T22:11:10.0594450Z ##[group]GITHUB_TOKEN Permissions
2026-10-06T22:11:10.0596184Z Contents: read
2026-10-06T22:11:10.0596620Z Metadata: read
2026-10-06T22:11:10.0597025Z ##[endgroup]
2026-10-06T22:11:10.0598700Z Secret source: Actions
2026-10-06T22:11:10.0599383Z Cache mode: write
2026-10-06T22:11:10.0599952Z Prepare workflow directory
2026-10-06T22:11:10.1148553Z Prepare all required actions
2026-10-06T22:11:10.1184570Z Getting action download info
2026-10-06T22:11:10.3862495Z Download action repository 'actions/checkout@d23441a48e516b6c34aea4fa41551a30e30af803' (SHA:d23441a48e516b6c34aea4fa41551a30e30af803)
2026-10-06T22:11:10.8314466Z Download action repository 'pnpm/action-setup@fc06bc1257f339d1d5d8b3a19a8cae5388b55320' (SHA:fc06bc1257f339d1d5d8b3a19a8cae5388b55320)
2026-10-06T22:11:11.4072803Z Download action repository 'actions/setup-node@249970729cb0ef3589644e2896645e5dc5ba9c38' (SHA:249970729cb0ef3589644e2896645e5dc5ba9c38)
2026-10-06T22:11:11.5411596Z Download action repository 'actions/upload-artifact@ea165f8d65b6e75b540449e92b4886f43607fa02' (SHA:ea165f8d65b6e75b540449e92b4886f43607fa02)
2026-10-06T22:11:11.8087641Z Complete job name: Verification
2026-10-06T22:11:11.8759845Z ##[group]Run actions/checkout@d23441a48e516b6c34aea4fa41551a30e30af803
2026-10-06T22:11:11.8761169Z with:
2026-10-06T22:11:11.8761996Z   ref: 1696a07aaa40ee6b648e8eaecc5f24a61bfd5af7
2026-10-06T22:11:11.8762925Z   persist-credentials: false
2026-10-06T22:11:11.8763931Z   repository: sveltery/base
2026-10-06T22:11:11.8770026Z   token: ***
2026-10-06T22:11:11.8770739Z   ssh-strict: true
2026-10-06T22:11:11.8771442Z   ssh-user: git
2026-10-06T22:11:11.8772118Z   clean: true
2026-10-06T22:11:11.8772815Z   sparse-checkout-cone-mode: true
2026-10-06T22:11:11.8773654Z   fetch-depth: 1
2026-10-06T22:11:11.8774476Z   fetch-tags: false
2026-10-06T22:11:11.8775203Z   show-progress: true
2026-10-06T22:11:11.8775952Z   lfs: false
2026-10-06T22:11:11.8776629Z   submodules: false
2026-10-06T22:11:11.8777366Z   set-safe-directory: true
2026-10-06T22:11:11.8778185Z   allow-unsafe-pr-checkout: false
2026-10-06T22:11:11.8779158Z env:
2026-10-06T22:11:11.8780316Z   SVELTERY_PACKAGE_ARTIFACTS: /home/runner/work/base/base/.checks/npm-package/artifacts.json
2026-10-06T22:11:11.8781558Z ##[endgroup]
2026-10-06T22:11:11.9521800Z Syncing repository: sveltery/base
2026-10-06T22:11:11.9524165Z ##[group]Getting Git version info
2026-10-06T22:11:11.9525125Z Working directory is '/home/runner/work/base/base'
2026-10-06T22:11:11.9526663Z [command]/usr/bin/git version
2026-10-06T22:11:11.9605276Z git version 2.55.0
2026-10-06T22:11:11.9619033Z ##[endgroup]
2026-10-06T22:11:11.9639228Z Temporarily overriding HOME='/home/runner/work/_temp/0dedb5e8-df3d-4046-b02e-58484df63438' before making global git config changes
2026-10-06T22:11:11.9648760Z Adding repository directory to the temporary git global config as a safe directory
2026-10-06T22:11:11.9651193Z [command]/usr/bin/git config --global --add safe.directory /home/runner/work/base/base
2026-10-06T22:11:11.9680164Z Deleting the contents of '/home/runner/work/base/base'
2026-10-06T22:11:11.9682841Z ##[group]Determining repository object format
2026-10-06T22:11:11.9685320Z ##[endgroup]
2026-10-06T22:11:11.9688040Z ##[group]Initializing the repository
2026-10-06T22:11:11.9691001Z [command]/usr/bin/git init /home/runner/work/base/base
2026-10-06T22:11:11.9791462Z hint: Using 'master' as the name for the initial branch. This default branch name
2026-10-06T22:11:11.9793933Z hint: will change to "main" in Git 3.0. To configure the initial branch name
2026-10-06T22:11:11.9795979Z hint: to use in all of your new repositories, which will suppress this warning,
2026-10-06T22:11:11.9797551Z hint: call:
2026-10-06T22:11:11.9798495Z hint:
2026-10-06T22:11:11.9799637Z hint: 	git config --global init.defaultBranch <name>
2026-10-06T22:11:11.9801022Z hint:
2026-10-06T22:11:11.9802398Z hint: Names commonly chosen instead of 'master' are 'main', 'trunk' and
2026-10-06T22:11:11.9804577Z hint: 'development'. The just-created branch can be renamed via this command:
2026-10-06T22:11:11.9806280Z hint:
2026-10-06T22:11:11.9807218Z hint: 	git branch -m <name>
2026-10-06T22:11:11.9808338Z hint:
2026-10-06T22:11:11.9809718Z hint: Disable this message with "git config set advice.defaultBranchName false"
2026-10-06T22:11:11.9815704Z Initialized empty Git repository in /home/runner/work/base/base/.git/
2026-10-06T22:11:11.9822354Z [command]/usr/bin/git remote add origin https://github.com/sveltery/base
2026-10-06T22:11:11.9872114Z ##[endgroup]
2026-10-06T22:11:11.9874011Z ##[group]Disabling automatic garbage collection
2026-10-06T22:11:11.9875641Z [command]/usr/bin/git config --local gc.auto 0
2026-10-06T22:11:11.9902923Z ##[endgroup]
2026-10-06T22:11:11.9904438Z ##[group]Setting up auth
2026-10-06T22:11:11.9905294Z Removing SSH command configuration
2026-10-06T22:11:11.9912599Z [command]/usr/bin/git config --local --name-only --get-regexp core\.sshCommand
2026-10-06T22:11:11.9940686Z [command]/usr/bin/git submodule foreach --recursive sh -c "git config --local --name-only --get-regexp 'core\.sshCommand' && git config --local --unset-all 'core.sshCommand' || :"
2026-10-06T22:11:12.0228384Z Removing HTTP extra header
2026-10-06T22:11:12.0234522Z [command]/usr/bin/git config --local --name-only --get-regexp http\.https\:\/\/github\.com\/\.extraheader
2026-10-06T22:11:12.0258322Z [command]/usr/bin/git submodule foreach --recursive sh -c "git config --local --name-only --get-regexp 'http\.https\:\/\/github\.com\/\.extraheader' && git config --local --unset-all 'http.https://github.com/.extraheader' || :"
2026-10-06T22:11:12.0403946Z Removing includeIf entries pointing to credentials config files
2026-10-06T22:11:12.0409016Z [command]/usr/bin/git config --local --name-only --get-regexp ^includeIf\.gitdir:
2026-10-06T22:11:12.0431733Z [command]/usr/bin/git submodule foreach --recursive git config --local --show-origin --name-only --get-regexp remote.origin.url
2026-10-06T22:11:12.0574146Z [command]/usr/bin/git config --file /home/runner/work/_temp/git-credentials-26a3131b-5779-4a34-b311-73293121279c.config http.https://github.com/.extraheader AUTHORIZATION: basic ***
2026-10-06T22:11:12.0601060Z [command]/usr/bin/git config --local includeIf.gitdir:/home/runner/work/base/base/.git.path /home/runner/work/_temp/git-credentials-26a3131b-5779-4a34-b311-73293121279c.config
2026-10-06T22:11:12.0626751Z [command]/usr/bin/git config --local includeIf.gitdir:/home/runner/work/base/base/.git/worktrees/*.path /home/runner/work/_temp/git-credentials-26a3131b-5779-4a34-b311-73293121279c.config
2026-10-06T22:11:12.0652379Z [command]/usr/bin/git config --local includeIf.gitdir:/github/workspace/.git.path /github/runner_temp/git-credentials-26a3131b-5779-4a34-b311-73293121279c.config
2026-10-06T22:11:12.0682003Z [command]/usr/bin/git config --local includeIf.gitdir:/github/workspace/.git/worktrees/*.path /github/runner_temp/git-credentials-26a3131b-5779-4a34-b311-73293121279c.config
2026-10-06T22:11:12.0701940Z ##[endgroup]
2026-10-06T22:11:12.0703168Z ##[group]Fetching the repository
2026-10-06T22:11:12.0708980Z [command]/usr/bin/git -c protocol.version=2 fetch --no-tags --prune --no-recurse-submodules --depth=1 origin 1696a07aaa40ee6b648e8eaecc5f24a61bfd5af7
2026-10-06T22:11:13.9525681Z From https://github.com/sveltery/base
2026-10-06T22:11:13.9527512Z  * branch            1696a07aaa40ee6b648e8eaecc5f24a61bfd5af7 -> FETCH_HEAD
2026-10-06T22:11:13.9534359Z [command]/usr/bin/git rev-parse --verify --quiet 1696a07aaa40ee6b648e8eaecc5f24a61bfd5af7^{object}
2026-10-06T22:11:13.9555118Z 1696a07aaa40ee6b648e8eaecc5f24a61bfd5af7
2026-10-06T22:11:13.9556924Z ##[endgroup]
2026-10-06T22:11:13.9557332Z ##[group]Determining the checkout info
2026-10-06T22:11:13.9558389Z ##[endgroup]
2026-10-06T22:11:13.9562583Z [command]/usr/bin/git sparse-checkout disable
2026-10-06T22:11:13.9639776Z [command]/usr/bin/git config --local --unset-all extensions.worktreeConfig
2026-10-06T22:11:13.9661729Z ##[group]Checking out the ref
2026-10-06T22:11:13.9664983Z [command]/usr/bin/git checkout --progress --force 1696a07aaa40ee6b648e8eaecc5f24a61bfd5af7
2026-10-06T22:11:14.2174182Z Note: switching to '1696a07aaa40ee6b648e8eaecc5f24a61bfd5af7'.
2026-10-06T22:11:14.2174972Z 
2026-10-06T22:11:14.2175297Z You are in 'detached HEAD' state. You can look around, make experimental
2026-10-06T22:11:14.2176724Z changes and commit them, and you can discard any commits you make in this
2026-10-06T22:11:14.2177300Z state without impacting any branches by switching back to a branch.
2026-10-06T22:11:14.2177597Z 
2026-10-06T22:11:14.2177803Z If you want to create a new branch to retain commits you create, you may
2026-10-06T22:11:14.2178263Z do so (now or later) by using -c with the switch command. Example:
2026-10-06T22:11:14.2178578Z 
2026-10-06T22:11:14.2178710Z   git switch -c <new-branch-name>
2026-10-06T22:11:14.2178951Z 
2026-10-06T22:11:14.2179058Z Or undo this operation with:
2026-10-06T22:11:14.2179237Z 
2026-10-06T22:11:14.2179317Z   git switch -
2026-10-06T22:11:14.2179443Z 
2026-10-06T22:11:14.2179655Z Turn off this advice by setting config variable advice.detachedHead to false
2026-10-06T22:11:14.2179964Z 
2026-10-06T22:11:14.2180511Z HEAD is now at 1696a07 Add actual Menu render-host outro lifetime diagnostic
2026-10-06T22:11:14.2193226Z ##[endgroup]
2026-10-06T22:11:14.2229034Z [command]/usr/bin/git log -1 --format=%H
2026-10-06T22:11:14.2248108Z 1696a07aaa40ee6b648e8eaecc5f24a61bfd5af7
2026-10-06T22:11:14.2255336Z ##[group]Removing auth
2026-10-06T22:11:14.2255645Z Removing SSH command configuration
2026-10-06T22:11:14.2258100Z [command]/usr/bin/git config --local --name-only --get-regexp core\.sshCommand
2026-10-06T22:11:14.2280010Z [command]/usr/bin/git submodule foreach --recursive sh -c "git config --local --name-only --get-regexp 'core\.sshCommand' && git config --local --unset-all 'core.sshCommand' || :"
2026-10-06T22:11:14.2434454Z Removing HTTP extra header
2026-10-06T22:11:14.2437949Z [command]/usr/bin/git config --local --name-only --get-regexp http\.https\:\/\/github\.com\/\.extraheader
2026-10-06T22:11:14.2462182Z [command]/usr/bin/git submodule foreach --recursive sh -c "git config --local --name-only --get-regexp 'http\.https\:\/\/github\.com\/\.extraheader' && git config --local --unset-all 'http.https://github.com/.extraheader' || :"
2026-10-06T22:11:14.2606439Z Removing includeIf entries pointing to credentials config files
2026-10-06T22:11:14.2607736Z [command]/usr/bin/git config --local --name-only --get-regexp ^includeIf\.gitdir:
2026-10-06T22:11:14.2627112Z includeif.gitdir:/home/runner/work/base/base/.git.path
2026-10-06T22:11:14.2627614Z includeif.gitdir:/home/runner/work/base/base/.git/worktrees/*.path
2026-10-06T22:11:14.2628008Z includeif.gitdir:/github/workspace/.git.path
2026-10-06T22:11:14.2628387Z includeif.gitdir:/github/workspace/.git/worktrees/*.path
2026-10-06T22:11:14.2634921Z [command]/usr/bin/git config --local --get-all includeif.gitdir:/home/runner/work/base/base/.git.path
2026-10-06T22:11:14.2650276Z /home/runner/work/_temp/git-credentials-26a3131b-5779-4a34-b311-73293121279c.config
2026-10-06T22:11:14.2657630Z [command]/usr/bin/git config --local --unset includeif.gitdir:/home/runner/work/base/base/.git.path /home/runner/work/_temp/git-credentials-26a3131b-5779-4a34-b311-73293121279c.config
2026-10-06T22:11:14.2683301Z [command]/usr/bin/git config --local --get-all includeif.gitdir:/home/runner/work/base/base/.git/worktrees/*.path
2026-10-06T22:11:14.2698843Z /home/runner/work/_temp/git-credentials-26a3131b-5779-4a34-b311-73293121279c.config
2026-10-06T22:11:14.2705739Z [command]/usr/bin/git config --local --unset includeif.gitdir:/home/runner/work/base/base/.git/worktrees/*.path /home/runner/work/_temp/git-credentials-26a3131b-5779-4a34-b311-73293121279c.config
2026-10-06T22:11:14.2739238Z [command]/usr/bin/git config --local --get-all includeif.gitdir:/github/workspace/.git.path
2026-10-06T22:11:14.2755025Z /github/runner_temp/git-credentials-26a3131b-5779-4a34-b311-73293121279c.config
2026-10-06T22:11:14.2760201Z [command]/usr/bin/git config --local --unset includeif.gitdir:/github/workspace/.git.path /github/runner_temp/git-credentials-26a3131b-5779-4a34-b311-73293121279c.config
2026-10-06T22:11:14.2788969Z [command]/usr/bin/git config --local --get-all includeif.gitdir:/github/workspace/.git/worktrees/*.path
2026-10-06T22:11:14.2805136Z /github/runner_temp/git-credentials-26a3131b-5779-4a34-b311-73293121279c.config
2026-10-06T22:11:14.2809997Z [command]/usr/bin/git config --local --unset includeif.gitdir:/github/workspace/.git/worktrees/*.path /github/runner_temp/git-credentials-26a3131b-5779-4a34-b311-73293121279c.config
2026-10-06T22:11:14.2834384Z [command]/usr/bin/git submodule foreach --recursive git config --local --show-origin --name-only --get-regexp remote.origin.url
2026-10-06T22:11:14.2981426Z Removing credentials config '/home/runner/work/_temp/git-credentials-26a3131b-5779-4a34-b311-73293121279c.config'
2026-10-06T22:11:14.2990916Z ##[endgroup]
2026-10-06T22:11:14.3156317Z ##[group]Run pnpm/action-setup@fc06bc1257f339d1d5d8b3a19a8cae5388b55320
2026-10-06T22:11:14.3156605Z with:
2026-10-06T22:11:14.3156756Z   version: 12.6.0
2026-10-06T22:11:14.3156912Z   run_install: false
2026-10-06T22:11:14.3157077Z   dest: ~/setup-pnpm
2026-10-06T22:11:14.3157233Z   cache: false
2026-10-06T22:11:14.3157407Z   cache_dependency_path: pnpm-lock.yaml
2026-10-06T22:11:14.3157620Z   package_json_file: package.json
2026-10-06T22:11:14.3157804Z   standalone: false
2026-10-06T22:11:14.3157971Z env:
2026-10-06T22:11:14.3158240Z   SVELTERY_PACKAGE_ARTIFACTS: /home/runner/work/base/base/.checks/npm-package/artifacts.json
2026-10-06T22:11:14.3158555Z ##[endgroup]
2026-10-06T22:11:14.4145021Z ##[group]Running self-installer...
2026-10-06T22:11:14.7036592Z (node:2188) [DEP0169] DeprecationWarning: `url.parse()` behavior is not standardized and prone to errors that have security implications. Use the WHATWG URL API instead. CVEs are not issued for `url.parse()` vulnerabilities.
2026-10-06T22:11:14.7037646Z (Use `node --trace-deprecation ...` to show where the warning was created)
2026-10-06T22:11:14.8651293Z Progress: resolved 1, reused 0, downloaded 0, added 0
2026-10-06T22:11:14.9981553Z Packages: +3
2026-10-06T22:11:14.9982324Z +++
2026-10-06T22:11:15.6705191Z Progress: resolved 15, reused 0, downloaded 3, added 3, done
2026-10-06T22:11:15.6826425Z .../.pnpm/pnpm@12.6.0/node_modules/pnpm preinstall$ node install.js
2026-10-06T22:11:18.4139263Z .../.pnpm/pnpm@12.6.0/node_modules/pnpm preinstall: Done
2026-10-06T22:11:18.4142897Z .../.pnpm/pnpm@12.6.0/node_modules/pnpm postinstall$ node install.js
2026-10-06T22:11:18.4446993Z .../.pnpm/pnpm@12.6.0/node_modules/pnpm postinstall: Done
2026-10-06T22:11:19.5893635Z 
2026-10-06T22:11:19.5894213Z dependencies:
2026-10-06T22:11:19.5894440Z + pnpm 12.6.0 (12.9.1 is available)
2026-10-06T22:11:19.5894578Z 
2026-10-06T22:11:19.5916843Z Done in 5s
2026-10-06T22:11:19.6108537Z ##[endgroup]
2026-10-06T22:11:19.6109126Z Installation Completed!
2026-10-06T22:11:19.6236077Z ##[group]Run actions/setup-node@249970729cb0ef3589644e2896645e5dc5ba9c38
2026-10-06T22:11:19.6236362Z with:
2026-10-06T22:11:19.6236518Z   node-version: 24
2026-10-06T22:11:19.6236689Z   package-manager-cache: false
2026-10-06T22:11:19.6236880Z   check-latest: false
2026-10-06T22:11:19.6238747Z   token: ***
2026-10-06T22:11:19.6238896Z env:
2026-10-06T22:11:19.6239170Z   SVELTERY_PACKAGE_ARTIFACTS: /home/runner/work/base/base/.checks/npm-package/artifacts.json
2026-10-06T22:11:19.6239520Z   PNPM_HOME: /home/runner/setup-pnpm/node_modules/.bin
2026-10-06T22:11:19.6239724Z ##[endgroup]
2026-10-06T22:11:19.7548990Z Found in cache @ /opt/hostedtoolcache/node/24.21.0/x64
2026-10-06T22:11:19.7550439Z ##[group]Environment details
2026-10-06T22:11:23.3987933Z node: v24.21.0
2026-10-06T22:11:23.3988422Z npm: 11.19.0
2026-10-06T22:11:23.3988689Z yarn: 1.22.22
2026-10-06T22:11:23.3989180Z ##[endgroup]
2026-10-06T22:11:23.4085746Z ##[group]Run bash scripts/bootstrap.sh
2026-10-06T22:11:23.4086054Z [36;1mbash scripts/bootstrap.sh[0m
2026-10-06T22:11:23.4305757Z shell: /usr/bin/bash -e {0}
2026-10-06T22:11:23.4305969Z env:
2026-10-06T22:11:23.4306244Z   SVELTERY_PACKAGE_ARTIFACTS: /home/runner/work/base/base/.checks/npm-package/artifacts.json
2026-10-06T22:11:23.4306583Z   PNPM_HOME: /home/runner/setup-pnpm/node_modules/.bin
2026-10-06T22:11:23.4306789Z ##[endgroup]
2026-10-06T22:11:23.5222568Z Scope: all 4 workspace projects
2026-10-06T22:11:23.5342257Z ? Verifying lockfile against supply-chain policies (344 entries)...
2026-10-06T22:11:23.8966536Z Packages are hard linked from the content-addressable store to the virtual store.
2026-10-06T22:11:23.8967096Z   Content-addressable store is at: /home/runner/setup-pnpm/node_modules/.bin/store/v11
2026-10-06T22:11:23.8967593Z   Virtual store is at:             node_modules/.pnpm
2026-10-06T22:11:24.8267823Z Downloading @rolldown/binding-linux-x64-gnu@1.2.11: 0.00 B/7.94 MB
2026-10-06T22:11:25.7317561Z ✓ Lockfile passes supply-chain policies (344 entries in 2.2s)
2026-10-06T22:11:25.7318088Z Lockfile is up to date, resolution step is skipped
2026-10-06T22:11:25.7365095Z Packages: +322
2026-10-06T22:11:25.7365625Z ++++++++++++++++++++++++++++++++++++++++++++++++++++++++++++++++++++++++++++++++
2026-10-06T22:11:25.7585833Z Progress: resolved 322, reused 0, downloaded 319, added 322, done
2026-10-06T22:11:26.0922570Z packages/base prepare$ svelte-kit sync
2026-10-06T22:11:27.0865479Z packages/base prepare: Done
2026-10-06T22:11:27.0881789Z apps/fixtures prepare$ svelte-kit sync
2026-10-06T22:11:28.0372332Z apps/fixtures prepare: Done
2026-10-06T22:11:28.0379887Z 
2026-10-06T22:11:28.0380351Z devDependencies:
2026-10-06T22:11:28.0380727Z + @arethetypeswrong/cli 0.18.5
2026-10-06T22:11:28.0381120Z + @arethetypeswrong/core 0.18.5
2026-10-06T22:11:28.0381382Z + @eslint/js 10.0.1
2026-10-06T22:11:28.0381603Z + @playwright/test 1.63.0
2026-10-06T22:11:28.0381866Z + eslint 10.11.0
2026-10-06T22:11:28.0382152Z + eslint-config-prettier 10.1.8
2026-10-06T22:11:28.0382423Z + eslint-plugin-svelte 3.23.0
2026-10-06T22:11:28.0382650Z + globals 17.12.0
2026-10-06T22:11:28.0382840Z + prettier 3.9.9
2026-10-06T22:11:28.0383064Z + prettier-plugin-svelte 4.1.1
2026-10-06T22:11:28.0383454Z + publint 0.3.25
2026-10-06T22:11:28.0383630Z + svelte 5.57.1
2026-10-06T22:11:28.0384110Z + typescript 6.0.3
2026-10-06T22:11:28.0384343Z + typescript-eslint 8.71.0
2026-10-06T22:11:28.0384480Z 
2026-10-06T22:11:28.0487968Z Done in 4.5s using pnpm v12.6.0
2026-10-06T22:11:28.0766757Z $ pnpm --recursive --filter './packages/*' --sort --workspace-concurrency 1 --if-present run prepack
2026-10-06T22:11:28.0888600Z Scope: 2 of 4 workspace projects
2026-10-06T22:11:28.3529480Z $ pnpm run build && publint --strict
2026-10-06T22:11:28.3674863Z $ svelte-package
2026-10-06T22:11:29.8256851Z src/lib -> dist
2026-10-06T22:11:29.8919126Z Running [1mpublint v0.3.25[22m for [1m@sveltery/utils[22m...
2026-10-06T22:11:29.8960254Z Packing files with `pnpm pack`...
2026-10-06T22:11:29.9597739Z Linting...
2026-10-06T22:11:29.9753070Z [1m[32mAll good![39m[22m
2026-10-06T22:11:29.9788713Z $ svelte-kit sync && svelte-package && publint --strict
2026-10-06T22:11:38.7831551Z src/lib -> dist
2026-10-06T22:11:38.8936100Z Running [1mpublint v0.3.25[22m for [1m@sveltery/base[22m...
2026-10-06T22:11:38.8974641Z Packing files with `pnpm pack`...
2026-10-06T22:11:38.9594489Z Linting...
2026-10-06T22:11:39.0366857Z [1m[32mAll good![39m[22m
2026-10-06T22:11:39.0481023Z ##[group]Run node --test --test-concurrency=1 scripts/tests/*.test.mjs
2026-10-06T22:11:39.0481492Z [36;1mnode --test --test-concurrency=1 scripts/tests/*.test.mjs[0m
2026-10-06T22:11:39.0515487Z shell: /usr/bin/bash -e {0}
2026-10-06T22:11:39.0515699Z env:
2026-10-06T22:11:39.0515975Z   SVELTERY_PACKAGE_ARTIFACTS: /home/runner/work/base/base/.checks/npm-package/artifacts.json
2026-10-06T22:11:39.0516316Z   PNPM_HOME: /home/runner/setup-pnpm/node_modules/.bin
2026-10-06T22:11:39.0516522Z ##[endgroup]
2026-10-06T22:11:39.1276151Z ✔ Accordion trace preserves ordinary, parameterized, Activity, helper and type scopes (5.704672ms)
2026-10-06T22:11:39.6043396Z ✔ I:9 React reference missing context retains exact upstream message (71.99679ms)
2026-10-06T22:11:39.6049477Z ✔ H:8 React reference missing context retains exact upstream message (8.691738ms)
2026-10-06T22:11:40.0798337Z ✔ React reference nested replacement Items sharing a host publish index zero independently (124.00432ms)
2026-10-06T22:11:40.4231034Z ✔ private anchor foundation keeps immutable source/assertions and zero deferred ordinary credit (2.702766ms)
2026-10-06T22:11:40.4278060Z ✔ selected root-store bridge preserves reference ownership and delegates one DOM driver (178.970861ms)
2026-10-06T22:11:40.9573005Z ✔ private native and actual React anchor policies SSR without browser measurements (487.494073ms)
2026-10-06T22:11:41.5504183Z ✔ Avatar preserves immutable source bytes and separates ordinary, conformance, types and supplements (556.366308ms)
2026-10-06T22:11:43.3123096Z ✔ Avatar paired SSR keepMounted=false runs without browser globals (851.186389ms)
2026-10-06T22:11:43.3127971Z ✔ Avatar paired SSR keepMounted=true runs without browser globals (876.527028ms)
2026-10-06T22:11:43.5456090Z ✔ Button ports retain complete direct declarations and selected non-composite support assertions (3.435486ms)
2026-10-06T22:11:43.5457739Z ✔ Button graph retains the original source pin and hashes the actual canonical closure (191.841312ms)
2026-10-06T22:11:43.5980931Z ✔ maintained catalog keeps every pinned module and distinguishes actual native API presence from acceptance or retirement (14.384697ms)
2026-10-06T22:11:43.6365839Z ✔ Collapsible ledger preserves exact ordinary inventory and portable versus Activity scope (5.608146ms)
2026-10-06T22:11:45.3282891Z ✔ P:799 paired exact-pin React/Svelte SSR initial keyframe suppression (817.186132ms)
2026-10-06T22:11:45.3283682Z ✔ P:830 paired exact-pin React/Svelte SSR initial keyframe suppression (840.446968ms)
2026-10-06T22:11:45.3665416Z ✔ CSP source ledger retains the pin, original dependent assertions and zero ordinary credit (2.277426ms)
2026-10-06T22:11:46.1209732Z ✔ CSPProvider SSR without browser globals preserves wrapperless context defaults and shadowing in both frameworks (721.448407ms)
2026-10-06T22:11:46.7612001Z ✔ pinned canceled openWithPayload and ordinary close/unmount retain the payload write (282.541588ms)
2026-10-06T22:11:46.8831647Z ✔ pinned forceUnmount while logically open remounts without changing the logical open state (134.311889ms)
2026-10-06T22:11:47.0205699Z ✔ pinned external controlled opening prefers the previously focused external button (139.189855ms)
2026-10-06T22:11:47.0947225Z ✔ pinned completion characterization with renderer StrictMode=false (73.914914ms)
2026-10-06T22:11:47.1658006Z ✔ pinned completion characterization with renderer StrictMode=true (72.535352ms)
2026-10-06T22:11:47.1728686Z ✔ D:230 actual pinned JSDOM detached production payload warning body (6.166841ms)
2026-10-06T22:11:47.4249893Z ✔ pinned reopened nonmodal Root accepts a press-less virtual outside click (243.682401ms)
2026-10-06T22:11:47.5394541Z ✔ pinned external owner-control button.click also emits a virtual outside press (121.285213ms)
2026-10-06T22:11:47.6592227Z ✔ pinned close with Popup absent retains mounted state without a completion (120.530517ms)
2026-10-06T22:11:47.7853331Z ✔ pinned close with Popup remove-on-close retains mounted state without a completion (119.202303ms)
2026-10-06T22:11:47.8386812Z ✔ pinned Backdrop forwards exactly the open and transitionStatus state keys (66.965287ms)
2026-10-06T22:11:48.6223468Z ✔ SSR roots and successive requests isolate defaultOpen and generated relationships (732.552839ms)
2026-10-06T22:11:48.6638313Z ✔ DirectionProvider keeps both pinned ordinary predicates separate from the callable-reader API adaptation (1.967209ms)
2026-10-06T22:11:48.8777572Z ✔ docs API matches actual local types and all public parts (31.553605ms)
2026-10-06T22:11:48.8782067Z ✔ Dialog docs extracts complete TypeScript from valid quoted Svelte generic attributes (0.147424ms)
2026-10-06T22:11:48.8783139Z ✔ docs metadata, navigation links and fragment targets are valid (0.292014ms)
2026-10-06T22:11:48.8784179Z ✔ Accordion docs API matches all five local part declarations (2.700971ms)
2026-10-06T22:11:49.0890882Z ✔ Input accepted reset limitation keeps its narrow decision, negative assertions and zero credit visible (3.644375ms)
2026-10-06T22:11:49.0892331Z ✔ Input source bytes and fifteen separate helper mappings retain zero ordinary declaration credit (40.818647ms)
2026-10-06T22:11:49.0900500Z ✔ Input supplemental native reset and real remote evidence cannot silently claim Field conformance (0.359881ms)
2026-10-06T22:11:49.0906776Z ✔ Input timing characterization preserves hashed raw phase observations and the explicit native decision (0.855162ms)
2026-10-06T22:11:49.0907976Z ✔ Current Input native-default source suites retain historical assertions without active failure waivers (0.368197ms)
2026-10-06T22:11:49.1360992Z ✔ Kit compatibility patch changes only submit cancellation and the reset task boundary at the exact pinned source (4.747058ms)
2026-10-06T22:11:49.1391547Z ✔ Kit compatibility patch and license ship as optional artifacts without a runtime Kit dependency (1.346661ms)
2026-10-06T22:11:49.1393675Z ✔ unpatched witness removes only this SDK patch and keeps unrelated patches and resolutions (1.731633ms)
2026-10-06T22:11:49.7262685Z ✔ complete original Menu family runtime and test/helper archives preserve the immutable pin (20.899231ms)
2026-10-06T22:11:49.7264213Z ✔ current Menu family reachability resolves actual native counterparts while preserving historical provenance without new acceptance credit (522.346877ms)
2026-10-06T22:11:49.7271865Z ✔ Original assertion declarations and conformance stay independently uncredited (3.259518ms)
2026-10-06T22:11:49.7909188Z ✔ Meter preserves 22 ordinary declarations, four parameterized variants and separate full conformance (4.928068ms)
2026-10-06T22:11:50.4222850Z ✔ native rendering retirement preserves every exact predecessor body and Source declaration scope (4.834905ms)
2026-10-06T22:11:50.4225585Z ✔ live public native rendering excludes the retired root/subpath API and keeps real secured acceptance (0.358505ms)
2026-10-06T22:11:50.4226374Z ✔ actual current native Source import graph and retirement exclusions remain coherent (588.268484ms)
2026-10-06T22:11:50.6152568Z ✔ owned navigation API snapshot derives all actual eight exported components and types (13.411175ms)
2026-10-06T22:11:50.6155640Z ✔ current navigation reachability and explicit native counterparts preserve exact current bytes without historical acceptance credit (21.924446ms)
2026-10-06T22:11:50.6156811Z ✔ navigation source graph resolves original index.parts and preserves immutable declaration accounting (2.240764ms)
2026-10-06T22:11:50.9476985Z {"phase":"initial offline install","stdout":"Progress: resolved 1, reused 0, downloaded 0, added 0\nPackages are hard linked from the content-addressable store to the virtual store.\n  Content-addressable store is at: /home/runner/setup-pnpm/node_modules/.bin/store/v11\n  Virtual store is at:             node_modules/.pnpm\nPackages: +2\n++\nProgress: resolved 2, reused 0, downloaded 2, added 2, done\n\ndependencies:\n+ @test/base 0.0.0\n+ @test/utils 0.0.0\n\nDone in 12ms using pnpm v12.6.0"}
2026-10-06T22:11:51.0272038Z {"phase":"frozen offline reinstall","stdout":"✓ Lockfile passes supply-chain policies (verified 81ms ago)\nLockfile is up to date, resolution step is skipped\nDone in 7ms using pnpm v12.6.0"}
2026-10-06T22:11:51.1269246Z lockfileVersion: '9.0'
2026-10-06T22:11:51.1269541Z 
2026-10-06T22:11:51.1269653Z settings:
2026-10-06T22:11:51.1269891Z   autoInstallPeers: true
2026-10-06T22:11:51.1270199Z   excludeLinksFromLockfile: false
2026-10-06T22:11:51.1270386Z 
2026-10-06T22:11:51.1270489Z overrides:
2026-10-06T22:11:51.1270891Z   '@test/base': file:/tmp/sveltery-artifacts-test.iADphk/consumer/test-base-0.0.0.tgz
2026-10-06T22:11:51.1271537Z   '@test/utils': file:/tmp/sveltery-artifacts-test.iADphk/consumer/.workspace-artifacts/test-utils-0.0.0.tgz
2026-10-06T22:11:51.1271890Z 
2026-10-06T22:11:51.1271960Z importers:
2026-10-06T22:11:51.1272063Z 
2026-10-06T22:11:51.1272125Z   .:
2026-10-06T22:11:51.1272309Z     dependencies:
2026-10-06T22:11:51.1272496Z       '@test/base':
2026-10-06T22:11:51.1272826Z         specifier: file:/tmp/sveltery-artifacts-test.iADphk/consumer/test-base-0.0.0.tgz
2026-10-06T22:11:51.1273183Z         version: file:test-base-0.0.0.tgz
2026-10-06T22:11:51.1273403Z       '@test/utils':
2026-10-06T22:11:51.1273996Z         specifier: file:/tmp/sveltery-artifacts-test.iADphk/consumer/.workspace-artifacts/test-utils-0.0.0.tgz
2026-10-06T22:11:51.1274476Z         version: file:.workspace-artifacts/test-utils-0.0.0.tgz
2026-10-06T22:11:51.1274655Z 
2026-10-06T22:11:51.1274744Z packages:
2026-10-06T22:11:51.1274843Z 
2026-10-06T22:11:51.1274947Z   '@test/base@file:test-base-0.0.0.tgz':
2026-10-06T22:11:51.1275536Z     resolution: {integrity: sha512-tEORoHWWMWM296nwzOo8SvfwdMA9JV1Y5wTHlemINXZVL6s4Hp7TEpxnnBkOWawHZz1kb/xl8bXjIO6xMyqVbg==, tarball: file:test-base-0.0.0.tgz}
2026-10-06T22:11:51.1276084Z     version: 0.0.0
2026-10-06T22:11:51.1276181Z 
2026-10-06T22:11:51.1276343Z   '@test/utils@file:.workspace-artifacts/test-utils-0.0.0.tgz':
2026-10-06T22:11:51.1277000Z     resolution: {integrity: sha512-gFILEoKa7jvgk8A7899+ADZ/JJz0FWBfcLmj0Z2/bzK0ACfp0ddTUzpfx/pvOhrL+33tEtJIudpKhcKU/Udc1g==, tarball: file:.workspace-artifacts/test-utils-0.0.0.tgz}
2026-10-06T22:11:51.1277531Z     version: 0.0.0
2026-10-06T22:11:51.1277642Z 
2026-10-06T22:11:51.1277727Z snapshots:
2026-10-06T22:11:51.1277814Z 
2026-10-06T22:11:51.1277925Z   '@test/base@file:test-base-0.0.0.tgz':
2026-10-06T22:11:51.1278145Z     dependencies:
2026-10-06T22:11:51.1278399Z       '@test/utils': file:.workspace-artifacts/test-utils-0.0.0.tgz
2026-10-06T22:11:51.1278593Z 
2026-10-06T22:11:51.1278744Z   '@test/utils@file:.workspace-artifacts/test-utils-0.0.0.tgz': {}
2026-10-06T22:11:51.1278947Z 
2026-10-06T22:11:51.1280601Z {"artifacts":{"schema":1,"packages":{"@test/utils":{"version":"0.0.0","directory":"../../../../../tmp/sveltery-artifacts-test.iADphk/utils","tarball":"test-utils-0.0.0.tgz","sha256":"af4897b0637f3aba7e5a6385e55cf811a558b00c3f150f3529e99188fae7fcb3","dependencies":[]},"@test/base":{"version":"0.0.0","directory":"../../../../../tmp/sveltery-artifacts-test.iADphk/base","tarball":"test-base-0.0.0.tgz","sha256":"083879cc972cae2e07ceab61003c87259fe9e0233b9693ad1cd737e8a008dd3d","dependencies":["@test/utils"]}}},"probe":"Base and the direct dependency resolve the same packed Utils module."}
2026-10-06T22:11:51.2108912Z ✔ reuses the exact Base archive and prepares its local Utils dependency without changing consumer peers (114.321896ms)
2026-10-06T22:11:51.2117696Z ✔ installs the real archive closure offline and preserves the same transitive Utils through a frozen reinstall (355.783948ms)
2026-10-06T22:11:51.2118370Z ✔ fails closed when an artifact changes after packing or a requested package is absent (79.948172ms)
2026-10-06T22:11:51.3843503Z ✔ extracts multiline conditional names and keeps their declaration lines (5.639628ms)
2026-10-06T22:11:51.3846479Z ✔ counts existing template declarations once and excludes parameterized factories (0.985645ms)
2026-10-06T22:11:51.3847400Z ✔ preserves verification metadata, marks added declarations unported, and rejects lost cases (0.402532ms)
2026-10-06T22:11:51.3854608Z ✔ locates the exact pinned type assertion and rejects missing assertions (1.353752ms)
2026-10-06T22:11:51.3855291Z ✔ explicit dynamic declaration inventory counts the orientation source site once (1.255848ms)
2026-10-06T22:11:51.3869325Z ✔ credited Dialog leaves retain immutable assertions, real fixtures and browser evidence (3.968716ms)
2026-10-06T22:11:51.3870292Z ✔ documented aggregate credit agrees with the shared manifest and overlapping Dialog trace (2.539554ms)
2026-10-06T22:11:51.3870967Z ✔ state ports retain complete source assertions and all fixture variants without crediting supplements (3.181543ms)
2026-10-06T22:11:51.4296416Z ✔ Progress keeps immutable 20 ordinary declarations, 7 parameterized variants and separate conformance (3.819754ms)
2026-10-06T22:11:51.4964403Z ✔ remote names canonicalize actual numeric issue paths without changing native names (1.261479ms)
2026-10-06T22:11:51.4965681Z ✔ public Kit path grammar rejects malformed and protected dynamic paths (0.428831ms)
2026-10-06T22:11:51.4972453Z ✔ actual schema method-name fields and similar protected spellings remain resolvable (0.191384ms)
2026-10-06T22:11:51.6935294Z ✔ Separator immutable source bytes, two ordinary declarations and fifteen separate helper records remain traceable (42.241442ms)
2026-10-06T22:11:52.4207614Z ✔ actual Toast core runs all 25 unchanged full bodies and both metadata helpers (94.029526ms)
2026-10-06T22:11:52.4208738Z ✔ actual public manager retains the entire data spec and all expected errors (0.190116ms)
2026-10-06T22:11:52.4209753Z ✔ core and public entry imports are SSR-safe and isolated without browser globals (474.395745ms)
2026-10-06T22:11:52.4713143Z ✔ Portal helper evidence retains immutable invocation/hashes without ordinary leaf credit (4.634127ms)
2026-10-06T22:11:52.7172402Z ✔ Toast provenance placeholders stay immutable and parameterized swipe variants remain explicit (1.054627ms)
2026-10-06T22:11:52.7174228Z ✔ every reference prerequisite retains the complete source body, assertions and metadata helpers (91.590933ms)
2026-10-06T22:11:52.7175377Z ✔ complete manager data type prerequisite retains every positive and negative assertion (0.20928ms)
2026-10-06T22:11:52.7741594Z ✔ rendering evidence preserves complete pinned provenance without crediting supplements (3.896322ms)
2026-10-06T22:11:52.7742689Z ✔ the context manager retains the full pinned data type spec with only its import adaptation (0.163005ms)
2026-10-06T22:11:52.7743427Z ✔ shared Toast credit includes only the thirteen complete hosted paired declarations (1.25769ms)
2026-10-06T22:11:52.8116069Z ✔ Toggle ledger preserves five complete standalone ports and two deferred group declarations (1.868849ms)
2026-10-06T22:11:53.2745576Z ✔ standalone Toggle renders SSR state and strips form/type/value without browser globals (429.251352ms)
2026-10-06T22:11:53.5562886Z ✔ matching pnpm builds native packages after the frozen bootstrap install (52.918796ms)
2026-10-06T22:11:53.5564625Z ✔ replaces default pnpm 11 for direct and nested package-script commands (51.026572ms)
2026-10-06T22:11:53.5571688Z ✔ Corepack fallback builds native packages after the frozen bootstrap install (48.929144ms)
2026-10-06T22:11:53.5572453Z ✔ rejects mismatched pnpm without Corepack before running commands (44.136651ms)
2026-10-06T22:11:53.5573065Z ✔ rejects a fallback that fails to select the pinned version (49.919873ms)
2026-10-06T22:11:53.5624663Z ℹ tests 86
2026-10-06T22:11:53.5624969Z ℹ suites 0
2026-10-06T22:11:53.5625140Z ℹ pass 86
2026-10-06T22:11:53.5625289Z ℹ fail 0
2026-10-06T22:11:53.5625521Z ℹ cancelled 0
2026-10-06T22:11:53.5625755Z ℹ skipped 0
2026-10-06T22:11:53.5626245Z ℹ todo 0
2026-10-06T22:11:53.5626465Z ℹ duration_ms 14483.554147
2026-10-06T22:11:53.5703038Z ##[group]Run bash scripts/prepare-package-artifacts.sh
2026-10-06T22:11:53.5703481Z [36;1mbash scripts/prepare-package-artifacts.sh[0m
2026-10-06T22:11:53.5704475Z [36;1mecho "SVELTERY_WORKSPACE_READY=1" >> "$GITHUB_ENV"[0m
2026-10-06T22:11:53.5748755Z shell: /usr/bin/bash -e {0}
2026-10-06T22:11:53.5749034Z env:
2026-10-06T22:11:53.5749427Z   SVELTERY_PACKAGE_ARTIFACTS: /home/runner/work/base/base/.checks/npm-package/artifacts.json
2026-10-06T22:11:53.5749936Z   PNPM_HOME: /home/runner/setup-pnpm/node_modules/.bin
2026-10-06T22:11:53.5750241Z ##[endgroup]
2026-10-06T22:11:53.6759540Z packages/utils prepack$ pnpm run build && publint --strict
2026-10-06T22:11:53.6881981Z packages/utils prepack: $ svelte-package
2026-10-06T22:11:55.0413060Z packages/utils prepack: src/lib -> dist
2026-10-06T22:11:55.1069470Z packages/utils prepack: Running [1mpublint v0.3.25[22m for [1m@sveltery/utils[22m...
2026-10-06T22:11:55.1112815Z packages/utils prepack: Packing files with `pnpm pack`...
2026-10-06T22:11:55.1321711Z packages/utils prepack: Linting...
2026-10-06T22:11:55.1454749Z packages/utils prepack: [1m[32mAll good![39m[22m
2026-10-06T22:11:55.1486943Z packages/utils prepack: Done
2026-10-06T22:11:55.1515656Z packages/base prepack$ svelte-kit sync && svelte-package && publint --strict
2026-10-06T22:12:03.4862547Z packages/base prepack: src/lib -> dist
2026-10-06T22:12:03.5866250Z packages/base prepack: Running [1mpublint v0.3.25[22m for [1m@sveltery/base[22m...
2026-10-06T22:12:03.5909554Z packages/base prepack: Packing files with `pnpm pack`...
2026-10-06T22:12:03.6417293Z packages/base prepack: Linting...
2026-10-06T22:12:03.7236340Z packages/base prepack: [1m[32mAll good![39m[22m
2026-10-06T22:12:03.7277403Z packages/base prepack: Done
2026-10-06T22:12:03.7277779Z packages/base prepare$ svelte-kit sync
2026-10-06T22:12:04.2621840Z packages/base prepare: Done
2026-10-06T22:12:04.2921640Z package: @sveltery/utils@0.0.0
2026-10-06T22:12:04.2922325Z Tarball Contents
2026-10-06T22:12:04.2922689Z dist/addEventListener.d.ts
2026-10-06T22:12:04.2923028Z dist/addEventListener.js
2026-10-06T22:12:04.2923402Z dist/areArraysEqual.d.ts
2026-10-06T22:12:04.2923857Z dist/areArraysEqual.js
2026-10-06T22:12:04.2924136Z dist/clamp.d.ts
2026-10-06T22:12:04.2924429Z dist/clamp.js
2026-10-06T22:12:04.2924759Z dist/Controlled.svelte.d.ts
2026-10-06T22:12:04.2925128Z dist/Controlled.svelte.js
2026-10-06T22:12:04.2925418Z dist/createLogOnce.d.ts
2026-10-06T22:12:04.2925738Z dist/createLogOnce.js
2026-10-06T22:12:04.2926263Z dist/empty.d.ts
2026-10-06T22:12:04.2926690Z dist/empty.js
2026-10-06T22:12:04.2926905Z dist/error.d.ts
2026-10-06T22:12:04.2927129Z dist/error.js
2026-10-06T22:12:04.2927350Z dist/formatNumber.d.ts
2026-10-06T22:12:04.2927598Z dist/formatNumber.js
2026-10-06T22:12:04.2927868Z dist/getDefaultFormSubmitter.d.ts
2026-10-06T22:12:04.2928201Z dist/getDefaultFormSubmitter.js
2026-10-06T22:12:04.2928538Z dist/isElementDisabled.d.ts
2026-10-06T22:12:04.2928832Z dist/isElementDisabled.js
2026-10-06T22:12:04.2929105Z dist/mergeCleanups.d.ts
2026-10-06T22:12:04.2929360Z dist/mergeCleanups.js
2026-10-06T22:12:04.2929607Z dist/mergeObjects.d.ts
2026-10-06T22:12:04.2929857Z dist/mergeObjects.js
2026-10-06T22:12:04.2930108Z dist/owner.d.ts
2026-10-06T22:12:04.2930319Z dist/owner.js
2026-10-06T22:12:04.2930528Z dist/platform/engine.d.ts
2026-10-06T22:12:04.2930764Z dist/platform/engine.js
2026-10-06T22:12:04.2930982Z dist/platform/env.d.ts
2026-10-06T22:12:04.2931247Z dist/platform/env.js
2026-10-06T22:12:04.2931476Z dist/platform/index.d.ts
2026-10-06T22:12:04.2931724Z dist/platform/index.js
2026-10-06T22:12:04.2932060Z dist/platform/media-query.d.ts
2026-10-06T22:12:04.2932358Z dist/platform/media-query.js
2026-10-06T22:12:04.2932636Z dist/platform/os.d.ts
2026-10-06T22:12:04.2932914Z dist/platform/os.js
2026-10-06T22:12:04.2933144Z dist/platform/parts.d.ts
2026-10-06T22:12:04.2933396Z dist/platform/parts.js
2026-10-06T22:12:04.2934081Z dist/platform/screen-reader.d.ts
2026-10-06T22:12:04.2934491Z dist/platform/screen-reader.js
2026-10-06T22:12:04.2934679Z dist/platform/shared.d.ts
2026-10-06T22:12:04.2934850Z dist/platform/shared.js
2026-10-06T22:12:04.2935036Z dist/PreviousValue.svelte.d.ts
2026-10-06T22:12:04.2935262Z dist/PreviousValue.svelte.js
2026-10-06T22:12:04.2935457Z dist/shadowDom.d.ts
2026-10-06T22:12:04.2935608Z dist/shadowDom.js
2026-10-06T22:12:04.2935760Z dist/store/index.d.ts
2026-10-06T22:12:04.2935912Z dist/store/index.js
2026-10-06T22:12:04.2936072Z dist/store/Store.svelte.d.ts
2026-10-06T22:12:04.2936250Z dist/store/Store.svelte.js
2026-10-06T22:12:04.2936448Z dist/store/SvelteStore.svelte.d.ts
2026-10-06T22:12:04.2936656Z dist/store/SvelteStore.svelte.js
2026-10-06T22:12:04.2936838Z dist/stringifyLocale.d.ts
2026-10-06T22:12:04.2937007Z dist/stringifyLocale.js
2026-10-06T22:12:04.2937178Z dist/useAnimationFrame.d.ts
2026-10-06T22:12:04.2937352Z dist/useAnimationFrame.js
2026-10-06T22:12:04.2937556Z dist/useEnhancedClickHandler.d.ts
2026-10-06T22:12:04.2937776Z dist/useEnhancedClickHandler.js
2026-10-06T22:12:04.2937948Z dist/useId.d.ts
2026-10-06T22:12:04.2938089Z dist/useId.js
2026-10-06T22:12:04.2938260Z dist/useScrollLock.svelte.d.ts
2026-10-06T22:12:04.2938442Z dist/useScrollLock.svelte.js
2026-10-06T22:12:04.2938710Z dist/useTimeout.d.ts
2026-10-06T22:12:04.2938893Z dist/useTimeout.js
2026-10-06T22:12:04.2939054Z dist/visuallyHidden.d.ts
2026-10-06T22:12:04.2939221Z dist/visuallyHidden.js
2026-10-06T22:12:04.2939371Z dist/warn.d.ts
2026-10-06T22:12:04.2939504Z dist/warn.js
2026-10-06T22:12:04.2939656Z LICENSE
2026-10-06T22:12:04.2939786Z package.json
2026-10-06T22:12:04.2939920Z README.md
2026-10-06T22:12:04.2940066Z THIRD_PARTY_NOTICES.md
2026-10-06T22:12:04.2940215Z Tarball Details
2026-10-06T22:12:04.2940485Z /home/runner/work/base/base/.checks/npm-package/sveltery-utils-0.0.0.tgz
2026-10-06T22:12:04.2940701Z 
2026-10-06T22:12:04.2940789Z package: @sveltery/base@0.0.0
2026-10-06T22:12:04.2940958Z Tarball Contents
2026-10-06T22:12:04.2941119Z dist/accordion/context.d.ts
2026-10-06T22:12:04.2941328Z dist/accordion/context.js
2026-10-06T22:12:04.2941497Z dist/accordion/Header.svelte
2026-10-06T22:12:04.2941691Z dist/accordion/Header.svelte.d.ts
2026-10-06T22:12:04.2941875Z dist/accordion/index.d.ts
2026-10-06T22:12:04.2942041Z dist/accordion/index.js
2026-10-06T22:12:04.2942223Z dist/accordion/index.parts.d.ts
2026-10-06T22:12:04.2942409Z dist/accordion/index.parts.js
2026-10-06T22:12:04.2942588Z dist/accordion/Item.svelte
2026-10-06T22:12:04.2942770Z dist/accordion/Item.svelte.d.ts
2026-10-06T22:12:04.2942944Z dist/accordion/list.d.ts
2026-10-06T22:12:04.2943105Z dist/accordion/list.js
2026-10-06T22:12:04.2943261Z dist/accordion/Panel.svelte
2026-10-06T22:12:04.2943498Z dist/accordion/Panel.svelte.d.ts
2026-10-06T22:12:04.2943682Z dist/accordion/Root.svelte
2026-10-06T22:12:04.2944047Z dist/accordion/Root.svelte.d.ts
2026-10-06T22:12:04.2944235Z dist/accordion/state.d.ts
2026-10-06T22:12:04.2944407Z dist/accordion/state.js
2026-10-06T22:12:04.2944594Z dist/accordion/Trigger.svelte
2026-10-06T22:12:04.2944795Z dist/accordion/Trigger.svelte.d.ts
2026-10-06T22:12:04.2944985Z dist/accordion/types.d.ts
2026-10-06T22:12:04.2945154Z dist/accordion/types.js
2026-10-06T22:12:04.2945319Z dist/accordion/value.d.ts
2026-10-06T22:12:04.2945485Z dist/accordion/value.js
2026-10-06T22:12:04.2945659Z dist/avatar/context.d.ts
2026-10-06T22:12:04.2945824Z dist/avatar/context.js
2026-10-06T22:12:04.2945993Z dist/avatar/Fallback.svelte
2026-10-06T22:12:04.2946185Z dist/avatar/Fallback.svelte.d.ts
2026-10-06T22:12:04.2946370Z dist/avatar/Image.svelte
2026-10-06T22:12:04.2946544Z dist/avatar/Image.svelte.d.ts
2026-10-06T22:12:04.2946723Z dist/avatar/index.d.ts
2026-10-06T22:12:04.2946880Z dist/avatar/index.js
2026-10-06T22:12:04.2947048Z dist/avatar/index.parts.d.ts
2026-10-06T22:12:04.2947228Z dist/avatar/index.parts.js
2026-10-06T22:12:04.2947399Z dist/avatar/Root.svelte
2026-10-06T22:12:04.2947568Z dist/avatar/Root.svelte.d.ts
2026-10-06T22:12:04.2947888Z dist/avatar/stateAttributesMapping.d.ts
2026-10-06T22:12:04.2948232Z dist/avatar/stateAttributesMapping.js
2026-10-06T22:12:04.2948429Z dist/avatar/types.d.ts
2026-10-06T22:12:04.2948590Z dist/avatar/types.js
2026-10-06T22:12:04.2948798Z dist/avatar/useImageLoadingStatus.svelte.d.ts
2026-10-06T22:12:04.2949054Z dist/avatar/useImageLoadingStatus.svelte.js
2026-10-06T22:12:04.2949263Z dist/button/Button.svelte
2026-10-06T22:12:04.2949458Z dist/button/Button.svelte.d.ts
2026-10-06T22:12:04.2949631Z dist/button/index.d.ts
2026-10-06T22:12:04.2949788Z dist/button/index.js
2026-10-06T22:12:04.2949943Z dist/button/props.d.ts
2026-10-06T22:12:04.2950099Z dist/button/props.js
2026-10-06T22:12:04.2950254Z dist/button/types.d.ts
2026-10-06T22:12:04.2950406Z dist/button/types.js
2026-10-06T22:12:04.2950595Z dist/checkbox-group/CheckboxGroup.svelte
2026-10-06T22:12:04.2950836Z dist/checkbox-group/CheckboxGroup.svelte.d.ts
2026-10-06T22:12:04.2951081Z dist/checkbox-group/CheckboxGroupContext.d.ts
2026-10-06T22:12:04.2951323Z dist/checkbox-group/CheckboxGroupContext.js
2026-10-06T22:12:04.2951544Z dist/checkbox-group/index.d.ts
2026-10-06T22:12:04.2951721Z dist/checkbox-group/index.js
2026-10-06T22:12:04.2951913Z dist/checkbox-group/types.d.ts
2026-10-06T22:12:04.2952088Z dist/checkbox-group/types.js
2026-10-06T22:12:04.2952324Z dist/checkbox-group/useCheckboxGroupParent.svelte.d.ts
2026-10-06T22:12:04.2952612Z dist/checkbox-group/useCheckboxGroupParent.svelte.js
2026-10-06T22:12:04.2952837Z dist/checkbox/index.d.ts
2026-10-06T22:12:04.2953003Z dist/checkbox/index.js
2026-10-06T22:12:04.2953187Z dist/checkbox/index.parts.d.ts
2026-10-06T22:12:04.2953369Z dist/checkbox/index.parts.js
2026-10-06T22:12:04.2953588Z dist/checkbox/indicator/CheckboxIndicator.svelte
2026-10-06T22:12:04.2954018Z dist/checkbox/indicator/CheckboxIndicator.svelte.d.ts
2026-10-06T22:12:04.2954278Z dist/checkbox/root/CheckboxRoot.svelte
2026-10-06T22:12:04.2954508Z dist/checkbox/root/CheckboxRoot.svelte.d.ts
2026-10-06T22:12:04.2954758Z dist/checkbox/root/CheckboxRootContext.d.ts
2026-10-06T22:12:04.2954994Z dist/checkbox/root/CheckboxRootContext.js
2026-10-06T22:12:04.2955246Z dist/checkbox/root/CheckboxRootDataAttributes.d.ts
2026-10-06T22:12:04.2955506Z dist/checkbox/root/CheckboxRootDataAttributes.js
2026-10-06T22:12:04.2955718Z dist/checkbox/types.d.ts
2026-10-06T22:12:04.2955889Z dist/checkbox/types.js
2026-10-06T22:12:04.2956136Z dist/checkbox/utils/getCheckboxStateAttributesMapping.d.ts
2026-10-06T22:12:04.2956447Z dist/checkbox/utils/getCheckboxStateAttributesMapping.js
2026-10-06T22:12:04.2956725Z dist/checkbox/utils/useEnterSubmit.svelte.d.ts
2026-10-06T22:12:04.2956972Z dist/checkbox/utils/useEnterSubmit.svelte.js
2026-10-06T22:12:04.2957196Z dist/collapsible/animations.d.ts
2026-10-06T22:12:04.2957397Z dist/collapsible/animations.js
2026-10-06T22:12:04.2957590Z dist/collapsible/context.d.ts
2026-10-06T22:12:04.2957772Z dist/collapsible/context.js
2026-10-06T22:12:04.2957948Z dist/collapsible/index.d.ts
2026-10-06T22:12:04.2958128Z dist/collapsible/index.js
2026-10-06T22:12:04.2958318Z dist/collapsible/index.parts.d.ts
2026-10-06T22:12:04.2958517Z dist/collapsible/index.parts.js
2026-10-06T22:12:04.2958708Z dist/collapsible/Panel.svelte
2026-10-06T22:12:04.2958904Z dist/collapsible/Panel.svelte.d.ts
2026-10-06T22:12:04.2959092Z dist/collapsible/Root.svelte
2026-10-06T22:12:04.2959284Z dist/collapsible/Root.svelte.d.ts
2026-10-06T22:12:04.2959465Z dist/collapsible/state.d.ts
2026-10-06T22:12:04.2959638Z dist/collapsible/state.js
2026-10-06T22:12:04.2959820Z dist/collapsible/Trigger.svelte
2026-10-06T22:12:04.2960026Z dist/collapsible/Trigger.svelte.d.ts
2026-10-06T22:12:04.2960218Z dist/collapsible/types.d.ts
2026-10-06T22:12:04.2960392Z dist/collapsible/types.js
2026-10-06T22:12:04.2960560Z dist/context-menu/index.d.ts
2026-10-06T22:12:04.2960736Z dist/context-menu/index.js
2026-10-06T22:12:04.2960928Z dist/context-menu/index.parts.d.ts
2026-10-06T22:12:04.2961139Z dist/context-menu/index.parts.js
2026-10-06T22:12:04.2961413Z dist/context-menu/Root.svelte
2026-10-06T22:12:04.2961703Z dist/context-menu/Root.svelte.d.ts
2026-10-06T22:12:04.2961944Z dist/context-menu/root/ContextMenuRootContext.d.ts
2026-10-06T22:12:04.2962211Z dist/context-menu/root/ContextMenuRootContext.js
2026-10-06T22:12:04.2962443Z dist/context-menu/Trigger.svelte
2026-10-06T22:12:04.2962658Z dist/context-menu/Trigger.svelte.d.ts
2026-10-06T22:12:04.2962938Z dist/context-menu/trigger/createContextMenuTrigger.svelte.d.ts
2026-10-06T22:12:04.2963264Z dist/context-menu/trigger/createContextMenuTrigger.svelte.js
2026-10-06T22:12:04.2963511Z dist/context-menu/types.d.ts
2026-10-06T22:12:04.2963689Z dist/context-menu/types.js
2026-10-06T22:12:04.2964059Z dist/csp-provider/context.d.ts
2026-10-06T22:12:04.2964265Z dist/csp-provider/context.js
2026-10-06T22:12:04.2964469Z dist/csp-provider/CSPProvider.svelte
2026-10-06T22:12:04.2964737Z dist/csp-provider/CSPProvider.svelte.d.ts
2026-10-06T22:12:04.2965015Z dist/csp-provider/index.d.ts
2026-10-06T22:12:04.2965213Z dist/csp-provider/index.js
2026-10-06T22:12:04.2965401Z dist/csp-provider/types.d.ts
2026-10-06T22:12:04.2965586Z dist/csp-provider/types.js
2026-10-06T22:12:04.2965764Z dist/dialog/Backdrop.svelte
2026-10-06T22:12:04.2965962Z dist/dialog/Backdrop.svelte.d.ts
2026-10-06T22:12:04.2966152Z dist/dialog/Close.svelte
2026-10-06T22:12:04.2966328Z dist/dialog/Close.svelte.d.ts
2026-10-06T22:12:04.2966504Z dist/dialog/context.d.ts
2026-10-06T22:12:04.2966672Z dist/dialog/context.js
2026-10-06T22:12:04.2966852Z dist/dialog/Description.svelte
2026-10-06T22:12:04.2967052Z dist/dialog/Description.svelte.d.ts
2026-10-06T22:12:04.2967252Z dist/dialog/handle.svelte.d.ts
2026-10-06T22:12:04.2967444Z dist/dialog/handle.svelte.js
2026-10-06T22:12:04.2967613Z dist/dialog/index.d.ts
2026-10-06T22:12:04.2967772Z dist/dialog/index.js
2026-10-06T22:12:04.2967933Z dist/dialog/index.parts.d.ts
2026-10-06T22:12:04.2968111Z dist/dialog/index.parts.js
2026-10-06T22:12:04.2968286Z dist/dialog/Popup.svelte
2026-10-06T22:12:04.2968474Z dist/dialog/Popup.svelte.d.ts
2026-10-06T22:12:04.2968688Z dist/dialog/popup/DialogPopupCssVars.d.ts
2026-10-06T22:12:04.2968919Z dist/dialog/popup/DialogPopupCssVars.js
2026-10-06T22:12:04.2969167Z dist/dialog/popup/DialogPopupDataAttributes.d.ts
2026-10-06T22:12:04.2969425Z dist/dialog/popup/DialogPopupDataAttributes.js
2026-10-06T22:12:04.2969638Z dist/dialog/Portal.svelte
2026-10-06T22:12:04.2969834Z dist/dialog/Portal.svelte.d.ts
2026-10-06T22:12:04.2970013Z dist/dialog/Root.svelte
2026-10-06T22:12:04.2970187Z dist/dialog/Root.svelte.d.ts
2026-10-06T22:12:04.2970394Z dist/dialog/root/DialogInteractions.svelte
2026-10-06T22:12:04.2970641Z dist/dialog/root/DialogInteractions.svelte.d.ts
2026-10-06T22:12:04.2970901Z dist/dialog/root/useRenderDialogRoot.svelte.d.ts
2026-10-06T22:12:04.2971167Z dist/dialog/root/useRenderDialogRoot.svelte.js
2026-10-06T22:12:04.2971413Z dist/dialog/store/DialogHandle.svelte.d.ts
2026-10-06T22:12:04.2971639Z dist/dialog/store/DialogHandle.svelte.js
2026-10-06T22:12:04.2971864Z dist/dialog/store/DialogStore.svelte.d.ts
2026-10-06T22:12:04.2972089Z dist/dialog/store/DialogStore.svelte.js
2026-10-06T22:12:04.2972271Z dist/dialog/Title.svelte
2026-10-06T22:12:04.2972433Z dist/dialog/Title.svelte.d.ts
2026-10-06T22:12:04.2972599Z dist/dialog/Trigger.svelte
2026-10-06T22:12:04.2972772Z dist/dialog/Trigger.svelte.d.ts
2026-10-06T22:12:04.2972953Z dist/dialog/types.d.ts
2026-10-06T22:12:04.2973114Z dist/dialog/types.js
2026-10-06T22:12:04.2973314Z dist/dialog/utils/stateAttributesMapping.d.ts
2026-10-06T22:12:04.2973563Z dist/dialog/utils/stateAttributesMapping.js
2026-10-06T22:12:04.2973929Z dist/dialog/Viewport.svelte
2026-10-06T22:12:04.2974159Z dist/dialog/Viewport.svelte.d.ts
2026-10-06T22:12:04.2974379Z dist/direction-provider/context.d.ts
2026-10-06T22:12:04.2974598Z dist/direction-provider/context.js
2026-10-06T22:12:04.2974838Z dist/direction-provider/DirectionProvider.svelte
2026-10-06T22:12:04.2975117Z dist/direction-provider/DirectionProvider.svelte.d.ts
2026-10-06T22:12:04.2975463Z dist/direction-provider/index.d.ts
2026-10-06T22:12:04.2975750Z dist/direction-provider/index.js
2026-10-06T22:12:04.2975959Z dist/direction-provider/types.d.ts
2026-10-06T22:12:04.2976167Z dist/direction-provider/types.js
2026-10-06T22:12:04.2976360Z dist/field/Control.svelte
2026-10-06T22:12:04.2976549Z dist/field/Control.svelte.d.ts
2026-10-06T22:12:04.2976742Z dist/field/Description.svelte
2026-10-06T22:12:04.2976943Z dist/field/Description.svelte.d.ts
2026-10-06T22:12:04.2977131Z dist/field/Error.svelte
2026-10-06T22:12:04.2977303Z dist/field/Error.svelte.d.ts
2026-10-06T22:12:04.2977499Z dist/field/ErrorMessageList.svelte
2026-10-06T22:12:04.2977710Z dist/field/ErrorMessageList.svelte.d.ts
2026-10-06T22:12:04.2977910Z dist/field/index.d.ts
2026-10-06T22:12:04.2978069Z dist/field/index.js
2026-10-06T22:12:04.2978230Z dist/field/index.parts.d.ts
2026-10-06T22:12:04.2978407Z dist/field/index.parts.js
2026-10-06T22:12:04.2978575Z dist/field/Item.svelte
2026-10-06T22:12:04.2978744Z dist/field/Item.svelte.d.ts
2026-10-06T22:12:04.2978997Z dist/field/item/FieldItemContext.d.ts
2026-10-06T22:12:04.2979270Z dist/field/item/FieldItemContext.js
2026-10-06T22:12:04.2979459Z dist/field/Label.svelte
2026-10-06T22:12:04.2979632Z dist/field/Label.svelte.d.ts
2026-10-06T22:12:04.2979807Z dist/field/props.d.ts
2026-10-06T22:12:04.2979968Z dist/field/props.js
2026-10-06T22:12:04.2980128Z dist/field/Root.svelte
2026-10-06T22:12:04.2980305Z dist/field/Root.svelte.d.ts
2026-10-06T22:12:04.2980503Z dist/field/root/FieldRootInner.svelte
2026-10-06T22:12:04.2980767Z dist/field/root/FieldRootInner.svelte.d.ts
2026-10-06T22:12:04.2981066Z dist/field/root/useFieldValidation.svelte.d.ts
2026-10-06T22:12:04.2981363Z dist/field/root/useFieldValidation.svelte.js
2026-10-06T22:12:04.2981609Z dist/field/types.d.ts
2026-10-06T22:12:04.2981829Z dist/field/types.js
2026-10-06T22:12:04.2982111Z dist/field/utils/getCombinedFieldValidityData.d.ts
2026-10-06T22:12:04.2982464Z dist/field/utils/getCombinedFieldValidityData.js
2026-10-06T22:12:04.2983152Z dist/field/Validity.svelte
2026-10-06T22:12:04.2983382Z dist/field/Validity.svelte.d.ts
2026-10-06T22:12:04.2983565Z dist/fieldset/index.d.ts
2026-10-06T22:12:04.2983887Z dist/fieldset/index.js
2026-10-06T22:12:04.2984105Z dist/fieldset/index.parts.d.ts
2026-10-06T22:12:04.2984297Z dist/fieldset/index.parts.js
2026-10-06T22:12:04.2984479Z dist/fieldset/Legend.svelte
2026-10-06T22:12:04.2984677Z dist/fieldset/Legend.svelte.d.ts
2026-10-06T22:12:04.2984860Z dist/fieldset/Root.svelte
2026-10-06T22:12:04.2985043Z dist/fieldset/Root.svelte.d.ts
2026-10-06T22:12:04.2985258Z dist/fieldset/root/FieldsetRootContext.d.ts
2026-10-06T22:12:04.2985492Z dist/fieldset/root/FieldsetRootContext.js
2026-10-06T22:12:04.2985692Z dist/fieldset/types.d.ts
2026-10-06T22:12:04.2985856Z dist/fieldset/types.js
2026-10-06T22:12:04.2986117Z dist/floating-ui/components/createFloatingFocusManager.svelte.d.ts
2026-10-06T22:12:04.2986474Z dist/floating-ui/components/createFloatingFocusManager.svelte.js
2026-10-06T22:12:04.2986795Z dist/floating-ui/components/FloatingDelayGroup.svelte
2026-10-06T22:12:04.2987096Z dist/floating-ui/components/FloatingDelayGroup.svelte.d.ts
2026-10-06T22:12:04.2987404Z dist/floating-ui/components/FloatingDelayGroupContext.d.ts
2026-10-06T22:12:04.2987699Z dist/floating-ui/components/FloatingDelayGroupContext.js
2026-10-06T22:12:04.2987989Z dist/floating-ui/components/FloatingFocusManager.svelte
2026-10-06T22:12:04.2988294Z dist/floating-ui/components/FloatingFocusManager.svelte.d.ts
2026-10-06T22:12:04.2988836Z dist/floating-ui/components/FloatingPortal.svelte
2026-10-06T22:12:04.2989373Z dist/floating-ui/components/FloatingPortal.svelte.d.ts
2026-10-06T22:12:04.2989703Z dist/floating-ui/components/FloatingPortalContext.d.ts
2026-10-06T22:12:04.2990071Z dist/floating-ui/components/FloatingPortalContext.js
2026-10-06T22:12:04.2990422Z dist/floating-ui/components/FloatingRootStore.svelte.d.ts
2026-10-06T22:12:04.2990781Z dist/floating-ui/components/FloatingRootStore.svelte.js
2026-10-06T22:12:04.2991289Z dist/floating-ui/components/FloatingTree.svelte.d.ts
2026-10-06T22:12:04.2991687Z dist/floating-ui/components/FloatingTree.svelte.js
2026-10-06T22:12:04.2992037Z dist/floating-ui/components/FloatingTreeStore.d.ts
2026-10-06T22:12:04.2992356Z dist/floating-ui/components/FloatingTreeStore.js
2026-10-06T22:12:04.2992694Z dist/floating-ui/components/PortalContent.svelte
2026-10-06T22:12:04.2993068Z dist/floating-ui/components/PortalContent.svelte.d.ts
2026-10-06T22:12:04.2993380Z dist/floating-ui/components/PortalHost.svelte
2026-10-06T22:12:04.2993831Z dist/floating-ui/components/PortalHost.svelte.d.ts
2026-10-06T22:12:04.2994254Z dist/floating-ui/hooks/gridNavigation.d.ts
2026-10-06T22:12:04.2994573Z dist/floating-ui/hooks/gridNavigation.js
2026-10-06T22:12:04.2994878Z dist/floating-ui/hooks/useClick.svelte.d.ts
2026-10-06T22:12:04.2995188Z dist/floating-ui/hooks/useClick.svelte.js
2026-10-06T22:12:04.2995521Z dist/floating-ui/hooks/useClientPoint.svelte.d.ts
2026-10-06T22:12:04.2995846Z dist/floating-ui/hooks/useClientPoint.svelte.js
2026-10-06T22:12:04.2996187Z dist/floating-ui/hooks/useDelayGroup.svelte.d.ts
2026-10-06T22:12:04.2996512Z dist/floating-ui/hooks/useDelayGroup.svelte.js
2026-10-06T22:12:04.2996837Z dist/floating-ui/hooks/useDismiss.svelte.d.ts
2026-10-06T22:12:04.2997162Z dist/floating-ui/hooks/useDismiss.svelte.js
2026-10-06T22:12:04.2997469Z dist/floating-ui/hooks/useFloating.svelte.d.ts
2026-10-06T22:12:04.2997791Z dist/floating-ui/hooks/useFloating.svelte.js
2026-10-06T22:12:04.2998134Z dist/floating-ui/hooks/useFloatingPortalNode.svelte.d.ts
2026-10-06T22:12:04.2998483Z dist/floating-ui/hooks/useFloatingPortalNode.svelte.js
2026-10-06T22:12:04.2998841Z dist/floating-ui/hooks/useFocus.svelte.d.ts
2026-10-06T22:12:04.2999150Z dist/floating-ui/hooks/useFocus.svelte.js
2026-10-06T22:12:04.2999494Z dist/floating-ui/hooks/useHoverFloatingInteraction.svelte.d.ts
2026-10-06T22:12:04.2999894Z dist/floating-ui/hooks/useHoverFloatingInteraction.svelte.js
2026-10-06T22:12:04.3000287Z dist/floating-ui/hooks/useHoverInteractionSharedState.svelte.d.ts
2026-10-06T22:12:04.3000738Z dist/floating-ui/hooks/useHoverInteractionSharedState.svelte.js
2026-10-06T22:12:04.3001153Z dist/floating-ui/hooks/useHoverReferenceInteraction.svelte.d.ts
2026-10-06T22:12:04.3001545Z dist/floating-ui/hooks/useHoverReferenceInteraction.svelte.js
2026-10-06T22:12:04.3001892Z dist/floating-ui/hooks/useHoverShared.d.ts
2026-10-06T22:12:04.3002233Z dist/floating-ui/hooks/useHoverShared.js
2026-10-06T22:12:04.3002592Z dist/floating-ui/hooks/useListNavigation.svelte.d.ts
2026-10-06T22:12:04.3002943Z dist/floating-ui/hooks/useListNavigation.svelte.js
2026-10-06T22:12:04.3003315Z dist/floating-ui/hooks/useSyncedFloatingRootContext.svelte.d.ts
2026-10-06T22:12:04.3004156Z dist/floating-ui/hooks/useSyncedFloatingRootContext.svelte.js
2026-10-06T22:12:04.3004551Z dist/floating-ui/hooks/useTypeahead.svelte.d.ts
2026-10-06T22:12:04.3004880Z dist/floating-ui/hooks/useTypeahead.svelte.js
2026-10-06T22:12:04.3005227Z dist/floating-ui/safePolygon.d.ts
2026-10-06T22:12:04.3005506Z dist/floating-ui/safePolygon.js
2026-10-06T22:12:04.3005816Z dist/floating-ui/types.d.ts
2026-10-06T22:12:04.3006054Z dist/floating-ui/types.js
2026-10-06T22:12:04.3006328Z dist/floating-ui/utils/composite.d.ts
2026-10-06T22:12:04.3006622Z dist/floating-ui/utils/composite.js
2026-10-06T22:12:04.3006936Z dist/floating-ui/utils/constants.d.ts
2026-10-06T22:12:04.3007224Z dist/floating-ui/utils/constants.js
2026-10-06T22:12:04.3007508Z dist/floating-ui/utils/createAttribute.d.ts
2026-10-06T22:12:04.3007817Z dist/floating-ui/utils/createAttribute.js
2026-10-06T22:12:04.3008137Z dist/floating-ui/utils/createEventEmitter.d.ts
2026-10-06T22:12:04.3008498Z dist/floating-ui/utils/createEventEmitter.js
2026-10-06T22:12:04.3008798Z dist/floating-ui/utils/element.d.ts
2026-10-06T22:12:04.3009074Z dist/floating-ui/utils/element.js
2026-10-06T22:12:04.3009358Z dist/floating-ui/utils/enqueueFocus.d.ts
2026-10-06T22:12:04.3009655Z dist/floating-ui/utils/enqueueFocus.js
2026-10-06T22:12:04.3010001Z dist/floating-ui/utils/event.d.ts
2026-10-06T22:12:04.3010372Z dist/floating-ui/utils/event.js
2026-10-06T22:12:04.3010637Z dist/floating-ui/utils/markOthers.d.ts
2026-10-06T22:12:04.3010947Z dist/floating-ui/utils/markOthers.js
2026-10-06T22:12:04.3011248Z dist/floating-ui/utils/matchesFocusVisible.d.ts
2026-10-06T22:12:04.3011550Z dist/floating-ui/utils/matchesFocusVisible.js
2026-10-06T22:12:04.3011886Z dist/floating-ui/utils/nodes.d.ts
2026-10-06T22:12:04.3012143Z dist/floating-ui/utils/nodes.js
2026-10-06T22:12:04.3012436Z dist/floating-ui/utils/tabbable.d.ts
2026-10-06T22:12:04.3012711Z dist/floating-ui/utils/tabbable.js
2026-10-06T22:12:04.3012949Z dist/form/context.d.ts
2026-10-06T22:12:04.3013195Z dist/form/context.js
2026-10-06T22:12:04.3013445Z dist/form/Form.svelte
2026-10-06T22:12:04.3013703Z dist/form/Form.svelte.d.ts
2026-10-06T22:12:04.3014078Z dist/form/index.d.ts
2026-10-06T22:12:04.3014290Z dist/form/index.js
2026-10-06T22:12:04.3014536Z dist/form/types.d.ts
2026-10-06T22:12:04.3014759Z dist/form/types.js
2026-10-06T22:12:04.3015021Z dist/index.d.ts
2026-10-06T22:12:04.3015228Z dist/index.js
2026-10-06T22:12:04.3015423Z dist/input/index.d.ts
2026-10-06T22:12:04.3015668Z dist/input/index.js
2026-10-06T22:12:04.3015892Z dist/input/Input.svelte
2026-10-06T22:12:04.3016147Z dist/input/Input.svelte.d.ts
2026-10-06T22:12:04.3016443Z dist/input/types.d.ts
2026-10-06T22:12:04.3016684Z dist/input/types.js
2026-10-06T22:12:04.3016994Z dist/internals/anchor-positioning/adaptive-origin.d.ts
2026-10-06T22:12:04.3017364Z dist/internals/anchor-positioning/adaptive-origin.js
2026-10-06T22:12:04.3017685Z dist/internals/anchor-positioning/arrow.d.ts
2026-10-06T22:12:04.3018003Z dist/internals/anchor-positioning/arrow.js
2026-10-06T22:12:04.3018334Z dist/internals/anchor-positioning/attachments.d.ts
2026-10-06T22:12:04.3018681Z dist/internals/anchor-positioning/attachments.js
2026-10-06T22:12:04.3019043Z dist/internals/anchor-positioning/controller.svelte.d.ts
2026-10-06T22:12:04.3019391Z dist/internals/anchor-positioning/controller.svelte.js
2026-10-06T22:12:04.3019739Z dist/internals/anchor-positioning/css-vars.d.ts
2026-10-06T22:12:04.3020050Z dist/internals/anchor-positioning/css-vars.js
2026-10-06T22:12:04.3020388Z dist/internals/anchor-positioning/hide.d.ts
2026-10-06T22:12:04.3020701Z dist/internals/anchor-positioning/hide.js
2026-10-06T22:12:04.3021007Z dist/internals/anchor-positioning/policy.d.ts
2026-10-06T22:12:04.3021321Z dist/internals/anchor-positioning/policy.js
2026-10-06T22:12:04.3021618Z dist/internals/anchor-positioning/types.d.ts
2026-10-06T22:12:04.3021962Z dist/internals/anchor-positioning/types.js
2026-10-06T22:12:04.3022340Z dist/internals/anchor-positioning/useAnchorPositioning.svelte.d.ts
2026-10-06T22:12:04.3022753Z dist/internals/anchor-positioning/useAnchorPositioning.svelte.js
2026-10-06T22:12:04.3023152Z dist/internals/anchor-positioning/useFloating.svelte.d.ts
2026-10-06T22:12:04.3023514Z dist/internals/anchor-positioning/useFloating.svelte.js
2026-10-06T22:12:04.3024031Z dist/internals/composite/composite.d.ts
2026-10-06T22:12:04.3024356Z dist/internals/composite/composite.js
2026-10-06T22:12:04.3024644Z dist/internals/composite/constants.d.ts
2026-10-06T22:12:04.3024928Z dist/internals/composite/constants.js
2026-10-06T22:12:04.3025229Z dist/internals/composite/item/CompositeItem.svelte
2026-10-06T22:12:04.3025585Z dist/internals/composite/item/CompositeItem.svelte.d.ts
2026-10-06T22:12:04.3025993Z dist/internals/composite/item/useCompositeItem.svelte.d.ts
2026-10-06T22:12:04.3026353Z dist/internals/composite/item/useCompositeItem.svelte.js
2026-10-06T22:12:04.3026707Z dist/internals/composite/list/CompositeListContext.d.ts
2026-10-06T22:12:04.3027097Z dist/internals/composite/list/CompositeListContext.js
2026-10-06T22:12:04.3027480Z dist/internals/composite/list/createCompositeList.svelte.d.ts
2026-10-06T22:12:04.3027916Z dist/internals/composite/list/createCompositeList.svelte.js
2026-10-06T22:12:04.3028309Z dist/internals/composite/list/useCompositeListItem.svelte.d.ts
2026-10-06T22:12:04.3028808Z dist/internals/composite/list/useCompositeListItem.svelte.js
2026-10-06T22:12:04.3029241Z dist/internals/composite/root/CompositeRoot.svelte
2026-10-06T22:12:04.3029628Z dist/internals/composite/root/CompositeRoot.svelte.d.ts
2026-10-06T22:12:04.3030021Z dist/internals/composite/root/CompositeRootContext.d.ts
2026-10-06T22:12:04.3030376Z dist/internals/composite/root/CompositeRootContext.js
2026-10-06T22:12:04.3030735Z dist/internals/composite/root/gridNavigation.d.ts
2026-10-06T22:12:04.3031071Z dist/internals/composite/root/gridNavigation.js
2026-10-06T22:12:04.3031465Z dist/internals/composite/root/useCompositeRoot.svelte.d.ts
2026-10-06T22:12:04.3031840Z dist/internals/composite/root/useCompositeRoot.svelte.js
2026-10-06T22:12:04.3032208Z dist/internals/composite/utils/navigation.d.ts
2026-10-06T22:12:04.3032541Z dist/internals/composite/utils/navigation.js
2026-10-06T22:12:04.3032832Z dist/internals/constants.d.ts
2026-10-06T22:12:04.3033131Z dist/internals/constants.js
2026-10-06T22:12:04.3033433Z dist/internals/createBaseUIEventDetails.d.ts
2026-10-06T22:12:04.3033925Z dist/internals/createBaseUIEventDetails.js
2026-10-06T22:12:04.3034278Z dist/internals/field-constants/constants.d.ts
2026-10-06T22:12:04.3034627Z dist/internals/field-constants/constants.js
2026-10-06T22:12:04.3035018Z dist/internals/field-control-name/FieldControlNameContext.d.ts
2026-10-06T22:12:04.3035425Z dist/internals/field-control-name/FieldControlNameContext.js
2026-10-06T22:12:04.3035819Z dist/internals/field-control-value/FieldControlValueContext.d.ts
2026-10-06T22:12:04.3036302Z dist/internals/field-control-value/FieldControlValueContext.js
2026-10-06T22:12:04.3036769Z dist/internals/field-register-control/FieldControlRegistration.svelte.d.ts
2026-10-06T22:12:04.3037256Z dist/internals/field-register-control/FieldControlRegistration.svelte.js
2026-10-06T22:12:04.3037752Z dist/internals/field-register-control/useRegisterFieldControl.svelte.d.ts
2026-10-06T22:12:04.3038187Z dist/internals/field-register-control/useRegisterFieldControl.svelte.js
2026-10-06T22:12:04.3038643Z dist/internals/field-root-context/FieldRootContext.d.ts
2026-10-06T22:12:04.3039008Z dist/internals/field-root-context/FieldRootContext.js
2026-10-06T22:12:04.3039338Z dist/internals/form-context/FormContext.d.ts
2026-10-06T22:12:04.3039639Z dist/internals/form-context/FormContext.js
2026-10-06T22:12:04.3039948Z dist/internals/getDisabledMountTransitionStyles.d.ts
2026-10-06T22:12:04.3040340Z dist/internals/getDisabledMountTransitionStyles.js
2026-10-06T22:12:04.3040784Z dist/internals/getStateAttributesProps.d.ts
2026-10-06T22:12:04.3041111Z dist/internals/getStateAttributesProps.js
2026-10-06T22:12:04.3041490Z dist/internals/labelable-provider/createLabelableProvider.svelte.d.ts
2026-10-06T22:12:04.3041929Z dist/internals/labelable-provider/createLabelableProvider.svelte.js
2026-10-06T22:12:04.3042374Z dist/internals/labelable-provider/LabelableContext.d.ts
2026-10-06T22:12:04.3042708Z dist/internals/labelable-provider/LabelableContext.js
2026-10-06T22:12:04.3043096Z dist/internals/labelable-provider/LabelableProvider.svelte
2026-10-06T22:12:04.3043481Z dist/internals/labelable-provider/LabelableProvider.svelte.d.ts
2026-10-06T22:12:04.3044040Z dist/internals/labelable-provider/useAriaLabelledBy.svelte.d.ts
2026-10-06T22:12:04.3044498Z dist/internals/labelable-provider/useAriaLabelledBy.svelte.js
2026-10-06T22:12:04.3044848Z dist/internals/labelable-provider/useLabel.svelte.d.ts
2026-10-06T22:12:04.3045206Z dist/internals/labelable-provider/useLabel.svelte.js
2026-10-06T22:12:04.3045568Z dist/internals/labelable-provider/useLabelableId.svelte.d.ts
2026-10-06T22:12:04.3045936Z dist/internals/labelable-provider/useLabelableId.svelte.js
2026-10-06T22:12:04.3046293Z dist/internals/mergeComponentProps.d.ts
2026-10-06T22:12:04.3046597Z dist/internals/mergeComponentProps.js
2026-10-06T22:12:04.3046904Z dist/internals/nativeProps.d.ts
2026-10-06T22:12:04.3047164Z dist/internals/nativeProps.js
2026-10-06T22:12:04.3047435Z dist/internals/reason-parts.d.ts
2026-10-06T22:12:04.3047822Z dist/internals/reason-parts.js
2026-10-06T22:12:04.3048186Z dist/internals/reasons.d.ts
2026-10-06T22:12:04.3048476Z dist/internals/reasons.js
2026-10-06T22:12:04.3048746Z dist/internals/resolveClassValue.d.ts
2026-10-06T22:12:04.3049036Z dist/internals/resolveClassValue.js
2026-10-06T22:12:04.3049346Z dist/internals/serializeValue.d.ts
2026-10-06T22:12:04.3049634Z dist/internals/serializeValue.js
2026-10-06T22:12:04.3049957Z dist/internals/stateAttributesMapping.d.ts
2026-10-06T22:12:04.3050256Z dist/internals/stateAttributesMapping.js
2026-10-06T22:12:04.3050589Z dist/internals/TransitionStatusDataAttributes.d.ts
2026-10-06T22:12:04.3050931Z dist/internals/TransitionStatusDataAttributes.js
2026-10-06T22:12:04.3051211Z dist/internals/types.d.ts
2026-10-06T22:12:04.3051455Z dist/internals/types.js
2026-10-06T22:12:04.3051756Z dist/internals/use-button/useButton.svelte.d.ts
2026-10-06T22:12:04.3052154Z dist/internals/use-button/useButton.svelte.js
2026-10-06T22:12:04.3052482Z dist/internals/useAnimationsFinished.d.ts
2026-10-06T22:12:04.3052777Z dist/internals/useAnimationsFinished.js
2026-10-06T22:12:04.3053069Z dist/internals/useBaseUiId.d.ts
2026-10-06T22:12:04.3053321Z dist/internals/useBaseUiId.js
2026-10-06T22:12:04.3053659Z dist/internals/useOpenChangeComplete.svelte.d.ts
2026-10-06T22:12:04.3054314Z dist/internals/useOpenChangeComplete.svelte.js
2026-10-06T22:12:04.3054693Z dist/internals/useTransitionStatus.svelte.d.ts
2026-10-06T22:12:04.3055070Z dist/internals/useTransitionStatus.svelte.js
2026-10-06T22:12:04.3055414Z dist/internals/ValueChanged.svelte.d.ts
2026-10-06T22:12:04.3055790Z dist/internals/ValueChanged.svelte.js
2026-10-06T22:12:04.3056097Z dist/menu/Arrow.svelte
2026-10-06T22:12:04.3056371Z dist/menu/Arrow.svelte.d.ts
2026-10-06T22:12:04.3056623Z dist/menu/Backdrop.svelte
2026-10-06T22:12:04.3056877Z dist/menu/Backdrop.svelte.d.ts
2026-10-06T22:12:04.3057179Z dist/menu/checkbox-item/MenuCheckboxItemContext.d.ts
2026-10-06T22:12:04.3057563Z dist/menu/checkbox-item/MenuCheckboxItemContext.js
2026-10-06T22:12:04.3057931Z dist/menu/checkbox-item/MenuCheckboxItemDataAttributes.d.ts
2026-10-06T22:12:04.3058335Z dist/menu/checkbox-item/MenuCheckboxItemDataAttributes.js
2026-10-06T22:12:04.3058645Z dist/menu/CheckboxItem.svelte
2026-10-06T22:12:04.3058917Z dist/menu/CheckboxItem.svelte.d.ts
2026-10-06T22:12:04.3059269Z dist/menu/CheckboxItemIndicator.svelte
2026-10-06T22:12:04.3059566Z dist/menu/CheckboxItemIndicator.svelte.d.ts
2026-10-06T22:12:04.3059849Z dist/menu/Group.svelte
2026-10-06T22:12:04.3060079Z dist/menu/Group.svelte.d.ts
2026-10-06T22:12:04.3060351Z dist/menu/group/MenuGroupContext.d.ts
2026-10-06T22:12:04.3060654Z dist/menu/group/MenuGroupContext.js
2026-10-06T22:12:04.3060939Z dist/menu/GroupLabel.svelte
2026-10-06T22:12:04.3061208Z dist/menu/GroupLabel.svelte.d.ts
2026-10-06T22:12:04.3061466Z dist/menu/index.d.ts
2026-10-06T22:12:04.3061677Z dist/menu/index.js
2026-10-06T22:12:04.3061924Z dist/menu/index.parts.d.ts
2026-10-06T22:12:04.3062162Z dist/menu/index.parts.js
2026-10-06T22:12:04.3062471Z dist/menu/Item.svelte
2026-10-06T22:12:04.3062733Z dist/menu/Item.svelte.d.ts
2026-10-06T22:12:04.3062986Z dist/menu/item/useMenuItem.svelte.d.ts
2026-10-06T22:12:04.3063291Z dist/menu/item/useMenuItem.svelte.js
2026-10-06T22:12:04.3063591Z dist/menu/item/useMenuItemCommonProps.svelte.d.ts
2026-10-06T22:12:04.3064086Z dist/menu/item/useMenuItemCommonProps.svelte.js
2026-10-06T22:12:04.3064437Z dist/menu/LinkItem.svelte
2026-10-06T22:12:04.3064682Z dist/menu/LinkItem.svelte.d.ts
2026-10-06T22:12:04.3064956Z dist/menu/Popup.svelte
2026-10-06T22:12:04.3065188Z dist/menu/Popup.svelte.d.ts
2026-10-06T22:12:04.3065425Z dist/menu/Portal.svelte
2026-10-06T22:12:04.3065702Z dist/menu/Portal.svelte.d.ts
2026-10-06T22:12:04.3065989Z dist/menu/portal/MenuPortalContext.d.ts
2026-10-06T22:12:04.3066294Z dist/menu/portal/MenuPortalContext.js
2026-10-06T22:12:04.3066552Z dist/menu/Positioner.svelte
2026-10-06T22:12:04.3066813Z dist/menu/Positioner.svelte.d.ts
2026-10-06T22:12:04.3067239Z dist/menu/positioner/createMenuPositioner.svelte.d.ts
2026-10-06T22:12:04.3067669Z dist/menu/positioner/createMenuPositioner.svelte.js
2026-10-06T22:12:04.3068022Z dist/menu/positioner/MenuPositionerContext.d.ts
2026-10-06T22:12:04.3068343Z dist/menu/positioner/MenuPositionerContext.js
2026-10-06T22:12:04.3068700Z dist/menu/radio-group/MenuRadioGroupContext.d.ts
2026-10-06T22:12:04.3069026Z dist/menu/radio-group/MenuRadioGroupContext.js
2026-10-06T22:12:04.3069339Z dist/menu/radio-item/MenuRadioItemContext.d.ts
2026-10-06T22:12:04.3069680Z dist/menu/radio-item/MenuRadioItemContext.js
2026-10-06T22:12:04.3069950Z dist/menu/RadioGroup.svelte
2026-10-06T22:12:04.3070221Z dist/menu/RadioGroup.svelte.d.ts
2026-10-06T22:12:04.3070474Z dist/menu/RadioItem.svelte
2026-10-06T22:12:04.3070731Z dist/menu/RadioItem.svelte.d.ts
2026-10-06T22:12:04.3071008Z dist/menu/RadioItemIndicator.svelte
2026-10-06T22:12:04.3071321Z dist/menu/RadioItemIndicator.svelte.d.ts
2026-10-06T22:12:04.3071595Z dist/menu/Root.svelte
2026-10-06T22:12:04.3071838Z dist/menu/Root.svelte.d.ts
2026-10-06T22:12:04.3072105Z dist/menu/root/createMenuRoot.svelte.d.ts
2026-10-06T22:12:04.3072413Z dist/menu/root/createMenuRoot.svelte.js
2026-10-06T22:12:04.3072724Z dist/menu/root/MenuRootContext.d.ts
2026-10-06T22:12:04.3073020Z dist/menu/root/MenuRootContext.js
2026-10-06T22:12:04.3073303Z dist/menu/store/MenuHandle.svelte.d.ts
2026-10-06T22:12:04.3073583Z dist/menu/store/MenuHandle.svelte.js
2026-10-06T22:12:04.3073970Z dist/menu/store/MenuStore.svelte.d.ts
2026-10-06T22:12:04.3074247Z dist/menu/store/MenuStore.svelte.js
2026-10-06T22:12:04.3074593Z dist/menu/submenu-root/MenuSubmenuRootContext.d.ts
2026-10-06T22:12:04.3074936Z dist/menu/submenu-root/MenuSubmenuRootContext.js
2026-10-06T22:12:04.3075302Z dist/menu/submenu-trigger/createMenuSubmenuTrigger.svelte.d.ts
2026-10-06T22:12:04.3075707Z dist/menu/submenu-trigger/createMenuSubmenuTrigger.svelte.js
2026-10-06T22:12:04.3076018Z dist/menu/SubmenuRoot.svelte
2026-10-06T22:12:04.3076339Z dist/menu/SubmenuRoot.svelte.d.ts
2026-10-06T22:12:04.3076614Z dist/menu/SubmenuTrigger.svelte
2026-10-06T22:12:04.3076895Z dist/menu/SubmenuTrigger.svelte.d.ts
2026-10-06T22:12:04.3077190Z dist/menu/Trigger.svelte
2026-10-06T22:12:04.3077427Z dist/menu/Trigger.svelte.d.ts
2026-10-06T22:12:04.3077722Z dist/menu/trigger/createMenuTrigger.svelte.d.ts
2026-10-06T22:12:04.3078084Z dist/menu/trigger/createMenuTrigger.svelte.js
2026-10-06T22:12:04.3078357Z dist/menu/types.d.ts
2026-10-06T22:12:04.3078588Z dist/menu/types.js
2026-10-06T22:12:04.3078847Z dist/menu/utils/findRootOwnerId.d.ts
2026-10-06T22:12:04.3079106Z dist/menu/utils/findRootOwnerId.js
2026-10-06T22:12:04.3079412Z dist/menu/utils/stateAttributesMapping.d.ts
2026-10-06T22:12:04.3079742Z dist/menu/utils/stateAttributesMapping.js
2026-10-06T22:12:04.3080020Z dist/menu/Viewport.svelte
2026-10-06T22:12:04.3080287Z dist/menu/Viewport.svelte.d.ts
2026-10-06T22:12:04.3080524Z dist/menubar/index.d.ts
2026-10-06T22:12:04.3080776Z dist/menubar/index.js
2026-10-06T22:12:04.3081006Z dist/menubar/Menubar.svelte
2026-10-06T22:12:04.3081305Z dist/menubar/Menubar.svelte.d.ts
2026-10-06T22:12:04.3081585Z dist/menubar/MenubarContext.d.ts
2026-10-06T22:12:04.3081833Z dist/menubar/MenubarContext.js
2026-10-06T22:12:04.3082098Z dist/menubar/types.d.ts
2026-10-06T22:12:04.3082326Z dist/menubar/types.js
2026-10-06T22:12:04.3082558Z dist/merge-props/index.d.ts
2026-10-06T22:12:04.3082852Z dist/merge-props/index.js
2026-10-06T22:12:04.3083094Z dist/merge-props/mergeProps.d.ts
2026-10-06T22:12:04.3083379Z dist/merge-props/mergeProps.js
2026-10-06T22:12:04.3083622Z dist/meter/context.d.ts
2026-10-06T22:12:04.3083986Z dist/meter/context.js
2026-10-06T22:12:04.3084245Z dist/meter/helpers.d.ts
2026-10-06T22:12:04.3084490Z dist/meter/helpers.js
2026-10-06T22:12:04.3084737Z dist/meter/index.d.ts
2026-10-06T22:12:04.3084956Z dist/meter/index.js
2026-10-06T22:12:04.3085189Z dist/meter/index.parts.d.ts
2026-10-06T22:12:04.3085451Z dist/meter/index.parts.js
2026-10-06T22:12:04.3085691Z dist/meter/Indicator.svelte
2026-10-06T22:12:04.3086074Z dist/meter/Indicator.svelte.d.ts
2026-10-06T22:12:04.3086373Z dist/meter/Label.svelte
2026-10-06T22:12:04.3086637Z dist/meter/Label.svelte.d.ts
2026-10-06T22:12:04.3086882Z dist/meter/Root.svelte
2026-10-06T22:12:04.3087113Z dist/meter/Root.svelte.d.ts
2026-10-06T22:12:04.3087363Z dist/meter/Track.svelte
2026-10-06T22:12:04.3087622Z dist/meter/Track.svelte.d.ts
2026-10-06T22:12:04.3087869Z dist/meter/types.d.ts
2026-10-06T22:12:04.3088099Z dist/meter/types.js
2026-10-06T22:12:04.3088327Z dist/meter/Value.svelte
2026-10-06T22:12:04.3088577Z dist/meter/Value.svelte.d.ts
2026-10-06T22:12:04.3088830Z dist/popover/Arrow.svelte
2026-10-06T22:12:04.3089126Z dist/popover/Arrow.svelte.d.ts
2026-10-06T22:12:04.3089383Z dist/popover/Backdrop.svelte
2026-10-06T22:12:04.3089645Z dist/popover/Backdrop.svelte.d.ts
2026-10-06T22:12:04.3089909Z dist/popover/Close.svelte
2026-10-06T22:12:04.3090160Z dist/popover/Close.svelte.d.ts
2026-10-06T22:12:04.3090409Z dist/popover/context.d.ts
2026-10-06T22:12:04.3090700Z dist/popover/context.js
2026-10-06T22:12:04.3090949Z dist/popover/Description.svelte
2026-10-06T22:12:04.3091231Z dist/popover/Description.svelte.d.ts
2026-10-06T22:12:04.3091501Z dist/popover/handle.svelte.d.ts
2026-10-06T22:12:04.3091758Z dist/popover/handle.svelte.js
2026-10-06T22:12:04.3092021Z dist/popover/index.d.ts
2026-10-06T22:12:04.3092273Z dist/popover/index.js
2026-10-06T22:12:04.3092511Z dist/popover/index.parts.d.ts
2026-10-06T22:12:04.3092758Z dist/popover/index.parts.js
2026-10-06T22:12:04.3093000Z dist/popover/Popup.svelte
2026-10-06T22:12:04.3093279Z dist/popover/Popup.svelte.d.ts
2026-10-06T22:12:04.3093523Z dist/popover/Portal.svelte
2026-10-06T22:12:04.3094092Z dist/popover/Portal.svelte.d.ts
2026-10-06T22:12:04.3094381Z dist/popover/Positioner.svelte
2026-10-06T22:12:04.3094639Z dist/popover/Positioner.svelte.d.ts
2026-10-06T22:12:04.3094992Z dist/popover/positioner/PopoverPositionerContext.d.ts
2026-10-06T22:12:04.3095342Z dist/popover/positioner/PopoverPositionerContext.js
2026-10-06T22:12:04.3095674Z dist/popover/Root.svelte
2026-10-06T22:12:04.3095939Z dist/popover/Root.svelte.d.ts
2026-10-06T22:12:04.3096218Z dist/popover/root/PopoverInteractions.svelte
2026-10-06T22:12:04.3096565Z dist/popover/root/PopoverInteractions.svelte.d.ts
2026-10-06T22:12:04.3096892Z dist/popover/store/PopoverHandle.svelte.d.ts
2026-10-06T22:12:04.3097197Z dist/popover/store/PopoverHandle.svelte.js
2026-10-06T22:12:04.3097548Z dist/popover/store/PopoverStore.svelte.d.ts
2026-10-06T22:12:04.3097839Z dist/popover/store/PopoverStore.svelte.js
2026-10-06T22:12:04.3098121Z dist/popover/Title.svelte
2026-10-06T22:12:04.3098369Z dist/popover/Title.svelte.d.ts
2026-10-06T22:12:04.3098610Z dist/popover/Trigger.svelte
2026-10-06T22:12:04.3098898Z dist/popover/Trigger.svelte.d.ts
2026-10-06T22:12:04.3099160Z dist/popover/types.d.ts
2026-10-06T22:12:04.3099409Z dist/popover/types.js
2026-10-06T22:12:04.3099657Z dist/popover/utils/constants.d.ts
2026-10-06T22:12:04.3099921Z dist/popover/utils/constants.js
2026-10-06T22:12:04.3100197Z dist/popover/Viewport.svelte
2026-10-06T22:12:04.3100464Z dist/popover/Viewport.svelte.d.ts
2026-10-06T22:12:04.3100762Z dist/preview-card/Arrow.svelte
2026-10-06T22:12:04.3101088Z dist/preview-card/Arrow.svelte.d.ts
2026-10-06T22:12:04.3101453Z dist/preview-card/Backdrop.svelte
2026-10-06T22:12:04.3101885Z dist/preview-card/Backdrop.svelte.d.ts
2026-10-06T22:12:04.3102265Z dist/preview-card/context.d.ts
2026-10-06T22:12:04.3102648Z dist/preview-card/context.js
2026-10-06T22:12:04.3102960Z dist/preview-card/handle.svelte.d.ts
2026-10-06T22:12:04.3103241Z dist/preview-card/handle.svelte.js
2026-10-06T22:12:04.3103533Z dist/preview-card/index.d.ts
2026-10-06T22:12:04.3103932Z dist/preview-card/index.js
2026-10-06T22:12:04.3104216Z dist/preview-card/index.parts.d.ts
2026-10-06T22:12:04.3104524Z dist/preview-card/index.parts.js
2026-10-06T22:12:04.3104796Z dist/preview-card/Popup.svelte
2026-10-06T22:12:04.3105088Z dist/preview-card/Popup.svelte.d.ts
2026-10-06T22:12:04.3105477Z dist/preview-card/Portal.svelte
2026-10-06T22:12:04.3105837Z dist/preview-card/Portal.svelte.d.ts
2026-10-06T22:12:04.3106109Z dist/preview-card/Positioner.svelte
2026-10-06T22:12:04.3106437Z dist/preview-card/Positioner.svelte.d.ts
2026-10-06T22:12:04.3106791Z dist/preview-card/positioner/PreviewCardPositionerContext.d.ts
2026-10-06T22:12:04.3107186Z dist/preview-card/positioner/PreviewCardPositionerContext.js
2026-10-06T22:12:04.3107508Z dist/preview-card/Root.svelte
2026-10-06T22:12:04.3107770Z dist/preview-card/Root.svelte.d.ts
2026-10-06T22:12:04.3108129Z dist/preview-card/root/PreviewCardInteractions.svelte
2026-10-06T22:12:04.3108504Z dist/preview-card/root/PreviewCardInteractions.svelte.d.ts
2026-10-06T22:12:04.3108863Z dist/preview-card/store/PreviewCardHandle.svelte.d.ts
2026-10-06T22:12:04.3109222Z dist/preview-card/store/PreviewCardHandle.svelte.js
2026-10-06T22:12:04.3109558Z dist/preview-card/store/PreviewCardStore.svelte.d.ts
2026-10-06T22:12:04.3109950Z dist/preview-card/store/PreviewCardStore.svelte.js
2026-10-06T22:12:04.3110314Z dist/preview-card/Trigger.svelte
2026-10-06T22:12:04.3110588Z dist/preview-card/Trigger.svelte.d.ts
2026-10-06T22:12:04.3110861Z dist/preview-card/types.d.ts
2026-10-06T22:12:04.3111101Z dist/preview-card/types.js
2026-10-06T22:12:04.3111361Z dist/preview-card/utils/constants.d.ts
2026-10-06T22:12:04.3111661Z dist/preview-card/utils/constants.js
2026-10-06T22:12:04.3111957Z dist/preview-card/Viewport.svelte
2026-10-06T22:12:04.3112248Z dist/preview-card/Viewport.svelte.d.ts
2026-10-06T22:12:04.3112525Z dist/progress/context.d.ts
2026-10-06T22:12:04.3112747Z dist/progress/context.js
2026-10-06T22:12:04.3113012Z dist/progress/helpers.d.ts
2026-10-06T22:12:04.3113272Z dist/progress/helpers.js
2026-10-06T22:12:04.3113513Z dist/progress/index.d.ts
2026-10-06T22:12:04.3113887Z dist/progress/index.js
2026-10-06T22:12:04.3114144Z dist/progress/index.parts.d.ts
2026-10-06T22:12:04.3114422Z dist/progress/index.parts.js
2026-10-06T22:12:04.3114678Z dist/progress/Indicator.svelte
2026-10-06T22:12:04.3114982Z dist/progress/Indicator.svelte.d.ts
2026-10-06T22:12:04.3115253Z dist/progress/Label.svelte
2026-10-06T22:12:04.3115489Z dist/progress/Label.svelte.d.ts
2026-10-06T22:12:04.3115757Z dist/progress/Root.svelte
2026-10-06T22:12:04.3116007Z dist/progress/Root.svelte.d.ts
2026-10-06T22:12:04.3116253Z dist/progress/Track.svelte
2026-10-06T22:12:04.3116559Z dist/progress/Track.svelte.d.ts
2026-10-06T22:12:04.3116788Z dist/progress/types.d.ts
2026-10-06T22:12:04.3117041Z dist/progress/types.js
2026-10-06T22:12:04.3117273Z dist/progress/Value.svelte
2026-10-06T22:12:04.3117529Z dist/progress/Value.svelte.d.ts
2026-10-06T22:12:04.3117816Z dist/radio-group/index.d.ts
2026-10-06T22:12:04.3118081Z dist/radio-group/index.js
2026-10-06T22:12:04.3118364Z dist/radio-group/RadioGroup.svelte
2026-10-06T22:12:04.3118648Z dist/radio-group/RadioGroup.svelte.d.ts
2026-10-06T22:12:04.3118942Z dist/radio-group/RadioGroupContext.d.ts
2026-10-06T22:12:04.3119258Z dist/radio-group/RadioGroupContext.js
2026-10-06T22:12:04.3119529Z dist/radio-group/types.d.ts
2026-10-06T22:12:04.3119809Z dist/radio-group/types.js
2026-10-06T22:12:04.3120042Z dist/radio/index.d.ts
2026-10-06T22:12:04.3120269Z dist/radio/index.js
2026-10-06T22:12:04.3120527Z dist/radio/index.parts.d.ts
2026-10-06T22:12:04.3120787Z dist/radio/index.parts.js
2026-10-06T22:12:04.3121067Z dist/radio/indicator/RadioIndicator.svelte
2026-10-06T22:12:04.3121405Z dist/radio/indicator/RadioIndicator.svelte.d.ts
2026-10-06T22:12:04.3121698Z dist/radio/root/RadioRoot.svelte
2026-10-06T22:12:04.3121999Z dist/radio/root/RadioRoot.svelte.d.ts
2026-10-06T22:12:04.3122281Z dist/radio/root/RadioRootContext.d.ts
2026-10-06T22:12:04.3122560Z dist/radio/root/RadioRootContext.js
2026-10-06T22:12:04.3122853Z dist/radio/root/RadioRootDataAttributes.d.ts
2026-10-06T22:12:04.3123196Z dist/radio/root/RadioRootDataAttributes.js
2026-10-06T22:12:04.3123516Z dist/radio/stateAttributesMapping.d.ts
2026-10-06T22:12:04.3124432Z dist/radio/stateAttributesMapping.js
2026-10-06T22:12:04.3124809Z dist/radio/types.d.ts
2026-10-06T22:12:04.3125033Z dist/radio/types.js
2026-10-06T22:12:04.3125399Z dist/remote-forms/control.types.d.ts
2026-10-06T22:12:04.3125686Z dist/remote-forms/control.types.js
2026-10-06T22:12:04.3125963Z dist/remote-forms/index.parts.d.ts
2026-10-06T22:12:04.3126249Z dist/remote-forms/index.parts.js
2026-10-06T22:12:04.3126524Z dist/remote-forms/nativeControlValue.d.ts
2026-10-06T22:12:04.3126823Z dist/remote-forms/nativeControlValue.js
2026-10-06T22:12:04.3127181Z dist/remote-forms/RemoteBooleanControl.svelte
2026-10-06T22:12:04.3127508Z dist/remote-forms/RemoteBooleanControl.svelte.d.ts
2026-10-06T22:12:04.3127829Z dist/remote-forms/RemoteControl.svelte
2026-10-06T22:12:04.3128117Z dist/remote-forms/RemoteControl.svelte.d.ts
2026-10-06T22:12:04.3128416Z dist/remote-forms/RemoteFieldContext.d.ts
2026-10-06T22:12:04.3128730Z dist/remote-forms/RemoteFieldContext.js
2026-10-06T22:12:04.3129043Z dist/remote-forms/RemoteFormContext.d.ts
2026-10-06T22:12:04.3129341Z dist/remote-forms/RemoteFormContext.js
2026-10-06T22:12:04.3129655Z dist/remote-forms/RemoteNativeControl.svelte
2026-10-06T22:12:04.3129966Z dist/remote-forms/RemoteNativeControl.svelte.d.ts
2026-10-06T22:12:04.3130290Z dist/remote-forms/RemoteRoot.svelte
2026-10-06T22:12:04.3130598Z dist/remote-forms/RemoteRoot.svelte.d.ts
2026-10-06T22:12:04.3130902Z dist/remote-forms/RemoteTextControl.svelte
2026-10-06T22:12:04.3131231Z dist/remote-forms/RemoteTextControl.svelte.d.ts
2026-10-06T22:12:04.3131514Z dist/remote-forms/runtime.d.ts
2026-10-06T22:12:04.3131787Z dist/remote-forms/runtime.js
2026-10-06T22:12:04.3132029Z dist/remote-forms/types.d.ts
2026-10-06T22:12:04.3132306Z dist/remote-forms/types.js
2026-10-06T22:12:04.3132574Z dist/scroll-area/constants.d.ts
2026-10-06T22:12:04.3132813Z dist/scroll-area/constants.js
2026-10-06T22:12:04.3133124Z dist/scroll-area/content/ScrollAreaContent.svelte
2026-10-06T22:12:04.3133462Z dist/scroll-area/content/ScrollAreaContent.svelte.d.ts
2026-10-06T22:12:04.3133979Z dist/scroll-area/corner/ScrollAreaCorner.svelte
2026-10-06T22:12:04.3134341Z dist/scroll-area/corner/ScrollAreaCorner.svelte.d.ts
2026-10-06T22:12:04.3134615Z dist/scroll-area/index.d.ts
2026-10-06T22:12:04.3134876Z dist/scroll-area/index.js
2026-10-06T22:12:04.3135130Z dist/scroll-area/index.parts.d.ts
2026-10-06T22:12:04.3135392Z dist/scroll-area/index.parts.js
2026-10-06T22:12:04.3135730Z dist/scroll-area/root/ScrollAreaRoot.svelte
2026-10-06T22:12:04.3136028Z dist/scroll-area/root/ScrollAreaRoot.svelte.d.ts
2026-10-06T22:12:04.3136368Z dist/scroll-area/root/ScrollAreaRootContext.d.ts
2026-10-06T22:12:04.3136687Z dist/scroll-area/root/ScrollAreaRootContext.js
2026-10-06T22:12:04.3137015Z dist/scroll-area/root/ScrollAreaRootCssVars.d.ts
2026-10-06T22:12:04.3137363Z dist/scroll-area/root/ScrollAreaRootCssVars.js
2026-10-06T22:12:04.3137721Z dist/scroll-area/root/ScrollAreaRootDataAttributes.d.ts
2026-10-06T22:12:04.3138091Z dist/scroll-area/root/ScrollAreaRootDataAttributes.js
2026-10-06T22:12:04.3138411Z dist/scroll-area/root/stateAttributes.d.ts
2026-10-06T22:12:04.3138709Z dist/scroll-area/root/stateAttributes.js
2026-10-06T22:12:04.3139055Z dist/scroll-area/scrollbar/ScrollAreaScrollbar.svelte
2026-10-06T22:12:04.3139426Z dist/scroll-area/scrollbar/ScrollAreaScrollbar.svelte.d.ts
2026-10-06T22:12:04.3139817Z dist/scroll-area/scrollbar/ScrollAreaScrollbarContext.d.ts
2026-10-06T22:12:04.3140183Z dist/scroll-area/scrollbar/ScrollAreaScrollbarContext.js
2026-10-06T22:12:04.3140549Z dist/scroll-area/scrollbar/ScrollAreaScrollbarCssVars.d.ts
2026-10-06T22:12:04.3140934Z dist/scroll-area/scrollbar/ScrollAreaScrollbarCssVars.js
2026-10-06T22:12:04.3141340Z dist/scroll-area/scrollbar/ScrollAreaScrollbarDataAttributes.d.ts
2026-10-06T22:12:04.3141765Z dist/scroll-area/scrollbar/ScrollAreaScrollbarDataAttributes.js
2026-10-06T22:12:04.3142117Z dist/scroll-area/thumb/ScrollAreaThumb.svelte
2026-10-06T22:12:04.3142438Z dist/scroll-area/thumb/ScrollAreaThumb.svelte.d.ts
2026-10-06T22:12:04.3142751Z dist/scroll-area/types.d.ts
2026-10-06T22:12:04.3143075Z dist/scroll-area/types.js
2026-10-06T22:12:04.3143435Z dist/scroll-area/utils/getOffset.d.ts
2026-10-06T22:12:04.3143951Z dist/scroll-area/utils/getOffset.js
2026-10-06T22:12:04.3144301Z dist/scroll-area/viewport/ScrollAreaViewport.svelte
2026-10-06T22:12:04.3144663Z dist/scroll-area/viewport/ScrollAreaViewport.svelte.d.ts
2026-10-06T22:12:04.3145023Z dist/scroll-area/viewport/ScrollAreaViewportContext.d.ts
2026-10-06T22:12:04.3145410Z dist/scroll-area/viewport/ScrollAreaViewportContext.js
2026-10-06T22:12:04.3145777Z dist/scroll-area/viewport/ScrollAreaViewportCssVars.d.ts
2026-10-06T22:12:04.3146123Z dist/scroll-area/viewport/ScrollAreaViewportCssVars.js
2026-10-06T22:12:04.3146425Z dist/separator/index.d.ts
2026-10-06T22:12:04.3146659Z dist/separator/index.js
2026-10-06T22:12:04.3146917Z dist/separator/Separator.svelte
2026-10-06T22:12:04.3147228Z dist/separator/Separator.svelte.d.ts
2026-10-06T22:12:04.3147485Z dist/separator/types.d.ts
2026-10-06T22:12:04.3147733Z dist/separator/types.js
2026-10-06T22:12:04.3147963Z dist/switch/index.d.ts
2026-10-06T22:12:04.3148208Z dist/switch/index.js
2026-10-06T22:12:04.3148536Z dist/switch/index.parts.d.ts
2026-10-06T22:12:04.3148889Z dist/switch/index.parts.js
2026-10-06T22:12:04.3149239Z dist/switch/root/SwitchRoot.svelte
2026-10-06T22:12:04.3149537Z dist/switch/root/SwitchRoot.svelte.d.ts
2026-10-06T22:12:04.3149843Z dist/switch/root/SwitchRootContext.d.ts
2026-10-06T22:12:04.3150146Z dist/switch/root/SwitchRootContext.js
2026-10-06T22:12:04.3150434Z dist/switch/root/SwitchRootDataAttributes.d.ts
2026-10-06T22:12:04.3150803Z dist/switch/root/SwitchRootDataAttributes.js
2026-10-06T22:12:04.3151098Z dist/switch/stateAttributesMapping.d.ts
2026-10-06T22:12:04.3151400Z dist/switch/stateAttributesMapping.js
2026-10-06T22:12:04.3151698Z dist/switch/thumb/SwitchThumb.svelte
2026-10-06T22:12:04.3151970Z dist/switch/thumb/SwitchThumb.svelte.d.ts
2026-10-06T22:12:04.3152278Z dist/switch/types.d.ts
2026-10-06T22:12:04.3152503Z dist/switch/types.js
2026-10-06T22:12:04.3152749Z dist/toast/Action.svelte
2026-10-06T22:12:04.3153008Z dist/toast/Action.svelte.d.ts
2026-10-06T22:12:04.3153238Z dist/toast/animations.d.ts
2026-10-06T22:12:04.3153490Z dist/toast/animations.js
2026-10-06T22:12:04.3153866Z dist/toast/Close.svelte
2026-10-06T22:12:04.3154147Z dist/toast/Close.svelte.d.ts
2026-10-06T22:12:04.3154405Z dist/toast/content.d.ts
2026-10-06T22:12:04.3154622Z dist/toast/content.js
2026-10-06T22:12:04.3154869Z dist/toast/Content.svelte
2026-10-06T22:12:04.3155114Z dist/toast/Content.svelte.d.ts
2026-10-06T22:12:04.3155392Z dist/toast/context.d.ts
2026-10-06T22:12:04.3155635Z dist/toast/context.js
2026-10-06T22:12:04.3155864Z dist/toast/createToastManager.d.ts
2026-10-06T22:12:04.3156163Z dist/toast/createToastManager.js
2026-10-06T22:12:04.3156414Z dist/toast/Description.svelte
2026-10-06T22:12:04.3156676Z dist/toast/Description.svelte.d.ts
2026-10-06T22:12:04.3156986Z dist/toast/facade.d.ts
2026-10-06T22:12:04.3157197Z dist/toast/facade.js
2026-10-06T22:12:04.3157466Z dist/toast/getToastManager.d.ts
2026-10-06T22:12:04.3157723Z dist/toast/getToastManager.js
2026-10-06T22:12:04.3157958Z dist/toast/id.d.ts
2026-10-06T22:12:04.3158194Z dist/toast/id.js
2026-10-06T22:12:04.3158411Z dist/toast/index.d.ts
2026-10-06T22:12:04.3158713Z dist/toast/index.js
2026-10-06T22:12:04.3158944Z dist/toast/Portal.svelte
2026-10-06T22:12:04.3159186Z dist/toast/Portal.svelte.d.ts
2026-10-06T22:12:04.3159461Z dist/toast/Provider.svelte
2026-10-06T22:12:04.3159716Z dist/toast/Provider.svelte.d.ts
2026-10-06T22:12:04.3160017Z dist/toast/RenderContent.svelte
2026-10-06T22:12:04.3160290Z dist/toast/RenderContent.svelte.d.ts
2026-10-06T22:12:04.3160591Z dist/toast/resolve-promise-options.d.ts
2026-10-06T22:12:04.3160889Z dist/toast/resolve-promise-options.js
2026-10-06T22:12:04.3161148Z dist/toast/root-context.d.ts
2026-10-06T22:12:04.3161395Z dist/toast/root-context.js
2026-10-06T22:12:04.3161651Z dist/toast/Root.svelte
2026-10-06T22:12:04.3161897Z dist/toast/Root.svelte.d.ts
2026-10-06T22:12:04.3162235Z dist/toast/store.d.ts
2026-10-06T22:12:04.3162461Z dist/toast/store.js
2026-10-06T22:12:04.3162757Z dist/toast/Title.svelte
2026-10-06T22:12:04.3162991Z dist/toast/Title.svelte.d.ts
2026-10-06T22:12:04.3163288Z dist/toast/types.d.ts
2026-10-06T22:12:04.3163521Z dist/toast/types.js
2026-10-06T22:12:04.3163856Z dist/toast/viewport-focus.d.ts
2026-10-06T22:12:04.3164136Z dist/toast/viewport-focus.js
2026-10-06T22:12:04.3164399Z dist/toast/Viewport.svelte
2026-10-06T22:12:04.3164643Z dist/toast/Viewport.svelte.d.ts
2026-10-06T22:12:04.3164947Z dist/toggle-group/index.d.ts
2026-10-06T22:12:04.3165185Z dist/toggle-group/index.js
2026-10-06T22:12:04.3165453Z dist/toggle-group/ToggleGroup.svelte
2026-10-06T22:12:04.3165760Z dist/toggle-group/ToggleGroup.svelte.d.ts
2026-10-06T22:12:04.3166046Z dist/toggle-group/ToggleGroupContext.d.ts
2026-10-06T22:12:04.3166366Z dist/toggle-group/ToggleGroupContext.js
2026-10-06T22:12:04.3166656Z dist/toggle-group/types.d.ts
2026-10-06T22:12:04.3166904Z dist/toggle-group/types.js
2026-10-06T22:12:04.3167163Z dist/toggle/index.d.ts
2026-10-06T22:12:04.3167380Z dist/toggle/index.js
2026-10-06T22:12:04.3167624Z dist/toggle/Toggle.svelte
2026-10-06T22:12:04.3167870Z dist/toggle/Toggle.svelte.d.ts
2026-10-06T22:12:04.3168154Z dist/toggle/types.d.ts
2026-10-06T22:12:04.3168396Z dist/toggle/types.js
2026-10-06T22:12:04.3168634Z dist/toolbar/button/ToolbarButton.svelte
2026-10-06T22:12:04.3168956Z dist/toolbar/button/ToolbarButton.svelte.d.ts
2026-10-06T22:12:04.3169256Z dist/toolbar/group/ToolbarGroup.svelte
2026-10-06T22:12:04.3169583Z dist/toolbar/group/ToolbarGroup.svelte.d.ts
2026-10-06T22:12:04.3169903Z dist/toolbar/group/ToolbarGroupContext.d.ts
2026-10-06T22:12:04.3170185Z dist/toolbar/group/ToolbarGroupContext.js
2026-10-06T22:12:04.3170475Z dist/toolbar/index.d.ts
2026-10-06T22:12:04.3170699Z dist/toolbar/index.js
2026-10-06T22:12:04.3170928Z dist/toolbar/index.parts.d.ts
2026-10-06T22:12:04.3171231Z dist/toolbar/index.parts.js
2026-10-06T22:12:04.3171483Z dist/toolbar/input/ToolbarInput.svelte
2026-10-06T22:12:04.3171798Z dist/toolbar/input/ToolbarInput.svelte.d.ts
2026-10-06T22:12:04.3172085Z dist/toolbar/link/ToolbarLink.svelte
2026-10-06T22:12:04.3172367Z dist/toolbar/link/ToolbarLink.svelte.d.ts
2026-10-06T22:12:04.3172675Z dist/toolbar/root/ToolbarRoot.svelte
2026-10-06T22:12:04.3172972Z dist/toolbar/root/ToolbarRoot.svelte.d.ts
2026-10-06T22:12:04.3173285Z dist/toolbar/root/ToolbarRootContext.d.ts
2026-10-06T22:12:04.3173572Z dist/toolbar/root/ToolbarRootContext.js
2026-10-06T22:12:04.3174194Z dist/toolbar/separator/ToolbarSeparator.svelte
2026-10-06T22:12:04.3174604Z dist/toolbar/separator/ToolbarSeparator.svelte.d.ts
2026-10-06T22:12:04.3174912Z dist/toolbar/types.d.ts
2026-10-06T22:12:04.3175173Z dist/toolbar/types.js
2026-10-06T22:12:04.3175403Z dist/tooltip/Arrow.svelte
2026-10-06T22:12:04.3175650Z dist/tooltip/Arrow.svelte.d.ts
2026-10-06T22:12:04.3175922Z dist/tooltip/context.d.ts
2026-10-06T22:12:04.3176157Z dist/tooltip/context.js
2026-10-06T22:12:04.3176452Z dist/tooltip/handle.svelte.d.ts
2026-10-06T22:12:04.3176701Z dist/tooltip/handle.svelte.js
2026-10-06T22:12:04.3176961Z dist/tooltip/index.d.ts
2026-10-06T22:12:04.3177194Z dist/tooltip/index.js
2026-10-06T22:12:04.3177426Z dist/tooltip/index.parts.d.ts
2026-10-06T22:12:04.3177683Z dist/tooltip/index.parts.js
2026-10-06T22:12:04.3177945Z dist/tooltip/Popup.svelte
2026-10-06T22:12:04.3178211Z dist/tooltip/Popup.svelte.d.ts
2026-10-06T22:12:04.3178462Z dist/tooltip/Portal.svelte
2026-10-06T22:12:04.3178712Z dist/tooltip/Portal.svelte.d.ts
2026-10-06T22:12:04.3178985Z dist/tooltip/Positioner.svelte
2026-10-06T22:12:04.3179248Z dist/tooltip/Positioner.svelte.d.ts
2026-10-06T22:12:04.3179612Z dist/tooltip/positioner/TooltipPositionerContext.d.ts
2026-10-06T22:12:04.3179963Z dist/tooltip/positioner/TooltipPositionerContext.js
2026-10-06T22:12:04.3180251Z dist/tooltip/Provider.svelte
2026-10-06T22:12:04.3180545Z dist/tooltip/Provider.svelte.d.ts
2026-10-06T22:12:04.3180846Z dist/tooltip/provider/TooltipProviderContext.d.ts
2026-10-06T22:12:04.3181262Z dist/tooltip/provider/TooltipProviderContext.js
2026-10-06T22:12:04.3181658Z dist/tooltip/Root.svelte
2026-10-06T22:12:04.3181901Z dist/tooltip/Root.svelte.d.ts
2026-10-06T22:12:04.3182195Z dist/tooltip/root/TooltipInteractions.svelte
2026-10-06T22:12:04.3182536Z dist/tooltip/root/TooltipInteractions.svelte.d.ts
2026-10-06T22:12:04.3182837Z dist/tooltip/store/TooltipHandle.svelte.d.ts
2026-10-06T22:12:04.3183185Z dist/tooltip/store/TooltipHandle.svelte.js
2026-10-06T22:12:04.3183485Z dist/tooltip/store/TooltipStore.svelte.d.ts
2026-10-06T22:12:04.3183971Z dist/tooltip/store/TooltipStore.svelte.js
2026-10-06T22:12:04.3184285Z dist/tooltip/Trigger.svelte
2026-10-06T22:12:04.3184533Z dist/tooltip/Trigger.svelte.d.ts
2026-10-06T22:12:04.3184809Z dist/tooltip/types.d.ts
2026-10-06T22:12:04.3185064Z dist/tooltip/types.js
2026-10-06T22:12:04.3185322Z dist/tooltip/utils/constants.d.ts
2026-10-06T22:12:04.3185600Z dist/tooltip/utils/constants.js
2026-10-06T22:12:04.3185838Z dist/tooltip/Viewport.svelte
2026-10-06T22:12:04.3186122Z dist/tooltip/Viewport.svelte.d.ts
2026-10-06T22:12:04.3186388Z dist/utils/closePart.svelte.d.ts
2026-10-06T22:12:04.3186693Z dist/utils/closePart.svelte.js
2026-10-06T22:12:04.3186972Z dist/utils/CommonPopupCssVars.d.ts
2026-10-06T22:12:04.3187231Z dist/utils/CommonPopupCssVars.js
2026-10-06T22:12:04.3187539Z dist/utils/CommonPopupDataAttributes.d.ts
2026-10-06T22:12:04.3187832Z dist/utils/CommonPopupDataAttributes.js
2026-10-06T22:12:04.3188124Z dist/utils/CommonPositionerCssVars.d.ts
2026-10-06T22:12:04.3188585Z dist/utils/CommonPositionerCssVars.js
2026-10-06T22:12:04.3188981Z dist/utils/CommonTriggerDataAttributes.d.ts
2026-10-06T22:12:04.3189428Z dist/utils/CommonTriggerDataAttributes.js
2026-10-06T22:12:04.3189837Z dist/utils/CommonViewportDataAttributes.d.ts
2026-10-06T22:12:04.3190263Z dist/utils/CommonViewportDataAttributes.js
2026-10-06T22:12:04.3190729Z dist/utils/dispatchClickWithModifiers.d.ts
2026-10-06T22:12:04.3191129Z dist/utils/dispatchClickWithModifiers.js
2026-10-06T22:12:04.3191570Z dist/utils/FloatingPortalLite.svelte
2026-10-06T22:12:04.3191925Z dist/utils/FloatingPortalLite.svelte.d.ts
2026-10-06T22:12:04.3192203Z dist/utils/FocusGuard.svelte
2026-10-06T22:12:04.3192501Z dist/utils/FocusGuard.svelte.d.ts
2026-10-06T22:12:04.3192788Z dist/utils/getCssDimensions.d.ts
2026-10-06T22:12:04.3193074Z dist/utils/getCssDimensions.js
2026-10-06T22:12:04.3193342Z dist/utils/getElementTransform.d.ts
2026-10-06T22:12:04.3193613Z dist/utils/getElementTransform.js
2026-10-06T22:12:04.3194021Z dist/utils/getPseudoElementBounds.d.ts
2026-10-06T22:12:04.3194310Z dist/utils/getPseudoElementBounds.js
2026-10-06T22:12:04.3194644Z dist/utils/InternalBackdrop.svelte
2026-10-06T22:12:04.3194924Z dist/utils/InternalBackdrop.svelte.d.ts
2026-10-06T22:12:04.3195396Z dist/utils/NullStore.svelte.d.ts
2026-10-06T22:12:04.3195661Z dist/utils/NullStore.svelte.js
2026-10-06T22:12:04.3195908Z dist/utils/popups/index.d.ts
2026-10-06T22:12:04.3196191Z dist/utils/popups/index.js
2026-10-06T22:12:04.3196440Z dist/utils/popups/inlineRect.d.ts
2026-10-06T22:12:04.3196749Z dist/utils/popups/inlineRect.js
2026-10-06T22:12:04.3197022Z dist/utils/popups/popupHandle.svelte.d.ts
2026-10-06T22:12:04.3197313Z dist/utils/popups/popupHandle.svelte.js
2026-10-06T22:12:04.3197623Z dist/utils/popups/PopupHandleAttachment.svelte
2026-10-06T22:12:04.3197992Z dist/utils/popups/PopupHandleAttachment.svelte.d.ts
2026-10-06T22:12:04.3198342Z dist/utils/popups/popupStoreUtils.svelte.d.ts
2026-10-06T22:12:04.3198653Z dist/utils/popups/popupStoreUtils.svelte.js
2026-10-06T22:12:04.3198962Z dist/utils/popups/popupTriggerMap.svelte.d.ts
2026-10-06T22:12:04.3199284Z dist/utils/popups/popupTriggerMap.svelte.js
2026-10-06T22:12:04.3199580Z dist/utils/popups/store.d.ts
2026-10-06T22:12:04.3199862Z dist/utils/popups/store.js
2026-10-06T22:12:04.3200154Z dist/utils/popups/usePopupHandleStore.svelte.d.ts
2026-10-06T22:12:04.3200485Z dist/utils/popups/usePopupHandleStore.svelte.js
2026-10-06T22:12:04.3200939Z dist/utils/popups/useTriggerFocusGuards.svelte.d.ts
2026-10-06T22:12:04.3201363Z dist/utils/popups/useTriggerFocusGuards.svelte.js
2026-10-06T22:12:04.3201768Z dist/utils/popupStateMapping.d.ts
2026-10-06T22:12:04.3202041Z dist/utils/popupStateMapping.js
2026-10-06T22:12:04.3202311Z dist/utils/resolveClassName.d.ts
2026-10-06T22:12:04.3202605Z dist/utils/resolveClassName.js
2026-10-06T22:12:04.3202858Z dist/utils/resolveRef.d.ts
2026-10-06T22:12:04.3203197Z dist/utils/resolveRef.js
2026-10-06T22:12:04.3203567Z dist/utils/resolveStyle.d.ts
2026-10-06T22:12:04.3203985Z dist/utils/resolveStyle.js
2026-10-06T22:12:04.3204292Z dist/utils/scrollEdges.d.ts
2026-10-06T22:12:04.3204538Z dist/utils/scrollEdges.js
2026-10-06T22:12:04.3204817Z dist/utils/StyleDisableScrollbar.svelte
2026-10-06T22:12:04.3205119Z dist/utils/StyleDisableScrollbar.svelte.d.ts
2026-10-06T22:12:04.3205436Z dist/utils/styles.d.ts
2026-10-06T22:12:04.3205685Z dist/utils/styles.js
2026-10-06T22:12:04.3205971Z dist/utils/useAnchoredPopupScrollLock.svelte.d.ts
2026-10-06T22:12:04.3206323Z dist/utils/useAnchoredPopupScrollLock.svelte.js
2026-10-06T22:12:04.3206636Z dist/utils/useFocusableWhenDisabled.d.ts
2026-10-06T22:12:04.3206993Z dist/utils/useFocusableWhenDisabled.js
2026-10-06T22:12:04.3207335Z dist/utils/useMixedToggleClickHandler.svelte.d.ts
2026-10-06T22:12:04.3207671Z dist/utils/useMixedToggleClickHandler.svelte.js
2026-10-06T22:12:04.3208009Z dist/utils/useOpenInteractionType.svelte.d.ts
2026-10-06T22:12:04.3208319Z dist/utils/useOpenInteractionType.svelte.js
2026-10-06T22:12:04.3208611Z dist/utils/usePopupAutoResize.svelte.d.ts
2026-10-06T22:12:04.3208977Z dist/utils/usePopupAutoResize.svelte.js
2026-10-06T22:12:04.3209270Z dist/utils/usePopupViewport.svelte.d.ts
2026-10-06T22:12:04.3209571Z dist/utils/usePopupViewport.svelte.js
2026-10-06T22:12:04.3209857Z dist/utils/usePositioner.svelte.d.ts
2026-10-06T22:12:04.3210124Z dist/utils/usePositioner.svelte.js
2026-10-06T22:12:04.3210453Z dist/utils/useRegisteredLabelId.svelte.d.ts
2026-10-06T22:12:04.3210788Z dist/utils/useRegisteredLabelId.svelte.js
2026-10-06T22:12:04.3211049Z LICENSE
2026-10-06T22:12:04.3211244Z package.json
2026-10-06T22:12:04.3211473Z patches/@sveltejs__kit@2.70.3.patch
2026-10-06T22:12:04.3211772Z patches/LICENSE.sveltekit
2026-10-06T22:12:04.3212004Z patches/README.md
2026-10-06T22:12:04.3212266Z THIRD_PARTY_NOTICES.md
2026-10-06T22:12:04.3212484Z Tarball Details
2026-10-06T22:12:04.3212800Z /home/runner/work/base/base/.checks/npm-package/sveltery-base-0.0.0.tgz
2026-10-06T22:12:04.3282928Z ##[group]Run pnpm check
2026-10-06T22:12:04.3283203Z [36;1mpnpm check[0m
2026-10-06T22:12:04.3317865Z shell: /usr/bin/bash -e {0}
2026-10-06T22:12:04.3318181Z env:
2026-10-06T22:12:04.3318522Z   SVELTERY_PACKAGE_ARTIFACTS: /home/runner/work/base/base/.checks/npm-package/artifacts.json
2026-10-06T22:12:04.3318916Z   PNPM_HOME: /home/runner/setup-pnpm/node_modules/.bin
2026-10-06T22:12:04.3318994Z   SVELTERY_WORKSPACE_READY: 1
2026-10-06T22:12:04.3319145Z ##[endgroup]
2026-10-06T22:12:04.3481182Z $ pnpm package:prepare && pnpm --recursive --sort --workspace-concurrency 1 run check
2026-10-06T22:12:04.3592054Z $ bash scripts/prepare-workspace.sh
2026-10-06T22:12:04.4720091Z Scope: 3 of 4 workspace projects
2026-10-06T22:12:04.4748294Z $ svelte-check --tsconfig ./tsconfig.json
2026-10-06T22:12:06.3089003Z Loading svelte-check in workspace: /home/runner/work/base/base/packages/utils
2026-10-06T22:12:06.3089709Z Getting Svelte diagnostics...
2026-10-06T22:12:06.3089954Z 
2026-10-06T22:12:06.3106276Z [32msvelte-check found 0 errors and 0 warnings
2026-10-06T22:12:06.3385315Z $ svelte-kit sync && svelte-check --tsconfig ./tsconfig.json
2026-10-06T22:12:19.4189968Z [39mLoading svelte-check in workspace: /home/runner/work/base/base/packages/base
2026-10-06T22:12:19.4190496Z Getting Svelte diagnostics...
2026-10-06T22:12:19.4190856Z 
2026-10-06T22:12:19.4208209Z /home/runner/work/base/base/packages/base/[32msrc/lib/menu/Trigger.svelte[39m:50:5
2026-10-06T22:12:19.4209920Z [31mError[39m: Type 'PropSources' is not assignable to type 'readonly (HTMLProps | ((props: HTMLProps) => HTMLProps))[] | undefined'.
2026-10-06T22:12:19.4213963Z   Type 'HTMLProps' is not assignable to type 'readonly (HTMLProps | ((props: HTMLProps) => HTMLProps))[] | undefined'.
2026-10-06T22:12:19.4214705Z     Type 'HTMLProps' is missing the following properties from type 'readonly (HTMLProps | ((props: HTMLProps) => HTMLProps))[]': length, concat, join, slice, and 20 more. (ts)
2026-10-06T22:12:19.4215366Z [36m    state={root.state}
2026-10-06T22:12:19.4215666Z     [35mprops[36m={root.props}
2026-10-06T22:12:19.4216061Z     stateAttributesMapping={pressableTriggerOpenStateMapping}[39m
2026-10-06T22:12:19.4216314Z 
2026-10-06T22:12:19.4230029Z /home/runner/work/base/base/packages/base/[32mtests/dom/fixtures/UtilsStoreSync.svelte[39m:12:37
2026-10-06T22:12:19.4231236Z [33mWarn[39m: This reference only captures the initial value of `initialValue`. Did you mean to reference it inside a derived instead?
2026-10-06T22:12:19.4232109Z https://svelte.dev/e/state_referenced_locally (svelte)
2026-10-06T22:12:19.4232562Z [36m  } = $props();
2026-10-06T22:12:19.4232978Z   let value = $state.raw({ current: [35minitialValue[36m });
2026-10-06T22:12:19.4233600Z   if (cleanup) store.useSyncedValueWithCleanup('value', () => value.current);[39m
2026-10-06T22:12:19.4234154Z 
2026-10-06T22:12:19.4234631Z /home/runner/work/base/base/packages/base/[32mtests/dom/fixtures/UtilsStoreSync.svelte[39m:13:7
2026-10-06T22:12:19.4235430Z [33mWarn[39m: This reference only captures the initial value of `cleanup`. Did you mean to reference it inside a closure instead?
2026-10-06T22:12:19.4236031Z https://svelte.dev/e/state_referenced_locally (svelte)
2026-10-06T22:12:19.4236564Z [36m  let value = $state.raw({ current: initialValue });
2026-10-06T22:12:19.4237211Z   if ([35mcleanup[36m) store.useSyncedValueWithCleanup('value', () => value.current);
2026-10-06T22:12:19.4237891Z   else store.useSyncedValue('value', () => value.current);[39m
2026-10-06T22:12:19.4238152Z 
2026-10-06T22:12:19.4238686Z /home/runner/work/base/base/packages/base/[32mtests/dom/fixtures/UtilsStoreSync.svelte[39m:13:16
2026-10-06T22:12:19.4239733Z [33mWarn[39m: This reference only captures the initial value of `store`. Did you mean to reference it inside a closure instead?
2026-10-06T22:12:19.4240446Z https://svelte.dev/e/state_referenced_locally (svelte)
2026-10-06T22:12:19.4241067Z [36m  let value = $state.raw({ current: initialValue });
2026-10-06T22:12:19.4242121Z   if (cleanup) [35mstore[36m.useSyncedValueWithCleanup('value', () => value.current);
2026-10-06T22:12:19.4242836Z   else store.useSyncedValue('value', () => value.current);[39m
2026-10-06T22:12:19.4243183Z 
2026-10-06T22:12:19.4243677Z /home/runner/work/base/base/packages/base/[32mtests/dom/fixtures/UtilsStoreSync.svelte[39m:14:8
2026-10-06T22:12:19.4245041Z [33mWarn[39m: This reference only captures the initial value of `store`. Did you mean to reference it inside a closure instead?
2026-10-06T22:12:19.4245806Z https://svelte.dev/e/state_referenced_locally (svelte)
2026-10-06T22:12:19.4246503Z [36m  if (cleanup) store.useSyncedValueWithCleanup('value', () => value.current);
2026-10-06T22:12:19.4247208Z   else [35mstore[36m.useSyncedValue('value', () => value.current);
2026-10-06T22:12:19.4247769Z   export const updateValue = (next: number) => {[39m
2026-10-06T22:12:19.4248039Z 
2026-10-06T22:12:19.4248596Z /home/runner/work/base/base/packages/base/[32mtests/dom/MenuTreeTriggerOwner.svelte[39m:15:23
2026-10-06T22:12:19.4249696Z [33mWarn[39m: This reference only captures the initial value of `tree`. Did you mean to reference it inside a closure instead?
2026-10-06T22:12:19.4250461Z https://svelte.dev/e/state_referenced_locally (svelte)
2026-10-06T22:12:19.4251213Z [36m  }: { tree: FloatingTreeStore; parentNodeId: string; children: Snippet } = $props();
2026-10-06T22:12:19.4251868Z   provideFloatingTree([35mtree[36m);
2026-10-06T22:12:19.4252335Z   provideFloatingNode(() => parentNodeId);[39m
2026-10-06T22:12:19.4252729Z 
2026-10-06T22:12:19.4253254Z /home/runner/work/base/base/packages/base/[32mtests/dom/NativeScrollAreaProbe.svelte[39m:7:3
2026-10-06T22:12:19.4254552Z [33mWarn[39m: This reference only captures the initial value of `capture`. Did you mean to reference it inside a closure instead?
2026-10-06T22:12:19.4255346Z https://svelte.dev/e/state_referenced_locally (svelte)
2026-10-06T22:12:19.4256095Z [36m  let { capture }: { capture: (context: ScrollAreaRootContext) => void } = $props();
2026-10-06T22:12:19.4256687Z   [35mcapture[36m(useScrollAreaRootContext());
2026-10-06T22:12:19.4257104Z </script>[39m
2026-10-06T22:12:19.4257288Z 
2026-10-06T22:12:19.4294845Z ====================================
2026-10-06T22:12:19.4296069Z [31msvelte-check found 1 error and 6 warnings in 4 files
2026-10-06T22:12:19.4832376Z [ELIFECYCLE] Command failed with exit code 1.
2026-10-06T22:12:19.5129245Z Error: ERR_PNPM_RECURSIVE_RUN_FIRST_FAIL
2026-10-06T22:12:19.5129517Z 
2026-10-06T22:12:19.5135237Z   × "pnpm recursive run" failed in /home/runner/work/base/base/packages/base
2026-10-06T22:12:19.5135614Z 
2026-10-06T22:12:19.5138402Z [ELIFECYCLE] Command failed with exit code 1.
2026-10-06T22:12:19.5148035Z [39m
2026-10-06T22:12:19.5158936Z ##[error]Process completed with exit code 1.
2026-10-06T22:12:19.5240237Z ##[group]Run actions/upload-artifact@ea165f8d65b6e75b540449e92b4886f43607fa02
2026-10-06T22:12:19.5240637Z with:
2026-10-06T22:12:19.5240866Z   name: npm-package-analysis
2026-10-06T22:12:19.5241334Z   path: .checks/npm-package/
2026-10-06T22:12:19.5241586Z   if-no-files-found: warn
2026-10-06T22:12:19.5241820Z   retention-days: 14
2026-10-06T22:12:19.5242077Z   compression-level: 6
2026-10-06T22:12:19.5242313Z   overwrite: false
2026-10-06T22:12:19.5242555Z   include-hidden-files: false
2026-10-06T22:12:19.5242791Z env:
2026-10-06T22:12:19.5243108Z   SVELTERY_PACKAGE_ARTIFACTS: /home/runner/work/base/base/.checks/npm-package/artifacts.json
2026-10-06T22:12:19.5243567Z   PNPM_HOME: /home/runner/setup-pnpm/node_modules/.bin
2026-10-06T22:12:19.5244478Z   SVELTERY_WORKSPACE_READY: 1
2026-10-06T22:12:19.5244742Z ##[endgroup]
2026-10-06T22:12:19.6479604Z (node:3883) [DEP0040] DeprecationWarning: The `punycode` module is deprecated. Please use a userland alternative instead.
2026-10-06T22:12:19.6480844Z (Use `node --trace-deprecation ...` to show where the warning was created)
2026-10-06T22:12:19.6555931Z With the provided path, there will be 3 files uploaded
2026-10-06T22:12:19.6556767Z Artifact name is valid!
2026-10-06T22:12:19.6557187Z Root directory input is valid!
2026-10-06T22:12:19.9733303Z Beginning upload of artifact content to blob storage
2026-10-06T22:12:19.9993454Z (node:3883) [DEP0169] DeprecationWarning: `url.parse()` behavior is not standardized and prone to errors that have security implications. Use the WHATWG URL API instead. CVEs are not issued for `url.parse()` vulnerabilities.
2026-10-06T22:12:20.3593969Z Uploaded bytes 363975
2026-10-06T22:12:20.4035231Z Finished uploading artifact content to blob storage!
2026-10-06T22:12:20.4035943Z SHA256 digest of uploaded artifact zip is efa5b48980ae8566264e3ef0b1c65403470a4e06d371b8e586cd9e70c1054e71
2026-10-06T22:12:20.4037328Z Finalizing artifact upload
2026-10-06T22:12:20.6586013Z Artifact npm-package-analysis.zip successfully finalized. Artifact ID 11447917148
2026-10-06T22:12:20.6586860Z Artifact npm-package-analysis has been successfully uploaded! Final size is 363975 bytes. Artifact ID is 11447917148
2026-10-06T22:12:20.6592714Z Artifact download URL: https://github.com/sveltery/base/actions/runs/37538005003/artifacts/11447917148
2026-10-06T22:12:20.6721614Z Post job cleanup.
2026-10-06T22:12:20.7745011Z Pruning is unnecessary.
2026-10-06T22:12:20.7852158Z Post job cleanup.
2026-10-06T22:12:20.8490658Z [command]/usr/bin/git version
2026-10-06T22:12:20.8521667Z git version 2.55.0
2026-10-06T22:12:20.8548670Z Temporarily overriding HOME='/home/runner/work/_temp/0808066f-d822-401b-9121-019fccc0eafd' before making global git config changes
2026-10-06T22:12:20.8550068Z Adding repository directory to the temporary git global config as a safe directory
2026-10-06T22:12:20.8553211Z [command]/usr/bin/git config --global --add safe.directory /home/runner/work/base/base
2026-10-06T22:12:20.8578620Z Removing SSH command configuration
2026-10-06T22:12:20.8583087Z [command]/usr/bin/git config --local --name-only --get-regexp core\.sshCommand
2026-10-06T22:12:20.8607646Z [command]/usr/bin/git submodule foreach --recursive sh -c "git config --local --name-only --get-regexp 'core\.sshCommand' && git config --local --unset-all 'core.sshCommand' || :"
2026-10-06T22:12:20.8773241Z Removing HTTP extra header
2026-10-06T22:12:20.8777621Z [command]/usr/bin/git config --local --name-only --get-regexp http\.https\:\/\/github\.com\/\.extraheader
2026-10-06T22:12:20.8799750Z [command]/usr/bin/git submodule foreach --recursive sh -c "git config --local --name-only --get-regexp 'http\.https\:\/\/github\.com\/\.extraheader' && git config --local --unset-all 'http.https://github.com/.extraheader' || :"
2026-10-06T22:12:20.8958366Z Removing includeIf entries pointing to credentials config files
2026-10-06T22:12:20.8964711Z [command]/usr/bin/git config --local --name-only --get-regexp ^includeIf\.gitdir:
2026-10-06T22:12:20.8985507Z [command]/usr/bin/git submodule foreach --recursive git config --local --show-origin --name-only --get-regexp remote.origin.url
2026-10-06T22:12:20.9267554Z Cleaning up orphan processes
2026-10-06T22:12:20.9471646Z ##[warning]Node.js 20 is deprecated. The following actions target Node.js 20 but are being forced to run on Node.js 24: actions/upload-artifact@ea165f8d65b6e75b540449e92b4886f43607fa02. For more information see: https://github.blog/changelog/2025-09-19-deprecation-of-node-20-on-github-actions-runners/
