2026-10-06T21:58:58.1493190Z Current runner version: '2.337.0'
2026-10-06T21:58:58.1515169Z ##[group]Runner Image Provisioner
2026-10-06T21:58:58.1515991Z Hosted Compute Agent
2026-10-06T21:58:58.1516538Z Version: 20260901.588
2026-10-06T21:58:58.1517096Z Commit: f88ec8081b781fac6c440065ac7ff9e710ce3d0b
2026-10-06T21:58:58.1517725Z Build Date: 2026-09-01T19:56:44Z
2026-10-06T21:58:58.1518557Z Worker ID: {ea703a03-43ad-40a4-979c-52804c2c9804}
2026-10-06T21:58:58.1519210Z Azure Region: centralus
2026-10-06T21:58:58.1519699Z ##[endgroup]
2026-10-06T21:58:58.1520865Z ##[group]Operating System
2026-10-06T21:58:58.1521403Z Ubuntu
2026-10-06T21:58:58.1521849Z 22.04.5
2026-10-06T21:58:58.1522290Z LTS
2026-10-06T21:58:58.1522788Z ##[endgroup]
2026-10-06T21:58:58.1523226Z ##[group]Runner Image
2026-10-06T21:58:58.1523778Z Image: ubuntu-22.04
2026-10-06T21:58:58.1524293Z Version: 20260927.309.1
2026-10-06T21:58:58.1525423Z Included Software: https://github.com/actions/runner-images/blob/ubuntu22/20260927.309/images/ubuntu/Ubuntu2204-Readme.md
2026-10-06T21:58:58.1526688Z Image Release: https://github.com/actions/runner-images/releases/tag/ubuntu22%2F20260927.309
2026-10-06T21:58:58.1527535Z ##[endgroup]
2026-10-06T21:58:58.1528543Z ##[group]GITHUB_TOKEN Permissions
2026-10-06T21:58:58.1530501Z Contents: read
2026-10-06T21:58:58.1530990Z Metadata: read
2026-10-06T21:58:58.1531489Z ##[endgroup]
2026-10-06T21:58:58.1533228Z Secret source: Actions
2026-10-06T21:58:58.1534050Z Cache mode: write
2026-10-06T21:58:58.1534702Z Prepare workflow directory
2026-10-06T21:58:58.1818065Z Prepare all required actions
2026-10-06T21:58:58.1861249Z Getting action download info
2026-10-06T21:58:58.5197207Z Download action repository 'actions/checkout@d23441a48e516b6c34aea4fa41551a30e30af803' (SHA:d23441a48e516b6c34aea4fa41551a30e30af803)
2026-10-06T21:58:58.5910286Z Download action repository 'pnpm/action-setup@fc06bc1257f339d1d5d8b3a19a8cae5388b55320' (SHA:fc06bc1257f339d1d5d8b3a19a8cae5388b55320)
2026-10-06T21:58:58.9793733Z Download action repository 'actions/setup-node@249970729cb0ef3589644e2896645e5dc5ba9c38' (SHA:249970729cb0ef3589644e2896645e5dc5ba9c38)
2026-10-06T21:58:59.1103345Z Download action repository 'actions/upload-artifact@ea165f8d65b6e75b540449e92b4886f43607fa02' (SHA:ea165f8d65b6e75b540449e92b4886f43607fa02)
2026-10-06T21:58:59.3428310Z Complete job name: Collapsible browser
2026-10-06T21:58:59.4057706Z ##[group]Run actions/checkout@d23441a48e516b6c34aea4fa41551a30e30af803
2026-10-06T21:58:59.4058868Z with:
2026-10-06T21:58:59.4059403Z   ref: 2152c5d5814000198ec232c655601a40c9a717b4
2026-10-06T21:58:59.4060004Z   persist-credentials: false
2026-10-06T21:58:59.4060521Z   repository: sveltery/base
2026-10-06T21:58:59.4063742Z   token: ***
2026-10-06T21:58:59.4064174Z   ssh-strict: true
2026-10-06T21:58:59.4064665Z   ssh-user: git
2026-10-06T21:58:59.4065111Z   clean: true
2026-10-06T21:58:59.4065571Z   sparse-checkout-cone-mode: true
2026-10-06T21:58:59.4066108Z   fetch-depth: 1
2026-10-06T21:58:59.4066566Z   fetch-tags: false
2026-10-06T21:58:59.4067011Z   show-progress: true
2026-10-06T21:58:59.4067527Z   lfs: false
2026-10-06T21:58:59.4067963Z   submodules: false
2026-10-06T21:58:59.4068624Z   set-safe-directory: true
2026-10-06T21:58:59.4069150Z   allow-unsafe-pr-checkout: false
2026-10-06T21:58:59.4069842Z ##[endgroup]
2026-10-06T21:58:59.4962693Z Syncing repository: sveltery/base
2026-10-06T21:58:59.4965536Z ##[group]Getting Git version info
2026-10-06T21:58:59.4966534Z Working directory is '/home/runner/work/base/base'
2026-10-06T21:58:59.4967920Z [command]/usr/bin/git version
2026-10-06T21:58:59.4974498Z git version 2.55.0
2026-10-06T21:58:59.5040907Z ##[endgroup]
2026-10-06T21:58:59.5048405Z Temporarily overriding HOME='/home/runner/work/_temp/c9a8b8a8-528d-45d4-9e18-c4b97dc46dcc' before making global git config changes
2026-10-06T21:58:59.5050734Z Adding repository directory to the temporary git global config as a safe directory
2026-10-06T21:58:59.5052368Z [command]/usr/bin/git config --global --add safe.directory /home/runner/work/base/base
2026-10-06T21:58:59.5063980Z Deleting the contents of '/home/runner/work/base/base'
2026-10-06T21:58:59.5067663Z ##[group]Determining repository object format
2026-10-06T21:58:59.5078502Z ##[endgroup]
2026-10-06T21:58:59.5080076Z ##[group]Initializing the repository
2026-10-06T21:58:59.5081367Z [command]/usr/bin/git init /home/runner/work/base/base
2026-10-06T21:58:59.5161821Z hint: Using 'master' as the name for the initial branch. This default branch name
2026-10-06T21:58:59.5163703Z hint: will change to "main" in Git 3.0. To configure the initial branch name
2026-10-06T21:58:59.5165115Z hint: to use in all of your new repositories, which will suppress this warning,
2026-10-06T21:58:59.5166365Z hint: call:
2026-10-06T21:58:59.5167103Z hint:
2026-10-06T21:58:59.5167972Z hint: 	git config --global init.defaultBranch <name>
2026-10-06T21:58:59.5170031Z hint:
2026-10-06T21:58:59.5171157Z hint: Names commonly chosen instead of 'master' are 'main', 'trunk' and
2026-10-06T21:58:59.5172330Z hint: 'development'. The just-created branch can be renamed via this command:
2026-10-06T21:58:59.5173161Z hint:
2026-10-06T21:58:59.5174049Z hint: 	git branch -m <name>
2026-10-06T21:58:59.5174869Z hint:
2026-10-06T21:58:59.5175858Z hint: Disable this message with "git config set advice.defaultBranchName false"
2026-10-06T21:58:59.5177491Z Initialized empty Git repository in /home/runner/work/base/base/.git/
2026-10-06T21:58:59.5180216Z [command]/usr/bin/git remote add origin https://github.com/sveltery/base
2026-10-06T21:58:59.5196963Z ##[endgroup]
2026-10-06T21:58:59.5198386Z ##[group]Disabling automatic garbage collection
2026-10-06T21:58:59.5200244Z [command]/usr/bin/git config --local gc.auto 0
2026-10-06T21:58:59.5225636Z ##[endgroup]
2026-10-06T21:58:59.5226791Z ##[group]Setting up auth
2026-10-06T21:58:59.5227548Z Removing SSH command configuration
2026-10-06T21:58:59.5232520Z [command]/usr/bin/git config --local --name-only --get-regexp core\.sshCommand
2026-10-06T21:58:59.5257604Z [command]/usr/bin/git submodule foreach --recursive sh -c "git config --local --name-only --get-regexp 'core\.sshCommand' && git config --local --unset-all 'core.sshCommand' || :"
2026-10-06T21:58:59.5509507Z Removing HTTP extra header
2026-10-06T21:58:59.5511839Z [command]/usr/bin/git config --local --name-only --get-regexp http\.https\:\/\/github\.com\/\.extraheader
2026-10-06T21:58:59.5542467Z [command]/usr/bin/git submodule foreach --recursive sh -c "git config --local --name-only --get-regexp 'http\.https\:\/\/github\.com\/\.extraheader' && git config --local --unset-all 'http.https://github.com/.extraheader' || :"
2026-10-06T21:58:59.5723548Z Removing includeIf entries pointing to credentials config files
2026-10-06T21:58:59.5725130Z [command]/usr/bin/git config --local --name-only --get-regexp ^includeIf\.gitdir:
2026-10-06T21:58:59.5743171Z [command]/usr/bin/git submodule foreach --recursive git config --local --show-origin --name-only --get-regexp remote.origin.url
2026-10-06T21:58:59.5907821Z [command]/usr/bin/git config --file /home/runner/work/_temp/git-credentials-131167fd-36e6-46f1-88a2-fe96f2827308.config http.https://github.com/.extraheader AUTHORIZATION: basic ***
2026-10-06T21:58:59.5937053Z [command]/usr/bin/git config --local includeIf.gitdir:/home/runner/work/base/base/.git.path /home/runner/work/_temp/git-credentials-131167fd-36e6-46f1-88a2-fe96f2827308.config
2026-10-06T21:58:59.5961715Z [command]/usr/bin/git config --local includeIf.gitdir:/home/runner/work/base/base/.git/worktrees/*.path /home/runner/work/_temp/git-credentials-131167fd-36e6-46f1-88a2-fe96f2827308.config
2026-10-06T21:58:59.5987340Z [command]/usr/bin/git config --local includeIf.gitdir:/github/workspace/.git.path /github/runner_temp/git-credentials-131167fd-36e6-46f1-88a2-fe96f2827308.config
2026-10-06T21:58:59.6014538Z [command]/usr/bin/git config --local includeIf.gitdir:/github/workspace/.git/worktrees/*.path /github/runner_temp/git-credentials-131167fd-36e6-46f1-88a2-fe96f2827308.config
2026-10-06T21:58:59.6037676Z ##[endgroup]
2026-10-06T21:58:59.6039011Z ##[group]Fetching the repository
2026-10-06T21:58:59.6045227Z [command]/usr/bin/git -c protocol.version=2 fetch --no-tags --prune --no-recurse-submodules --depth=1 origin 2152c5d5814000198ec232c655601a40c9a717b4
2026-10-06T21:59:01.4391992Z From https://github.com/sveltery/base
2026-10-06T21:59:01.4396781Z  * branch            2152c5d5814000198ec232c655601a40c9a717b4 -> FETCH_HEAD
2026-10-06T21:59:01.4400849Z [command]/usr/bin/git rev-parse --verify --quiet 2152c5d5814000198ec232c655601a40c9a717b4^{object}
2026-10-06T21:59:01.4422628Z 2152c5d5814000198ec232c655601a40c9a717b4
2026-10-06T21:59:01.4425445Z ##[endgroup]
2026-10-06T21:59:01.4426081Z ##[group]Determining the checkout info
2026-10-06T21:59:01.4426973Z ##[endgroup]
2026-10-06T21:59:01.4432216Z [command]/usr/bin/git sparse-checkout disable
2026-10-06T21:59:01.4467393Z [command]/usr/bin/git config --local --unset-all extensions.worktreeConfig
2026-10-06T21:59:01.4493011Z ##[group]Checking out the ref
2026-10-06T21:59:01.4496532Z [command]/usr/bin/git checkout --progress --force 2152c5d5814000198ec232c655601a40c9a717b4
2026-10-06T21:59:01.7697908Z Note: switching to '2152c5d5814000198ec232c655601a40c9a717b4'.
2026-10-06T21:59:01.7698564Z 
2026-10-06T21:59:01.7698889Z You are in 'detached HEAD' state. You can look around, make experimental
2026-10-06T21:59:01.7699468Z changes and commit them, and you can discard any commits you make in this
2026-10-06T21:59:01.7699958Z state without impacting any branches by switching back to a branch.
2026-10-06T21:59:01.7700202Z 
2026-10-06T21:59:01.7700371Z If you want to create a new branch to retain commits you create, you may
2026-10-06T21:59:01.7700764Z do so (now or later) by using -c with the switch command. Example:
2026-10-06T21:59:01.7700994Z 
2026-10-06T21:59:01.7701095Z   git switch -c <new-branch-name>
2026-10-06T21:59:01.7701287Z 
2026-10-06T21:59:01.7701391Z Or undo this operation with:
2026-10-06T21:59:01.7701552Z 
2026-10-06T21:59:01.7701632Z   git switch -
2026-10-06T21:59:01.7701748Z 
2026-10-06T21:59:01.7701942Z Turn off this advice by setting config variable advice.detachedHead to false
2026-10-06T21:59:01.7702205Z 
2026-10-06T21:59:01.7702450Z HEAD is now at 2152c5d fix(collapsible): publish reviewed native source repair diagnostic batch
2026-10-06T21:59:01.7715666Z ##[endgroup]
2026-10-06T21:59:01.7750436Z [command]/usr/bin/git log -1 --format=%H
2026-10-06T21:59:01.7771236Z 2152c5d5814000198ec232c655601a40c9a717b4
2026-10-06T21:59:01.7779138Z ##[group]Removing auth
2026-10-06T21:59:01.7779582Z Removing SSH command configuration
2026-10-06T21:59:01.7783068Z [command]/usr/bin/git config --local --name-only --get-regexp core\.sshCommand
2026-10-06T21:59:01.7808909Z [command]/usr/bin/git submodule foreach --recursive sh -c "git config --local --name-only --get-regexp 'core\.sshCommand' && git config --local --unset-all 'core.sshCommand' || :"
2026-10-06T21:59:01.7986857Z Removing HTTP extra header
2026-10-06T21:59:01.7987543Z [command]/usr/bin/git config --local --name-only --get-regexp http\.https\:\/\/github\.com\/\.extraheader
2026-10-06T21:59:01.8012373Z [command]/usr/bin/git submodule foreach --recursive sh -c "git config --local --name-only --get-regexp 'http\.https\:\/\/github\.com\/\.extraheader' && git config --local --unset-all 'http.https://github.com/.extraheader' || :"
2026-10-06T21:59:01.8181610Z Removing includeIf entries pointing to credentials config files
2026-10-06T21:59:01.8184565Z [command]/usr/bin/git config --local --name-only --get-regexp ^includeIf\.gitdir:
2026-10-06T21:59:01.8203225Z includeif.gitdir:/home/runner/work/base/base/.git.path
2026-10-06T21:59:01.8203829Z includeif.gitdir:/home/runner/work/base/base/.git/worktrees/*.path
2026-10-06T21:59:01.8204191Z includeif.gitdir:/github/workspace/.git.path
2026-10-06T21:59:01.8204678Z includeif.gitdir:/github/workspace/.git/worktrees/*.path
2026-10-06T21:59:01.8210753Z [command]/usr/bin/git config --local --get-all includeif.gitdir:/home/runner/work/base/base/.git.path
2026-10-06T21:59:01.8228705Z /home/runner/work/_temp/git-credentials-131167fd-36e6-46f1-88a2-fe96f2827308.config
2026-10-06T21:59:01.8235799Z [command]/usr/bin/git config --local --unset includeif.gitdir:/home/runner/work/base/base/.git.path /home/runner/work/_temp/git-credentials-131167fd-36e6-46f1-88a2-fe96f2827308.config
2026-10-06T21:59:01.8263429Z [command]/usr/bin/git config --local --get-all includeif.gitdir:/home/runner/work/base/base/.git/worktrees/*.path
2026-10-06T21:59:01.8280928Z /home/runner/work/_temp/git-credentials-131167fd-36e6-46f1-88a2-fe96f2827308.config
2026-10-06T21:59:01.8286819Z [command]/usr/bin/git config --local --unset includeif.gitdir:/home/runner/work/base/base/.git/worktrees/*.path /home/runner/work/_temp/git-credentials-131167fd-36e6-46f1-88a2-fe96f2827308.config
2026-10-06T21:59:01.8315908Z [command]/usr/bin/git config --local --get-all includeif.gitdir:/github/workspace/.git.path
2026-10-06T21:59:01.8340552Z /github/runner_temp/git-credentials-131167fd-36e6-46f1-88a2-fe96f2827308.config
2026-10-06T21:59:01.8346168Z [command]/usr/bin/git config --local --unset includeif.gitdir:/github/workspace/.git.path /github/runner_temp/git-credentials-131167fd-36e6-46f1-88a2-fe96f2827308.config
2026-10-06T21:59:01.8378299Z [command]/usr/bin/git config --local --get-all includeif.gitdir:/github/workspace/.git/worktrees/*.path
2026-10-06T21:59:01.8394361Z /github/runner_temp/git-credentials-131167fd-36e6-46f1-88a2-fe96f2827308.config
2026-10-06T21:59:01.8399153Z [command]/usr/bin/git config --local --unset includeif.gitdir:/github/workspace/.git/worktrees/*.path /github/runner_temp/git-credentials-131167fd-36e6-46f1-88a2-fe96f2827308.config
2026-10-06T21:59:01.8425690Z [command]/usr/bin/git submodule foreach --recursive git config --local --show-origin --name-only --get-regexp remote.origin.url
2026-10-06T21:59:01.8590687Z Removing credentials config '/home/runner/work/_temp/git-credentials-131167fd-36e6-46f1-88a2-fe96f2827308.config'
2026-10-06T21:59:01.8598762Z ##[endgroup]
2026-10-06T21:59:01.8783382Z ##[group]Run pnpm/action-setup@fc06bc1257f339d1d5d8b3a19a8cae5388b55320
2026-10-06T21:59:01.8783729Z with:
2026-10-06T21:59:01.8783909Z   version: 12.6.0
2026-10-06T21:59:01.8784092Z   run_install: false
2026-10-06T21:59:01.8784278Z   dest: ~/setup-pnpm
2026-10-06T21:59:01.8784458Z   cache: false
2026-10-06T21:59:01.8784662Z   cache_dependency_path: pnpm-lock.yaml
2026-10-06T21:59:01.8784904Z   package_json_file: package.json
2026-10-06T21:59:01.8785123Z   standalone: false
2026-10-06T21:59:01.8785311Z ##[endgroup]
2026-10-06T21:59:02.0031384Z ##[group]Running self-installer...
2026-10-06T21:59:02.3638895Z (node:1959) [DEP0169] DeprecationWarning: `url.parse()` behavior is not standardized and prone to errors that have security implications. Use the WHATWG URL API instead. CVEs are not issued for `url.parse()` vulnerabilities.
2026-10-06T21:59:02.3639845Z (Use `node --trace-deprecation ...` to show where the warning was created)
2026-10-06T21:59:02.5929942Z Progress: resolved 1, reused 0, downloaded 0, added 0
2026-10-06T21:59:02.8099600Z Packages: +3
2026-10-06T21:59:02.8100236Z +++
2026-10-06T21:59:03.3987212Z Progress: resolved 15, reused 0, downloaded 3, added 3, done
2026-10-06T21:59:03.4121502Z .../.pnpm/pnpm@12.6.0/node_modules/pnpm preinstall$ node install.js
2026-10-06T21:59:03.7753883Z .../.pnpm/pnpm@12.6.0/node_modules/pnpm preinstall: Done
2026-10-06T21:59:03.7758652Z .../.pnpm/pnpm@12.6.0/node_modules/pnpm postinstall$ node install.js
2026-10-06T21:59:03.8140418Z .../.pnpm/pnpm@12.6.0/node_modules/pnpm postinstall: Done
2026-10-06T21:59:05.1389981Z 
2026-10-06T21:59:05.1390530Z dependencies:
2026-10-06T21:59:05.1390893Z + pnpm 12.6.0 (12.9.1 is available)
2026-10-06T21:59:05.1391125Z 
2026-10-06T21:59:05.1412520Z Done in 2.9s
2026-10-06T21:59:05.1761457Z ##[endgroup]
2026-10-06T21:59:05.1761770Z Installation Completed!
2026-10-06T21:59:05.1902621Z ##[group]Run actions/setup-node@249970729cb0ef3589644e2896645e5dc5ba9c38
2026-10-06T21:59:05.1902935Z with:
2026-10-06T21:59:05.1903110Z   node-version: 24
2026-10-06T21:59:05.1903300Z   package-manager-cache: false
2026-10-06T21:59:05.1903648Z   check-latest: false
2026-10-06T21:59:05.1905865Z   token: ***
2026-10-06T21:59:05.1906029Z env:
2026-10-06T21:59:05.1906248Z   PNPM_HOME: /home/runner/setup-pnpm/node_modules/.bin
2026-10-06T21:59:05.1906505Z ##[endgroup]
2026-10-06T21:59:05.3152919Z Found in cache @ /opt/hostedtoolcache/node/24.21.0/x64
2026-10-06T21:59:05.3155932Z ##[group]Environment details
2026-10-06T21:59:05.5970698Z node: v24.21.0
2026-10-06T21:59:05.5971013Z npm: 11.19.0
2026-10-06T21:59:05.5971263Z yarn: 1.22.22
2026-10-06T21:59:05.5971855Z ##[endgroup]
2026-10-06T21:59:05.6072697Z ##[group]Run bash scripts/bootstrap.sh
2026-10-06T21:59:05.6073047Z [36;1mbash scripts/bootstrap.sh[0m
2026-10-06T21:59:05.6305282Z shell: /usr/bin/bash -e {0}
2026-10-06T21:59:05.6305534Z env:
2026-10-06T21:59:05.6305775Z   PNPM_HOME: /home/runner/setup-pnpm/node_modules/.bin
2026-10-06T21:59:05.6306047Z ##[endgroup]
2026-10-06T21:59:05.7306424Z Scope: all 4 workspace projects
2026-10-06T21:59:05.7459376Z ? Verifying lockfile against supply-chain policies (344 entries)...
2026-10-06T21:59:05.9446059Z Packages are hard linked from the content-addressable store to the virtual store.
2026-10-06T21:59:05.9447099Z   Content-addressable store is at: /home/runner/setup-pnpm/node_modules/.bin/store/v11
2026-10-06T21:59:05.9448067Z   Virtual store is at:             node_modules/.pnpm
2026-10-06T21:59:06.4099813Z Downloading @rolldown/binding-linux-x64-gnu@1.2.11: 0.00 B/7.94 MB
2026-10-06T21:59:07.3064140Z ✓ Lockfile passes supply-chain policies (344 entries in 1.6s)
2026-10-06T21:59:07.3064931Z Lockfile is up to date, resolution step is skipped
2026-10-06T21:59:07.3112240Z Packages: +322
2026-10-06T21:59:07.3112980Z ++++++++++++++++++++++++++++++++++++++++++++++++++++++++++++++++++++++++++++++++
2026-10-06T21:59:07.3392700Z Progress: resolved 322, reused 0, downloaded 319, added 322, done
2026-10-06T21:59:07.4030956Z packages/base prepare$ svelte-kit sync
2026-10-06T21:59:08.0371777Z packages/base prepare: Done
2026-10-06T21:59:08.0388986Z apps/fixtures prepare$ svelte-kit sync
2026-10-06T21:59:08.7827394Z apps/fixtures prepare: Done
2026-10-06T21:59:08.7844678Z 
2026-10-06T21:59:08.7845310Z devDependencies:
2026-10-06T21:59:08.7845922Z + @arethetypeswrong/cli 0.18.5
2026-10-06T21:59:08.7847008Z + @arethetypeswrong/core 0.18.5
2026-10-06T21:59:08.7847526Z + @eslint/js 10.0.1
2026-10-06T21:59:08.7847919Z + @playwright/test 1.63.0
2026-10-06T21:59:08.7848422Z + eslint 10.11.0
2026-10-06T21:59:08.7848864Z + eslint-config-prettier 10.1.8
2026-10-06T21:59:08.7849387Z + eslint-plugin-svelte 3.23.0
2026-10-06T21:59:08.7849756Z + globals 17.12.0
2026-10-06T21:59:08.7850044Z + prettier 3.9.9
2026-10-06T21:59:08.7850537Z + prettier-plugin-svelte 4.1.1
2026-10-06T21:59:08.7850954Z + publint 0.3.25
2026-10-06T21:59:08.7851244Z + svelte 5.57.1
2026-10-06T21:59:08.7851542Z + typescript 6.0.3
2026-10-06T21:59:08.7851894Z + typescript-eslint 8.71.0
2026-10-06T21:59:08.7852111Z 
2026-10-06T21:59:08.7957656Z Done in 3.1s using pnpm v12.6.0
2026-10-06T21:59:08.8277448Z $ pnpm --recursive --filter './packages/*' --sort --workspace-concurrency 1 --if-present run prepack
2026-10-06T21:59:08.8419428Z Scope: 2 of 4 workspace projects
2026-10-06T21:59:08.8446141Z $ pnpm run build && publint --strict
2026-10-06T21:59:08.8591955Z $ svelte-package
2026-10-06T21:59:10.6250285Z src/lib -> dist
2026-10-06T21:59:10.6988869Z Running [1mpublint v0.3.25[22m for [1m@sveltery/utils[22m...
2026-10-06T21:59:10.7030089Z Packing files with `pnpm pack`...
2026-10-06T21:59:10.7270829Z Linting...
2026-10-06T21:59:10.7420963Z [1m[32mAll good![39m[22m
2026-10-06T21:59:10.7456202Z $ svelte-kit sync && svelte-package && publint --strict
2026-10-06T21:59:20.8128448Z src/lib -> dist
2026-10-06T21:59:20.9402125Z Running [1mpublint v0.3.25[22m for [1m@sveltery/base[22m...
2026-10-06T21:59:20.9446883Z Packing files with `pnpm pack`...
2026-10-06T21:59:21.0090840Z Linting...
2026-10-06T21:59:21.0871218Z [1m[32mAll good![39m[22m
2026-10-06T21:59:21.0992292Z ##[group]Run pnpm --filter @sveltery/base build
2026-10-06T21:59:21.0992751Z [36;1mpnpm --filter @sveltery/base build[0m
2026-10-06T21:59:21.1029326Z shell: /usr/bin/bash -e {0}
2026-10-06T21:59:21.1029567Z env:
2026-10-06T21:59:21.1029797Z   PNPM_HOME: /home/runner/setup-pnpm/node_modules/.bin
2026-10-06T21:59:21.1030065Z ##[endgroup]
2026-10-06T21:59:21.1255987Z $ vite build && pnpm run prepack
2026-10-06T21:59:21.8702475Z [36mvite v8.3.1 [32mbuilding ssr environment for production...[36m[39m
2026-10-06T21:59:21.8849704Z transforming...
2026-10-06T21:59:23.0868487Z ✓ 673 modules transformed.
2026-10-06T21:59:23.1126668Z rendering chunks...
2026-10-06T21:59:23.1428978Z computing gzip size...
2026-10-06T21:59:23.1469877Z .svelte-kit/output/server/.vite/manifest.json                   4.32 kB │ gzip:  0.58 kB
2026-10-06T21:59:23.1470922Z .svelte-kit/output/server/chunks/index-server.js                0.03 kB │ gzip:  0.05 kB
2026-10-06T21:59:23.1472054Z .svelte-kit/output/server/env.js                                0.31 kB │ gzip:  0.19 kB │ map:   0.57 kB
2026-10-06T21:59:23.1473159Z .svelte-kit/output/server/entries/fallbacks/layout.svelte.js    0.46 kB │ gzip:  0.32 kB │ map:   0.49 kB
2026-10-06T21:59:23.1474321Z .svelte-kit/output/server/entries/fallbacks/error.svelte.js     1.39 kB │ gzip:  0.52 kB │ map:   2.88 kB
2026-10-06T21:59:23.1475381Z .svelte-kit/output/server/index.js                              2.41 kB │ gzip:  1.00 kB │ map:   3.48 kB
2026-10-06T21:59:23.1476428Z .svelte-kit/output/server/entries/pages/_page.svelte.js        18.68 kB │ gzip:  5.57 kB │ map: 132.06 kB
2026-10-06T21:59:23.1477541Z .svelte-kit/output/server/chunks/uneval.js                     19.43 kB │ gzip:  5.37 kB │ map:  40.89 kB
2026-10-06T21:59:23.1478743Z .svelte-kit/output/server/chunks/server-errors.js              24.29 kB │ gzip:  4.61 kB │ map:  35.03 kB
2026-10-06T21:59:23.1479824Z .svelte-kit/output/server/remote-entry.js                      55.38 kB │ gzip: 11.93 kB │ map:  90.81 kB
2026-10-06T21:59:23.1480883Z .svelte-kit/output/server/chunks/internal.js                  110.21 kB │ gzip: 28.81 kB │ map: 238.91 kB
2026-10-06T21:59:23.1481943Z .svelte-kit/output/server/chunks/server.js                    117.87 kB │ gzip: 30.79 kB │ map: 362.84 kB
2026-10-06T21:59:23.1483060Z .svelte-kit/output/server/chunks/instance.js                  131.13 kB │ gzip: 34.73 kB │ map: 260.11 kB
2026-10-06T21:59:23.1483544Z 
2026-10-06T21:59:23.1483784Z [32m✓ built in 1.27s[39m
2026-10-06T21:59:23.1518876Z Analysing routes
2026-10-06T21:59:23.7509926Z Building app
2026-10-06T21:59:23.7514225Z [36mvite v8.3.1 [32mbuilding client environment for production...[36m[39m
2026-10-06T21:59:23.7597962Z transforming...
2026-10-06T21:59:24.6898022Z ✓ 651 modules transformed.
2026-10-06T21:59:24.7068776Z rendering chunks...
2026-10-06T21:59:24.7273816Z computing gzip size...
2026-10-06T21:59:24.7289796Z .svelte-kit/output/client/_app/version.json                          0.02 kB │ gzip:  0.04 kB
2026-10-06T21:59:24.7290891Z .svelte-kit/output/client/.vite/manifest.json                        4.60 kB │ gzip:  0.65 kB
2026-10-06T21:59:24.7291890Z .svelte-kit/output/client/_app/immutable/entry/payload.DSmR2FwN.js   0.06 kB │ gzip:  0.07 kB
2026-10-06T21:59:24.7292811Z .svelte-kit/output/client/_app/immutable/nodes/0.CQhCqX9K.js         0.14 kB │ gzip:  0.14 kB
2026-10-06T21:59:24.7293865Z .svelte-kit/output/client/_app/immutable/nodes/1.BJ8CTyGc.js         0.32 kB │ gzip:  0.24 kB
2026-10-06T21:59:24.7294837Z .svelte-kit/output/client/_app/immutable/entry/start.DXLxX9ae.js     0.52 kB │ gzip:  0.30 kB
2026-10-06T21:59:24.7295768Z .svelte-kit/output/client/_app/immutable/entry/app.CzXA1i9p.js       1.06 kB │ gzip:  0.54 kB
2026-10-06T21:59:24.7296661Z .svelte-kit/output/client/_app/immutable/chunks/uBIymjUX.js          1.23 kB │ gzip:  0.68 kB
2026-10-06T21:59:24.7297644Z .svelte-kit/output/client/_app/immutable/chunks/Bjy-W4x2.js          1.36 kB │ gzip:  0.65 kB
2026-10-06T21:59:24.7299122Z .svelte-kit/output/client/_app/immutable/chunks/DmNJdhUR.js          4.29 kB │ gzip:  1.93 kB
2026-10-06T21:59:24.7300248Z .svelte-kit/output/client/_app/immutable/nodes/2.CzDjGK68.js         7.54 kB │ gzip:  3.21 kB
2026-10-06T21:59:24.7301163Z .svelte-kit/output/client/_app/immutable/chunks/BXTKzKKp.js         39.66 kB │ gzip: 14.64 kB
2026-10-06T21:59:24.7302076Z .svelte-kit/output/client/_app/immutable/chunks/CJJuJfBA.js         42.09 kB │ gzip: 16.24 kB
2026-10-06T21:59:24.7302568Z 
2026-10-06T21:59:24.7302894Z [32m✓ built in 978ms[39m
2026-10-06T21:59:25.3287959Z 
2026-10-06T21:59:25.3289080Z Run npm run preview to preview your production build locally.
2026-10-06T21:59:25.3289466Z 
2026-10-06T21:59:25.3289666Z > Using @sveltejs/adapter-auto
2026-10-06T21:59:25.3295040Z Could not detect a supported production environment. See https://svelte.dev/docs/kit/adapters to learn how to configure your app to run on the platform of your choosing
2026-10-06T21:59:25.3296156Z ✔ done
2026-10-06T21:59:25.4044454Z $ svelte-kit sync && svelte-package && publint --strict
2026-10-06T21:59:35.4477295Z src/lib -> dist
2026-10-06T21:59:35.5689244Z Running [1mpublint v0.3.25[22m for [1m@sveltery/base[22m...
2026-10-06T21:59:35.5729718Z Packing files with `pnpm pack`...
2026-10-06T21:59:35.6448518Z Linting...
2026-10-06T21:59:35.7275958Z [1m[32mAll good![39m[22m
2026-10-06T21:59:35.7395445Z ##[group]Run pnpm exec playwright install --with-deps chromium
2026-10-06T21:59:35.7395862Z [36;1mpnpm exec playwright install --with-deps chromium[0m
2026-10-06T21:59:35.7432781Z shell: /usr/bin/bash -e {0}
2026-10-06T21:59:35.7433074Z env:
2026-10-06T21:59:35.7433313Z   PNPM_HOME: /home/runner/setup-pnpm/node_modules/.bin
2026-10-06T21:59:35.7433580Z ##[endgroup]
2026-10-06T21:59:36.1643134Z Installing dependencies...
2026-10-06T21:59:36.1710951Z Switching to root user to install dependencies...
2026-10-06T21:59:36.2577749Z Get:1 file:/etc/apt/apt-mirrors.txt Mirrorlist [144 B]
2026-10-06T21:59:36.2895152Z Get:6 https://packages.microsoft.com/ubuntu/22.04/prod jammy InRelease [3632 B]
2026-10-06T21:59:36.3310511Z Hit:2 http://azure.archive.ubuntu.com/ubuntu jammy InRelease
2026-10-06T21:59:36.3354004Z Get:3 http://azure.archive.ubuntu.com/ubuntu jammy-updates InRelease [128 kB]
2026-10-06T21:59:36.3374686Z Get:4 http://azure.archive.ubuntu.com/ubuntu jammy-backports InRelease [127 kB]
2026-10-06T21:59:36.3375816Z Get:5 http://azure.archive.ubuntu.com/ubuntu jammy-security InRelease [129 kB]
2026-10-06T21:59:36.3485898Z Get:7 https://packages.microsoft.com/ubuntu/22.04/prod jammy/main arm64 Packages [556 kB]
2026-10-06T21:59:36.3676523Z Get:8 https://packages.microsoft.com/ubuntu/22.04/prod jammy/main amd64 Packages [803 kB]
2026-10-06T21:59:36.4651188Z Get:9 http://azure.archive.ubuntu.com/ubuntu jammy-updates/main amd64 Packages [3908 kB]
2026-10-06T21:59:36.4809859Z Get:10 http://azure.archive.ubuntu.com/ubuntu jammy-updates/main Translation-en [576 kB]
2026-10-06T21:59:36.4830568Z Get:11 http://azure.archive.ubuntu.com/ubuntu jammy-updates/restricted amd64 Packages [6714 kB]
2026-10-06T21:59:36.5150041Z Get:12 http://azure.archive.ubuntu.com/ubuntu jammy-updates/restricted Translation-en [1290 kB]
2026-10-06T21:59:36.5259490Z Get:13 http://azure.archive.ubuntu.com/ubuntu jammy-updates/universe amd64 Packages [1285 kB]
2026-10-06T21:59:36.5264723Z Get:14 http://azure.archive.ubuntu.com/ubuntu jammy-updates/universe Translation-en [325 kB]
2026-10-06T21:59:36.5916130Z Get:15 http://azure.archive.ubuntu.com/ubuntu jammy-security/main amd64 Packages [3633 kB]
2026-10-06T21:59:36.6079802Z Get:16 http://azure.archive.ubuntu.com/ubuntu jammy-security/main Translation-en [508 kB]
2026-10-06T21:59:36.6105483Z Get:17 http://azure.archive.ubuntu.com/ubuntu jammy-security/restricted amd64 Packages [6465 kB]
2026-10-06T21:59:36.6348629Z Get:18 http://azure.archive.ubuntu.com/ubuntu jammy-security/restricted Translation-en [1244 kB]
2026-10-06T21:59:36.6840149Z Get:19 http://azure.archive.ubuntu.com/ubuntu jammy-security/universe amd64 Packages [1052 kB]
2026-10-06T21:59:36.6879697Z Get:20 http://azure.archive.ubuntu.com/ubuntu jammy-security/universe Translation-en [237 kB]
2026-10-06T21:59:45.1287754Z Fetched 29.0 MB in 3s (9725 kB/s)
2026-10-06T21:59:46.2907931Z Reading package lists...
2026-10-06T21:59:46.3452007Z Reading package lists...
2026-10-06T21:59:46.5794357Z Building dependency tree...
2026-10-06T21:59:46.5801563Z Reading state information...
2026-10-06T21:59:46.7564170Z fonts-liberation is already the newest version (1:1.07.4-11).
2026-10-06T21:59:46.7564779Z fonts-liberation set to manually installed.
2026-10-06T21:59:46.7565334Z libatk-bridge2.0-0 is already the newest version (2.38.0-3).
2026-10-06T21:59:46.7565867Z libatk-bridge2.0-0 set to manually installed.
2026-10-06T21:59:46.7566396Z libatk1.0-0 is already the newest version (2.36.0-3build1).
2026-10-06T21:59:46.7566965Z libatk1.0-0 set to manually installed.
2026-10-06T21:59:46.7567288Z libatspi2.0-0 is already the newest version (2.44.0-3).
2026-10-06T21:59:46.7567619Z libatspi2.0-0 set to manually installed.
2026-10-06T21:59:46.7567979Z libfontconfig1 is already the newest version (2.13.1-4.2ubuntu5).
2026-10-06T21:59:46.7568729Z libfontconfig1 set to manually installed.
2026-10-06T21:59:46.7569050Z libxcb1 is already the newest version (1.14-3ubuntu3).
2026-10-06T21:59:46.7569356Z libxcb1 set to manually installed.
2026-10-06T21:59:46.7570144Z libxcomposite1 is already the newest version (1:0.4.5-1build2).
2026-10-06T21:59:46.7570572Z libxcomposite1 set to manually installed.
2026-10-06T21:59:46.7571069Z libxdamage1 is already the newest version (1:1.1.5-2build2).
2026-10-06T21:59:46.7571589Z libxdamage1 set to manually installed.
2026-10-06T21:59:46.7571911Z libxext6 is already the newest version (2:1.3.4-1build1).
2026-10-06T21:59:46.7572383Z libxext6 set to manually installed.
2026-10-06T21:59:46.7572701Z libxfixes3 is already the newest version (1:6.0.0-1).
2026-10-06T21:59:46.7573009Z libxfixes3 set to manually installed.
2026-10-06T21:59:46.7573324Z libxkbcommon0 is already the newest version (1.4.0-1).
2026-10-06T21:59:46.7573638Z libxkbcommon0 set to manually installed.
2026-10-06T21:59:46.7573981Z libxrandr2 is already the newest version (2:1.5.2-1build1).
2026-10-06T21:59:46.7574294Z libxrandr2 set to manually installed.
2026-10-06T21:59:46.7574693Z fonts-noto-color-emoji is already the newest version (2.047-0ubuntu0.22.04.1).
2026-10-06T21:59:46.7575128Z libasound2 is already the newest version (1.2.6.1-1ubuntu1.2).
2026-10-06T21:59:46.7575449Z libasound2 set to manually installed.
2026-10-06T21:59:46.7575765Z libcairo2 is already the newest version (1.16.0-5ubuntu2.1).
2026-10-06T21:59:46.7576077Z libcairo2 set to manually installed.
2026-10-06T21:59:46.7576407Z libcups2 is already the newest version (2.4.1op1-1ubuntu4.21).
2026-10-06T21:59:46.7576732Z libcups2 set to manually installed.
2026-10-06T21:59:46.7577063Z libdbus-1-3 is already the newest version (1.12.20-2ubuntu4.1).
2026-10-06T21:59:46.7577485Z libdbus-1-3 set to manually installed.
2026-10-06T21:59:46.7577970Z libdrm2 is already the newest version (2.4.113-2~ubuntu0.22.04.1).
2026-10-06T21:59:46.7578449Z libdrm2 set to manually installed.
2026-10-06T21:59:46.7578785Z libgbm1 is already the newest version (23.2.1-1ubuntu3.1~22.04.4).
2026-10-06T21:59:46.7579104Z libgbm1 set to manually installed.
2026-10-06T21:59:46.7579443Z libglib2.0-0 is already the newest version (2.72.4-0ubuntu2.10).
2026-10-06T21:59:46.7579776Z libglib2.0-0 set to manually installed.
2026-10-06T21:59:46.7580123Z libnspr4 is already the newest version (2:4.35-0ubuntu0.22.04.1).
2026-10-06T21:59:46.7580506Z libnss3 is already the newest version (2:3.98-0ubuntu0.22.04.4).
2026-10-06T21:59:46.7580907Z libpango-1.0-0 is already the newest version (1.50.6+ds-2ubuntu1).
2026-10-06T21:59:46.7581248Z libpango-1.0-0 set to manually installed.
2026-10-06T21:59:46.7581617Z libwayland-client0 is already the newest version (1.20.0-1ubuntu0.1).
2026-10-06T21:59:46.7581987Z libwayland-client0 set to manually installed.
2026-10-06T21:59:46.7582335Z libx11-6 is already the newest version (2:1.7.5-1ubuntu0.3).
2026-10-06T21:59:46.7582775Z libx11-6 set to manually installed.
2026-10-06T21:59:46.7583118Z xvfb is already the newest version (2:21.1.4-2ubuntu1.7~22.04.16).
2026-10-06T21:59:46.7583489Z The following additional packages will be installed:
2026-10-06T21:59:46.7583874Z   libfreetype-dev libfreetype6-dev xfonts-encodings xfonts-utils
2026-10-06T21:59:46.7584183Z Suggested packages:
2026-10-06T21:59:46.7584379Z   freetype2-doc
2026-10-06T21:59:46.7584586Z Recommended packages:
2026-10-06T21:59:46.7584818Z   fonts-ipafont-mincho fonts-tlwg-loma
2026-10-06T21:59:46.7758220Z The following NEW packages will be installed:
2026-10-06T21:59:46.7758816Z   fonts-freefont-ttf fonts-ipafont-gothic fonts-tlwg-loma-otf fonts-unifont
2026-10-06T21:59:46.7764434Z   fonts-wqy-zenhei xfonts-cyrillic xfonts-encodings xfonts-scalable
2026-10-06T21:59:46.7764920Z   xfonts-utils
2026-10-06T21:59:46.7769170Z The following packages will be upgraded:
2026-10-06T21:59:46.7775101Z   libfreetype-dev libfreetype6 libfreetype6-dev
2026-10-06T21:59:46.7912286Z 3 upgraded, 9 newly installed, 0 to remove and 26 not upgraded.
2026-10-06T21:59:46.7912844Z Need to get 19.3 MB of archives.
2026-10-06T21:59:46.7913210Z After this operation, 56.8 MB of additional disk space will be used.
2026-10-06T21:59:46.7913824Z Get:1 file:/etc/apt/apt-mirrors.txt Mirrorlist [144 B]
2026-10-06T21:59:46.8601671Z Get:2 http://azure.archive.ubuntu.com/ubuntu jammy/universe amd64 fonts-ipafont-gothic all 00303-21ubuntu1 [3513 kB]
2026-10-06T21:59:46.9392695Z Get:3 http://azure.archive.ubuntu.com/ubuntu jammy/main amd64 fonts-freefont-ttf all 20120503-10build1 [2388 kB]
2026-10-06T21:59:46.9866181Z Get:4 http://azure.archive.ubuntu.com/ubuntu jammy/universe amd64 fonts-tlwg-loma-otf all 1:0.7.3-1 [107 kB]
2026-10-06T21:59:47.0201429Z Get:5 http://azure.archive.ubuntu.com/ubuntu jammy/universe amd64 fonts-unifont all 1:14.0.01-1 [3551 kB]
2026-10-06T21:59:47.0922049Z Get:6 http://azure.archive.ubuntu.com/ubuntu jammy/universe amd64 fonts-wqy-zenhei all 0.9.45-8 [7472 kB]
2026-10-06T21:59:47.2005272Z Get:7 http://azure.archive.ubuntu.com/ubuntu jammy-updates/main amd64 libfreetype-dev amd64 2.11.1+dfsg-1ubuntu0.4 [555 kB]
2026-10-06T21:59:47.2375989Z Get:8 http://azure.archive.ubuntu.com/ubuntu jammy-updates/main amd64 libfreetype6-dev amd64 2.11.1+dfsg-1ubuntu0.4 [8306 B]
2026-10-06T21:59:47.2719363Z Get:9 http://azure.archive.ubuntu.com/ubuntu jammy-updates/main amd64 libfreetype6 amd64 2.11.1+dfsg-1ubuntu0.4 [388 kB]
2026-10-06T21:59:47.3083729Z Get:10 http://azure.archive.ubuntu.com/ubuntu jammy/main amd64 xfonts-encodings all 1:1.0.5-0ubuntu2 [578 kB]
2026-10-06T21:59:47.3457298Z Get:11 http://azure.archive.ubuntu.com/ubuntu jammy/main amd64 xfonts-utils amd64 1:7.7+6build2 [94.6 kB]
2026-10-06T21:59:47.3809496Z Get:12 http://azure.archive.ubuntu.com/ubuntu jammy/universe amd64 xfonts-cyrillic all 1:1.0.5 [386 kB]
2026-10-06T21:59:47.4103476Z Get:13 http://azure.archive.ubuntu.com/ubuntu jammy/main amd64 xfonts-scalable all 1:1.0.3-1.2ubuntu1 [306 kB]
2026-10-06T21:59:47.6943441Z Fetched 19.3 MB in 1s (30.7 MB/s)
2026-10-06T21:59:47.7157966Z Selecting previously unselected package fonts-ipafont-gothic.
2026-10-06T21:59:47.7370226Z (Reading database ... 
2026-10-06T21:59:47.7370561Z (Reading database ... 5%
2026-10-06T21:59:47.7370788Z (Reading database ... 10%
2026-10-06T21:59:47.7371108Z (Reading database ... 15%
2026-10-06T21:59:47.7371326Z (Reading database ... 20%
2026-10-06T21:59:47.7371532Z (Reading database ... 25%
2026-10-06T21:59:47.7371739Z (Reading database ... 30%
2026-10-06T21:59:47.7371947Z (Reading database ... 35%
2026-10-06T21:59:47.7372156Z (Reading database ... 40%
2026-10-06T21:59:47.7372362Z (Reading database ... 45%
2026-10-06T21:59:47.7372574Z (Reading database ... 50%
2026-10-06T21:59:47.8256972Z (Reading database ... 55%
2026-10-06T21:59:48.0306724Z (Reading database ... 60%
2026-10-06T21:59:48.2383167Z (Reading database ... 65%
2026-10-06T21:59:48.4452660Z (Reading database ... 70%
2026-10-06T21:59:48.5862464Z (Reading database ... 75%
2026-10-06T21:59:48.7744460Z (Reading database ... 80%
2026-10-06T21:59:48.9762502Z (Reading database ... 85%
2026-10-06T21:59:49.2311758Z (Reading database ... 90%
2026-10-06T21:59:49.3893135Z (Reading database ... 95%
2026-10-06T21:59:49.3893549Z (Reading database ... 100%
2026-10-06T21:59:49.3893944Z (Reading database ... 260411 files and directories currently installed.)
2026-10-06T21:59:49.3954482Z Preparing to unpack .../00-fonts-ipafont-gothic_00303-21ubuntu1_all.deb ...
2026-10-06T21:59:49.4030414Z Unpacking fonts-ipafont-gothic (00303-21ubuntu1) ...
2026-10-06T21:59:49.6749290Z Selecting previously unselected package fonts-freefont-ttf.
2026-10-06T21:59:49.6899631Z Preparing to unpack .../01-fonts-freefont-ttf_20120503-10build1_all.deb ...
2026-10-06T21:59:49.6909323Z Unpacking fonts-freefont-ttf (20120503-10build1) ...
2026-10-06T21:59:49.8644576Z Selecting previously unselected package fonts-tlwg-loma-otf.
2026-10-06T21:59:49.8795848Z Preparing to unpack .../02-fonts-tlwg-loma-otf_1%3a0.7.3-1_all.deb ...
2026-10-06T21:59:49.8806838Z Unpacking fonts-tlwg-loma-otf (1:0.7.3-1) ...
2026-10-06T21:59:49.8974853Z Selecting previously unselected package fonts-unifont.
2026-10-06T21:59:49.9121581Z Preparing to unpack .../03-fonts-unifont_1%3a14.0.01-1_all.deb ...
2026-10-06T21:59:49.9130968Z Unpacking fonts-unifont (1:14.0.01-1) ...
2026-10-06T21:59:50.0539635Z Selecting previously unselected package fonts-wqy-zenhei.
2026-10-06T21:59:50.0686272Z Preparing to unpack .../04-fonts-wqy-zenhei_0.9.45-8_all.deb ...
2026-10-06T21:59:50.0769655Z Unpacking fonts-wqy-zenhei (0.9.45-8) ...
2026-10-06T21:59:50.6674885Z Preparing to unpack .../05-libfreetype-dev_2.11.1+dfsg-1ubuntu0.4_amd64.deb ...
2026-10-06T21:59:50.6696150Z Unpacking libfreetype-dev:amd64 (2.11.1+dfsg-1ubuntu0.4) over (2.11.1+dfsg-1ubuntu0.3) ...
2026-10-06T21:59:50.7232773Z Preparing to unpack .../06-libfreetype6-dev_2.11.1+dfsg-1ubuntu0.4_amd64.deb ...
2026-10-06T21:59:50.7254105Z Unpacking libfreetype6-dev:amd64 (2.11.1+dfsg-1ubuntu0.4) over (2.11.1+dfsg-1ubuntu0.3) ...
2026-10-06T21:59:50.7586373Z Preparing to unpack .../07-libfreetype6_2.11.1+dfsg-1ubuntu0.4_amd64.deb ...
2026-10-06T21:59:50.7673708Z Unpacking libfreetype6:amd64 (2.11.1+dfsg-1ubuntu0.4) over (2.11.1+dfsg-1ubuntu0.3) ...
2026-10-06T21:59:50.7884249Z Selecting previously unselected package xfonts-encodings.
2026-10-06T21:59:50.8041419Z Preparing to unpack .../08-xfonts-encodings_1%3a1.0.5-0ubuntu2_all.deb ...
2026-10-06T21:59:50.8050136Z Unpacking xfonts-encodings (1:1.0.5-0ubuntu2) ...
2026-10-06T21:59:50.8251641Z Selecting previously unselected package xfonts-utils.
2026-10-06T21:59:50.8406140Z Preparing to unpack .../09-xfonts-utils_1%3a7.7+6build2_amd64.deb ...
2026-10-06T21:59:50.8414511Z Unpacking xfonts-utils (1:7.7+6build2) ...
2026-10-06T21:59:50.8668807Z Selecting previously unselected package xfonts-cyrillic.
2026-10-06T21:59:50.8818093Z Preparing to unpack .../10-xfonts-cyrillic_1%3a1.0.5_all.deb ...
2026-10-06T21:59:50.8825044Z Unpacking xfonts-cyrillic (1:1.0.5) ...
2026-10-06T21:59:50.9234735Z Selecting previously unselected package xfonts-scalable.
2026-10-06T21:59:50.9388451Z Preparing to unpack .../11-xfonts-scalable_1%3a1.0.3-1.2ubuntu1_all.deb ...
2026-10-06T21:59:50.9396045Z Unpacking xfonts-scalable (1:1.0.3-1.2ubuntu1) ...
2026-10-06T21:59:50.9827296Z Setting up fonts-wqy-zenhei (0.9.45-8) ...
2026-10-06T21:59:50.9930167Z Setting up fonts-freefont-ttf (20120503-10build1) ...
2026-10-06T21:59:50.9947237Z Setting up fonts-tlwg-loma-otf (1:0.7.3-1) ...
2026-10-06T21:59:50.9965655Z Setting up libfreetype6:amd64 (2.11.1+dfsg-1ubuntu0.4) ...
2026-10-06T21:59:50.9983155Z Setting up xfonts-encodings (1:1.0.5-0ubuntu2) ...
2026-10-06T21:59:51.0000171Z Setting up fonts-ipafont-gothic (00303-21ubuntu1) ...
2026-10-06T21:59:51.0058360Z update-alternatives: using /usr/share/fonts/opentype/ipafont-gothic/ipag.ttf to provide /usr/share/fonts/truetype/fonts-japanese-gothic.ttf (fonts-japanese-gothic.ttf) in auto mode
2026-10-06T21:59:51.0071498Z Setting up fonts-unifont (1:14.0.01-1) ...
2026-10-06T21:59:51.0090246Z Setting up xfonts-utils (1:7.7+6build2) ...
2026-10-06T21:59:51.0125157Z Setting up libfreetype-dev:amd64 (2.11.1+dfsg-1ubuntu0.4) ...
2026-10-06T21:59:51.0142256Z Setting up xfonts-cyrillic (1:1.0.5) ...
2026-10-06T21:59:51.0445833Z Setting up xfonts-scalable (1:1.0.3-1.2ubuntu1) ...
2026-10-06T21:59:51.0640168Z Setting up libfreetype6-dev:amd64 (2.11.1+dfsg-1ubuntu0.4) ...
2026-10-06T21:59:51.0663711Z Processing triggers for libc-bin (2.35-0ubuntu3.15) ...
2026-10-06T21:59:53.4323259Z Processing triggers for man-db (2.10.2-1) ...
2026-10-06T21:59:53.4343096Z Not building database; man-db/auto-update is not 'true'.
2026-10-06T21:59:53.4363930Z Processing triggers for fontconfig (2.13.1-4.2ubuntu5) ...
2026-10-06T21:59:54.0024247Z 
2026-10-06T21:59:54.0025057Z Running kernel seems to be up-to-date.
2026-10-06T21:59:54.0025288Z 
2026-10-06T21:59:54.0025396Z Services to be restarted:
2026-10-06T21:59:54.0066175Z  systemctl restart php8.1-fpm.service
2026-10-06T21:59:54.0066505Z 
2026-10-06T21:59:54.0066822Z No containers need to be restarted.
2026-10-06T21:59:54.0067123Z 
2026-10-06T21:59:54.0067349Z No user sessions are running outdated binaries.
2026-10-06T21:59:54.0067629Z 
2026-10-06T21:59:54.0079180Z No VM guests are running outdated hypervisor (qemu) binaries on this host.
2026-10-06T21:59:55.1849942Z Downloading Chrome for Testing 153.0.8010.12 (playwright chromium v1243) from https://cdn.playwright.dev/builds/cft/153.0.8010.12/linux64/chrome-linux64.zip
2026-10-06T21:59:55.6093400Z |                                                                                |   0% of 186.8 MiB
2026-10-06T21:59:55.8942683Z |■■■■■■■■                                                                        |  10% of 186.8 MiB
2026-10-06T21:59:56.0003134Z |■■■■■■■■■■■■■■■■                                                                |  20% of 186.8 MiB
2026-10-06T21:59:56.1139301Z |■■■■■■■■■■■■■■■■■■■■■■■■                                                        |  30% of 186.8 MiB
2026-10-06T21:59:56.2170483Z |■■■■■■■■■■■■■■■■■■■■■■■■■■■■■■■■                                                |  40% of 186.8 MiB
2026-10-06T21:59:56.3315858Z |■■■■■■■■■■■■■■■■■■■■■■■■■■■■■■■■■■■■■■■■                                        |  50% of 186.8 MiB
2026-10-06T21:59:56.4446274Z |■■■■■■■■■■■■■■■■■■■■■■■■■■■■■■■■■■■■■■■■■■■■■■■■                                |  60% of 186.8 MiB
2026-10-06T21:59:56.5583669Z |■■■■■■■■■■■■■■■■■■■■■■■■■■■■■■■■■■■■■■■■■■■■■■■■■■■■■■■■                        |  70% of 186.8 MiB
2026-10-06T21:59:56.6820208Z |■■■■■■■■■■■■■■■■■■■■■■■■■■■■■■■■■■■■■■■■■■■■■■■■■■■■■■■■■■■■■■■■                |  80% of 186.8 MiB
2026-10-06T21:59:56.7971289Z |■■■■■■■■■■■■■■■■■■■■■■■■■■■■■■■■■■■■■■■■■■■■■■■■■■■■■■■■■■■■■■■■■■■■■■■■        |  90% of 186.8 MiB
2026-10-06T21:59:56.9137753Z |■■■■■■■■■■■■■■■■■■■■■■■■■■■■■■■■■■■■■■■■■■■■■■■■■■■■■■■■■■■■■■■■■■■■■■■■■■■■■■■■| 100% of 186.8 MiB
2026-10-06T21:59:59.7800811Z Chrome for Testing 153.0.8010.12 (playwright chromium v1243) downloaded to /home/runner/.cache/ms-playwright/chromium-1243
2026-10-06T21:59:59.7804194Z Downloading FFmpeg (playwright ffmpeg v1011) from https://cdn.playwright.dev/dbazure/download/playwright/builds/ffmpeg/1011/ffmpeg-linux.zip
2026-10-06T22:00:00.1264212Z |                                                                                |   0% of 2.3 MiB
2026-10-06T22:00:00.1469167Z |■■■■■■■■                                                                        |  10% of 2.3 MiB
2026-10-06T22:00:00.1548875Z |■■■■■■■■■■■■■■■■                                                                |  20% of 2.3 MiB
2026-10-06T22:00:00.1604029Z |■■■■■■■■■■■■■■■■■■■■■■■■                                                        |  30% of 2.3 MiB
2026-10-06T22:00:00.1638424Z |■■■■■■■■■■■■■■■■■■■■■■■■■■■■■■■■                                                |  40% of 2.3 MiB
2026-10-06T22:00:00.1654492Z |■■■■■■■■■■■■■■■■■■■■■■■■■■■■■■■■■■■■■■■■                                        |  50% of 2.3 MiB
2026-10-06T22:00:00.1688057Z |■■■■■■■■■■■■■■■■■■■■■■■■■■■■■■■■■■■■■■■■■■■■■■■■                                |  60% of 2.3 MiB
2026-10-06T22:00:00.1700577Z |■■■■■■■■■■■■■■■■■■■■■■■■■■■■■■■■■■■■■■■■■■■■■■■■■■■■■■■■                        |  70% of 2.3 MiB
2026-10-06T22:00:00.1721259Z |■■■■■■■■■■■■■■■■■■■■■■■■■■■■■■■■■■■■■■■■■■■■■■■■■■■■■■■■■■■■■■■■                |  80% of 2.3 MiB
2026-10-06T22:00:00.1735340Z |■■■■■■■■■■■■■■■■■■■■■■■■■■■■■■■■■■■■■■■■■■■■■■■■■■■■■■■■■■■■■■■■■■■■■■■■        |  90% of 2.3 MiB
2026-10-06T22:00:00.1743365Z |■■■■■■■■■■■■■■■■■■■■■■■■■■■■■■■■■■■■■■■■■■■■■■■■■■■■■■■■■■■■■■■■■■■■■■■■■■■■■■■■| 100% of 2.3 MiB
2026-10-06T22:00:00.2252869Z FFmpeg (playwright ffmpeg v1011) downloaded to /home/runner/.cache/ms-playwright/ffmpeg-1011
2026-10-06T22:00:00.2255287Z Downloading Chrome Headless Shell 153.0.8010.12 (playwright chromium-headless-shell v1243) from https://cdn.playwright.dev/builds/cft/153.0.8010.12/linux64/chrome-headless-shell-linux64.zip
2026-10-06T22:00:00.5954617Z |                                                                                |   0% of 114.3 MiB
2026-10-06T22:00:00.7686200Z |■■■■■■■■                                                                        |  10% of 114.3 MiB
2026-10-06T22:00:00.8326926Z |■■■■■■■■■■■■■■■■                                                                |  20% of 114.3 MiB
2026-10-06T22:00:00.8854549Z |■■■■■■■■■■■■■■■■■■■■■■■■                                                        |  30% of 114.3 MiB
2026-10-06T22:00:00.9356745Z |■■■■■■■■■■■■■■■■■■■■■■■■■■■■■■■■                                                |  40% of 114.3 MiB
2026-10-06T22:00:00.9983343Z |■■■■■■■■■■■■■■■■■■■■■■■■■■■■■■■■■■■■■■■■                                        |  50% of 114.3 MiB
2026-10-06T22:00:01.0453657Z |■■■■■■■■■■■■■■■■■■■■■■■■■■■■■■■■■■■■■■■■■■■■■■■■                                |  60% of 114.3 MiB
2026-10-06T22:00:01.1145556Z |■■■■■■■■■■■■■■■■■■■■■■■■■■■■■■■■■■■■■■■■■■■■■■■■■■■■■■■■                        |  70% of 114.3 MiB
2026-10-06T22:00:01.1605784Z |■■■■■■■■■■■■■■■■■■■■■■■■■■■■■■■■■■■■■■■■■■■■■■■■■■■■■■■■■■■■■■■■                |  80% of 114.3 MiB
2026-10-06T22:00:01.2145761Z |■■■■■■■■■■■■■■■■■■■■■■■■■■■■■■■■■■■■■■■■■■■■■■■■■■■■■■■■■■■■■■■■■■■■■■■■        |  90% of 114.3 MiB
2026-10-06T22:00:01.2835383Z |■■■■■■■■■■■■■■■■■■■■■■■■■■■■■■■■■■■■■■■■■■■■■■■■■■■■■■■■■■■■■■■■■■■■■■■■■■■■■■■■| 100% of 114.3 MiB
2026-10-06T22:00:03.3552215Z Chrome Headless Shell 153.0.8010.12 (playwright chromium-headless-shell v1243) downloaded to /home/runner/.cache/ms-playwright/chromium_headless_shell-1243
2026-10-06T22:00:03.3742931Z ##[group]Run set -o pipefail
2026-10-06T22:00:03.3743211Z [36;1mset -o pipefail[0m
2026-10-06T22:00:03.3743431Z [36;1mmkdir -p .checks/collapsible[0m
2026-10-06T22:00:03.3743912Z [36;1mpnpm exec playwright test tests/browser/collapsible.spec.ts --reporter=list,json 2>&1 | tee .checks/collapsible/browser.log[0m
2026-10-06T22:00:03.3780112Z shell: /usr/bin/bash -e {0}
2026-10-06T22:00:03.3780347Z env:
2026-10-06T22:00:03.3780582Z   PNPM_HOME: /home/runner/setup-pnpm/node_modules/.bin
2026-10-06T22:00:03.3780932Z   PLAYWRIGHT_JSON_OUTPUT_NAME: .checks/collapsible/browser-results.json
2026-10-06T22:00:03.3781265Z ##[endgroup]
2026-10-06T22:00:08.4770382Z 
2026-10-06T22:00:08.4771254Z Running 142 tests using 1 worker
2026-10-06T22:00:08.4771750Z 
2026-10-06T22:00:10.4776975Z   ✘    1 tests/browser/collapsible.spec.ts:88:3 › supplement: Source and native CSS transport css-transition-default-string (1.1s)
2026-10-06T22:00:11.6400705Z   ✘    2 tests/browser/collapsible.spec.ts:88:3 › supplement: Source and native CSS transport css-transition-forward-object (665ms)
2026-10-06T22:00:13.0534669Z   ✘    3 tests/browser/collapsible.spec.ts:88:3 › supplement: Source and native CSS transport css-beforematch-transition-default-string (833ms)
2026-10-06T22:00:14.1730073Z   ✘    4 tests/browser/collapsible.spec.ts:88:3 › supplement: Source and native CSS transport css-beforematch-transition-forward-object (616ms)
2026-10-06T22:00:15.3802535Z   ✘    5 tests/browser/collapsible.spec.ts:88:3 › supplement: Source and native CSS transport css-beforematch-keys-default-string (708ms)
2026-10-06T22:00:16.6127874Z   ✘    6 tests/browser/collapsible.spec.ts:88:3 › supplement: Source and native CSS transport css-beforematch-keys-forward-object (725ms)
2026-10-06T22:00:22.8379055Z {"scenario":"dimension-author-precedence","forwarded":false,"observations":[[{"height":"73px","width":"91px","heightPriority":"important","widthPriority":"","opacity":"0.5"},{"height":"55px","width":"88px","heightPriority":"","widthPriority":"important","opacity":"0.75"},{"height":"31px","width":"0","heightPriority":"important","widthPriority":"","opacity":""},{"height":"auto","width":"auto","heightPriority":"","widthPriority":"","opacity":"0.25"},{"height":"auto","width":"auto","heightPriority":"","widthPriority":"","opacity":""}],[{"height":"73px","width":"91px","heightPriority":"important","widthPriority":"","opacity":"0.5"},{"height":"55px","width":"88px","heightPriority":"","widthPriority":"important","opacity":"0.75"},{"height":"31px","width":"0","heightPriority":"important","widthPriority":"","opacity":""},{"height":"auto","width":"auto","heightPriority":"","widthPriority":"","opacity":"0.25"},{"height":"auto","width":"auto","heightPriority":"","widthPriority":"","opacity":""}]]}
2026-10-06T22:00:22.8544713Z   ✓    7 tests/browser/collapsible.spec.ts:251:3 › native supplement: default dimension author precedence/removal matches native CSS (zero ordinary credit) (5.8s)
2026-10-06T22:00:24.8490354Z {"scenario":"dimension-author-precedence","forwarded":true,"observations":[[{"height":"73px","width":"91px","heightPriority":"important","widthPriority":"","opacity":"0.5"},{"height":"55px","width":"88px","heightPriority":"","widthPriority":"important","opacity":"0.75"},{"height":"31px","width":"0","heightPriority":"important","widthPriority":"","opacity":""},{"height":"auto","width":"auto","heightPriority":"","widthPriority":"","opacity":"0.25"},{"height":"auto","width":"auto","heightPriority":"","widthPriority":"","opacity":""}],[{"height":"73px","width":"91px","heightPriority":"important","widthPriority":"","opacity":"0.5"},{"height":"55px","width":"88px","heightPriority":"","widthPriority":"important","opacity":"0.75"},{"height":"31px","width":"0","heightPriority":"important","widthPriority":"","opacity":""},{"height":"auto","width":"auto","heightPriority":"","widthPriority":"","opacity":"0.25"},{"height":"auto","width":"auto","heightPriority":"","widthPriority":"","opacity":""}]]}
2026-10-06T22:00:24.8598593Z   ✓    8 tests/browser/collapsible.spec.ts:251:3 › native supplement: forwarding dimension author precedence/removal matches native CSS (zero ordinary credit) (2.0s)
2026-10-06T22:00:25.8425665Z {"scenario":"dimension-replacement-cleanup","result":{"measured":"40px","afterAuthor":"40px","replaced":true,"oldConnected":false,"tag":"SECTION","override":{"value":"69px","priority":"important"},"restored":"40px","oldUnchanged":true,"detached":{"connected":false,"ref":null}}}
2026-10-06T22:00:25.8551432Z   ✓    9 tests/browser/collapsible.spec.ts:304:1 › native supplement: measured variables survive unrelated author updates and actual host replacement/cleanup (zero ordinary credit) (985ms)
2026-10-06T22:00:26.8604222Z   ✓   10 tests/browser/collapsible.spec.ts:366:3 › native supplement: default native dimensions retain SSR host and auto defaults (zero ordinary credit) (997ms)
2026-10-06T22:00:27.8432100Z   ✓   11 tests/browser/collapsible.spec.ts:366:3 › native supplement: forwarding native dimensions retain SSR host and auto defaults (zero ordinary credit) (972ms)
2026-10-06T22:00:28.8788850Z   ✓   12 tests/browser/collapsible.spec.ts:413:3 › R:19 Svelte sets ARIA attributes (1.0s)
2026-10-06T22:00:30.3294749Z   ✓   13 tests/browser/collapsible.spec.ts:419:3 › R:35 Svelte references manual panel id (1.4s)
2026-10-06T22:00:31.4886396Z   ✓   14 tests/browser/collapsible.spec.ts:424:3 › R:50 Svelte unregisters and restores generated panel id (1.1s)
2026-10-06T22:00:33.0011772Z   ✓   15 tests/browser/collapsible.spec.ts:431:3 › R:74 Svelte disabled status (1.5s)
2026-10-06T22:00:33.9895652Z   ✓   16 tests/browser/collapsible.spec.ts:435:3 › R:87 Svelte disabled click does not toggle or call onOpenChange (980ms)
2026-10-06T22:00:35.0082299Z   ✓   17 tests/browser/collapsible.spec.ts:444:3 › R:108 Svelte calls onOpenChange with eventDetails (1.0s)
2026-10-06T22:00:36.0278648Z   ✓   18 tests/browser/collapsible.spec.ts:457:3 › R:132 Svelte cancellation prevents opening (1.0s)
2026-10-06T22:00:37.0618752Z   ✓   19 tests/browser/collapsible.spec.ts:464:3 › R:154 Svelte cancellation prevents closing (1.0s)
2026-10-06T22:00:38.6568507Z   ✓   20 tests/browser/collapsible.spec.ts:471:3 › R:300 Svelte passes state to class and style callbacks (1.6s)
2026-10-06T22:00:39.5844269Z   ✓   21 tests/browser/collapsible.spec.ts:488:3 › T:9 Svelte throws outside Root (919ms)
2026-10-06T22:00:40.5672346Z   ✓   22 tests/browser/collapsible.spec.ts:500:3 › T:32 Svelte forwards id prop (974ms)
2026-10-06T22:00:41.5619232Z   ✓   23 tests/browser/collapsible.spec.ts:507:3 › P:55 Svelte warns hiddenUntilFound overrides keepMounted false (986ms)
2026-10-06T22:00:43.0693547Z   ✓   24 tests/browser/collapsible.spec.ts:520:3 › P:77 Svelte does not unmount panel when keepMounted true (1.5s)
2026-10-06T22:00:44.0684848Z   ✓   25 tests/browser/collapsible.spec.ts:538:3 › P:164 Svelte unmounts panel mounting during ending (991ms)
2026-10-06T22:00:45.1237654Z   ✓   26 tests/browser/collapsible.spec.ts:550:3 › R:178 Svelte controlled trigger presses request open and close state changes (1.0s)
2026-10-06T22:00:46.1259480Z   ✓   27 tests/browser/collapsible.spec.ts:563:3 › R:207 Svelte does not change controlled open state without an external update (994ms)
2026-10-06T22:00:47.2116504Z   ✓   28 tests/browser/collapsible.spec.ts:572:3 › R:226 Svelte controlled mode (1.1s)
2026-10-06T22:00:48.2943911Z   ✓   29 tests/browser/collapsible.spec.ts:589:3 › R:267 Svelte uncontrolled mode (1.1s)
2026-10-06T22:00:49.2938837Z   ✓   30 tests/browser/collapsible.spec.ts:608:5 › R:348 Svelte key Enter does not toggle or call onOpenChange when disabled (991ms)
2026-10-06T22:00:50.3530776Z   ✓   31 tests/browser/collapsible.spec.ts:620:5 › R:372 Svelte key Enter should toggle the Collapsible (1.0s)
2026-10-06T22:00:51.8215265Z   ✓   32 tests/browser/collapsible.spec.ts:608:5 › R:348 Svelte key Space does not toggle or call onOpenChange when disabled (1.5s)
2026-10-06T22:00:53.3461078Z   ✓   33 tests/browser/collapsible.spec.ts:620:5 › R:372 Svelte key Space should toggle the Collapsible (1.5s)
2026-10-06T22:00:54.9464707Z   ✓   34 tests/browser/collapsible.spec.ts:642:3 › P:117 Svelte handles external close with keepMounted without animation (1.6s)
2026-10-06T22:00:56.4647043Z   ✓   35 tests/browser/collapsible.spec.ts:660:3 › P:211 Svelte applies data-starting-style while opening (1.5s)
2026-10-06T22:00:57.9910439Z   ✓   36 tests/browser/collapsible.spec.ts:666:3 › P:247 Svelte restores measured height before applying closing transition styles (1.5s)
2026-10-06T22:00:59.5062668Z   ✓   37 tests/browser/collapsible.spec.ts:685:3 › P:286 Svelte unmounts zero-size panel without waiting for unrelated transitions (1.5s)
2026-10-06T22:01:01.0042875Z   ✓   38 tests/browser/collapsible.spec.ts:699:3 › P:322 Svelte supports removing rendered panel as it closes (1.5s)
2026-10-06T22:01:02.1467833Z   ✓   39 tests/browser/collapsible.spec.ts:708:3 › P:422 Svelte keeps exit transitions working after close interrupted by reopening (1.1s)
2026-10-06T22:01:03.1527053Z   ✓   40 tests/browser/collapsible.spec.ts:730:3 › P:473 Svelte keeps measured size when open animation finishes during close commit (997ms)
2026-10-06T22:01:04.2004966Z   ✓   41 tests/browser/collapsible.spec.ts:750:3 › P:542 Svelte does not restart entrance when close animation finishes after reopening (1.0s)
2026-10-06T22:01:05.1754221Z   ✓   42 tests/browser/collapsible.spec.ts:784:3 › P:604 Svelte does not run mount animation when initially open (967ms)
2026-10-06T22:01:06.1835709Z   ✓   43 tests/browser/collapsible.spec.ts:790:3 › P:640 Svelte still animates on close and reopen after initially open (1.0s)
2026-10-06T22:01:07.2060212Z   ✓   44 tests/browser/collapsible.spec.ts:802:3 › P:704 Svelte restores measured dimensions before closing keyframes (1.0s)
2026-10-06T22:01:08.2019163Z   ✓   45 tests/browser/collapsible.spec.ts:822:3 › P:749 Svelte animates reopen when only open keyframes defined (987ms)
2026-10-06T22:01:08.3439785Z   ✓   46 tests/browser/collapsible.spec.ts:831:3 › P:799 Svelte SSR suppresses initially open keyframes (130ms)
2026-10-06T22:01:08.4313667Z   ✓   47 tests/browser/collapsible.spec.ts:846:3 › P:830 Svelte SSR suppresses inline initially open keyframes (78ms)
2026-10-06T22:01:09.5161141Z   ✓   48 tests/browser/collapsible.spec.ts:865:3 › P:1205 Svelte keeps temporary zero animation duration until closes (1.1s)
2026-10-06T22:01:10.5744898Z   ✓   49 tests/browser/collapsible.spec.ts:878:3 › P:1287 Svelte restores transition duration before first beforematch close (1.0s)
2026-10-06T22:01:11.6509167Z   ✓   50 tests/browser/collapsible.spec.ts:893:3 › P:1349 Svelte does not suppress animated open after no-motion beforematch (1.1s)
2026-10-06T22:01:12.8173016Z   ✓   51 tests/browser/collapsible.spec.ts:906:3 › P:1474 Svelte does not keep hidden transition running after closes (1.2s)
2026-10-06T22:01:14.2852759Z   ✓   52 tests/browser/collapsible.spec.ts:923:3 › P:1541 Svelte canceled beforematch does not suppress next trigger open (1.5s)
2026-10-06T22:01:15.2499472Z   ✓   53 tests/browser/collapsible.spec.ts:936:3 › P:1599 Svelte uses hidden until-found and responds to beforematch (957ms)
2026-10-06T22:01:16.2475711Z   ✓   54 tests/browser/collapsible.spec.ts:946:5 › supplement: Svelte custom trusted keyboard/default activation (989ms)
2026-10-06T22:01:17.7235287Z   ✓   55 tests/browser/collapsible.spec.ts:946:5 › supplement: Svelte link trusted keyboard/default activation (1.5s)
2026-10-06T22:01:18.7731006Z   ✓   56 tests/browser/collapsible.spec.ts:960:5 › supplement: Svelte submit retains native form behavior (1.0s)
2026-10-06T22:01:20.2628847Z   ✓   57 tests/browser/collapsible.spec.ts:960:5 › supplement: Svelte reset retains native form behavior (1.5s)
2026-10-06T22:01:21.8067639Z   ✓   58 tests/browser/collapsible.spec.ts:960:5 › supplement: Svelte external-form retains native form behavior (1.5s)
2026-10-06T22:01:23.3365190Z   ✓   59 tests/browser/collapsible.spec.ts:996:5 › supplement: Svelte controlled-consumer live state and callbacks (1.5s)
2026-10-06T22:01:24.4287208Z   ✓   60 tests/browser/collapsible.spec.ts:996:5 › supplement: Svelte controlled-render live state and callbacks (1.1s)
2026-10-06T22:01:25.9906082Z   ✓   61 tests/browser/collapsible.spec.ts:996:5 › supplement: Svelte callback-consumer live state and callbacks (1.6s)
2026-10-06T22:01:27.0561422Z   ✓   62 tests/browser/collapsible.spec.ts:996:5 › supplement: Svelte callback-render live state and callbacks (1.1s)
2026-10-06T22:01:28.2363449Z   ✓   63 tests/browser/collapsible.spec.ts:1014:3 › supplement: Svelte IDs follow removal remount and explicit changes (1.2s)
2026-10-06T22:01:29.4929675Z   ✓   64 tests/browser/collapsible.spec.ts:1029:3 › supplement: Svelte no animation API and teardown cancel pending lifecycle (1.2s)
2026-10-06T22:01:30.5282918Z   ✓   65 tests/browser/collapsible.spec.ts:1048:3 › supplement: Svelte removed panel host retains pinned ending callbacks (1.0s)
2026-10-06T22:01:31.9853013Z   ✓   66 tests/browser/collapsible.spec.ts:1085:3 › supplement: Svelte no-motion close retains pinned idle callbacks (1.4s)
2026-10-06T22:01:33.4966295Z   ✓   67 tests/browser/collapsible.spec.ts:1122:3 › supplement: Svelte explicit disabled false overrides Root (1.5s)
2026-10-06T22:01:34.4910571Z   ✓   68 tests/browser/collapsible.spec.ts:1129:3 › supplement: Svelte disabled custom activation remains focusable (986ms)
2026-10-06T22:01:35.5578875Z   ✓   69 tests/browser/collapsible.spec.ts:1141:3 › supplement: Svelte BASE_UI_ANIMATIONS_DISABLED completes bounded motion (1.1s)
2026-10-06T22:01:36.5809309Z   ✓   70 tests/browser/collapsible.spec.ts:1156:3 › supplement: Svelte authored important layout restoration characterization (1.0s)
2026-10-06T22:01:37.6162354Z   ✓   71 tests/browser/collapsible.spec.ts:1174:3 › native supplement: Svelte beforematch observes framework host replacement semantics (1.0s)
2026-10-06T22:01:38.2379365Z   ✓   72 tests/browser/collapsible.spec.ts:413:3 › R:19 React reference sets ARIA attributes (612ms)
2026-10-06T22:01:38.8425606Z   ✓   73 tests/browser/collapsible.spec.ts:419:3 › R:35 React reference references manual panel id (596ms)
2026-10-06T22:01:39.5190630Z   ✓   74 tests/browser/collapsible.spec.ts:424:3 › R:50 React reference unregisters and restores generated panel id (668ms)
2026-10-06T22:01:40.1376448Z   ✓   75 tests/browser/collapsible.spec.ts:431:3 › R:74 React reference disabled status (608ms)
2026-10-06T22:01:40.7998761Z   ✓   76 tests/browser/collapsible.spec.ts:435:3 › R:87 React reference disabled click does not toggle or call onOpenChange (654ms)
2026-10-06T22:01:41.4276889Z   ✓   77 tests/browser/collapsible.spec.ts:444:3 › R:108 React reference calls onOpenChange with eventDetails (619ms)
2026-10-06T22:01:42.0946960Z   ✓   78 tests/browser/collapsible.spec.ts:457:3 › R:132 React reference cancellation prevents opening (657ms)
2026-10-06T22:01:42.7528708Z   ✓   79 tests/browser/collapsible.spec.ts:464:3 › R:154 React reference cancellation prevents closing (650ms)
2026-10-06T22:01:43.4433167Z   ✓   80 tests/browser/collapsible.spec.ts:471:3 › R:300 React reference passes state to class and style callbacks (681ms)
2026-10-06T22:01:44.3629348Z   ✓   81 tests/browser/collapsible.spec.ts:488:3 › T:9 React reference throws outside Root (911ms)
2026-10-06T22:01:44.9513752Z   ✓   82 tests/browser/collapsible.spec.ts:500:3 › T:32 React reference forwards id prop (581ms)
2026-10-06T22:01:45.5756434Z   ✓   83 tests/browser/collapsible.spec.ts:507:3 › P:55 React reference warns hiddenUntilFound overrides keepMounted false (616ms)
2026-10-06T22:01:46.2926746Z   ✓   84 tests/browser/collapsible.spec.ts:520:3 › P:77 React reference does not unmount panel when keepMounted true (708ms)
2026-10-06T22:01:46.9633707Z   ✓   85 tests/browser/collapsible.spec.ts:538:3 › P:164 React reference unmounts panel mounting during ending (662ms)
2026-10-06T22:01:47.6545364Z   ✓   86 tests/browser/collapsible.spec.ts:550:3 › R:178 React reference controlled trigger presses request open and close state changes (682ms)
2026-10-06T22:01:48.2974141Z   ✓   87 tests/browser/collapsible.spec.ts:563:3 › R:207 React reference does not change controlled open state without an external update (634ms)
2026-10-06T22:01:49.0441333Z   ✓   88 tests/browser/collapsible.spec.ts:572:3 › R:226 React reference controlled mode (738ms)
2026-10-06T22:01:49.8112307Z   ✓   89 tests/browser/collapsible.spec.ts:589:3 › R:267 React reference uncontrolled mode (759ms)
2026-10-06T22:01:50.4447123Z   ✓   90 tests/browser/collapsible.spec.ts:608:5 › R:348 React reference key Enter does not toggle or call onOpenChange when disabled (625ms)
2026-10-06T22:01:51.1189446Z   ✓   91 tests/browser/collapsible.spec.ts:620:5 › R:372 React reference key Enter should toggle the Collapsible (666ms)
2026-10-06T22:01:51.7310530Z   ✓   92 tests/browser/collapsible.spec.ts:608:5 › R:348 React reference key Space does not toggle or call onOpenChange when disabled (602ms)
2026-10-06T22:01:52.4042887Z   ✓   93 tests/browser/collapsible.spec.ts:620:5 › R:372 React reference key Space should toggle the Collapsible (665ms)
2026-10-06T22:01:53.0925252Z   ✓   94 tests/browser/collapsible.spec.ts:642:3 › P:117 React reference handles external close with keepMounted without animation (679ms)
2026-10-06T22:01:53.6331141Z   ✓   95 tests/browser/collapsible.spec.ts:660:3 › P:211 React reference applies data-starting-style while opening (532ms)
2026-10-06T22:01:54.2931023Z   ✓   96 tests/browser/collapsible.spec.ts:666:3 › P:247 React reference restores measured height before applying closing transition styles (652ms)
2026-10-06T22:01:54.9442139Z   ✓   97 tests/browser/collapsible.spec.ts:685:3 › P:286 React reference unmounts zero-size panel without waiting for unrelated transitions (642ms)
2026-10-06T22:01:55.6030866Z   ✓   98 tests/browser/collapsible.spec.ts:699:3 › P:322 React reference supports removing rendered panel as it closes (650ms)
2026-10-06T22:01:56.3482817Z   ✓   99 tests/browser/collapsible.spec.ts:708:3 › P:422 React reference keeps exit transitions working after close interrupted by reopening (737ms)
2026-10-06T22:01:57.0373194Z   ✓  100 tests/browser/collapsible.spec.ts:730:3 › P:473 React reference keeps measured size when open animation finishes during close commit (681ms)
2026-10-06T22:01:57.6969787Z   ✓  101 tests/browser/collapsible.spec.ts:750:3 › P:542 React reference does not restart entrance when close animation finishes after reopening (652ms)
2026-10-06T22:01:58.3418961Z   ✓  102 tests/browser/collapsible.spec.ts:784:3 › P:604 React reference does not run mount animation when initially open (637ms)
2026-10-06T22:01:58.9769398Z   ✓  103 tests/browser/collapsible.spec.ts:790:3 › P:640 React reference still animates on close and reopen after initially open (627ms)
2026-10-06T22:01:59.6050508Z   ✓  104 tests/browser/collapsible.spec.ts:802:3 › P:704 React reference restores measured dimensions before closing keyframes (620ms)
2026-10-06T22:02:00.2929598Z   ✓  105 tests/browser/collapsible.spec.ts:822:3 › P:749 React reference animates reopen when only open keyframes defined (680ms)
2026-10-06T22:02:00.3865559Z   ✓  106 tests/browser/collapsible.spec.ts:831:3 › P:799 React reference SSR suppresses initially open keyframes (86ms)
2026-10-06T22:02:00.4692641Z   ✓  107 tests/browser/collapsible.spec.ts:846:3 › P:830 React reference SSR suppresses inline initially open keyframes (74ms)
2026-10-06T22:02:01.1815442Z   ✓  108 tests/browser/collapsible.spec.ts:865:3 › P:1205 React reference keeps temporary zero animation duration until closes (703ms)
2026-10-06T22:02:01.8711338Z   ✓  109 tests/browser/collapsible.spec.ts:878:3 › P:1287 React reference restores transition duration before first beforematch close (680ms)
2026-10-06T22:02:02.5693974Z   ✓  110 tests/browser/collapsible.spec.ts:893:3 › P:1349 React reference does not suppress animated open after no-motion beforematch (689ms)
2026-10-06T22:02:03.3497591Z   ✓  111 tests/browser/collapsible.spec.ts:906:3 › P:1474 React reference does not keep hidden transition running after closes (772ms)
2026-10-06T22:02:03.9786527Z   ✓  112 tests/browser/collapsible.spec.ts:923:3 › P:1541 React reference canceled beforematch does not suppress next trigger open (620ms)
2026-10-06T22:02:04.5845078Z   ✓  113 tests/browser/collapsible.spec.ts:936:3 › P:1599 React reference uses hidden until-found and responds to beforematch (598ms)
2026-10-06T22:02:05.2351972Z   ✓  114 tests/browser/collapsible.spec.ts:946:5 › supplement: React reference custom trusted keyboard/default activation (643ms)
2026-10-06T22:02:05.8319402Z   ✓  115 tests/browser/collapsible.spec.ts:946:5 › supplement: React reference link trusted keyboard/default activation (588ms)
2026-10-06T22:02:06.4755400Z   ✓  116 tests/browser/collapsible.spec.ts:960:5 › supplement: React reference submit retains native form behavior (635ms)
2026-10-06T22:02:07.0642729Z   ✓  117 tests/browser/collapsible.spec.ts:960:5 › supplement: React reference reset retains native form behavior (581ms)
2026-10-06T22:02:07.7423382Z   ✓  118 tests/browser/collapsible.spec.ts:960:5 › supplement: React reference external-form retains native form behavior (669ms)
2026-10-06T22:02:08.4210881Z   ✓  119 tests/browser/collapsible.spec.ts:996:5 › supplement: React reference controlled-consumer rendered callback snapshot (670ms)
2026-10-06T22:02:09.1514544Z   ✓  120 tests/browser/collapsible.spec.ts:996:5 › supplement: React reference controlled-render rendered callback snapshot (720ms)
2026-10-06T22:02:09.8581046Z   ✓  121 tests/browser/collapsible.spec.ts:996:5 › supplement: React reference callback-consumer rendered callback snapshot (698ms)
2026-10-06T22:02:10.5747330Z   ✓  122 tests/browser/collapsible.spec.ts:996:5 › supplement: React reference callback-render rendered callback snapshot (709ms)
2026-10-06T22:02:11.4172696Z   ✓  123 tests/browser/collapsible.spec.ts:1014:3 › supplement: React reference IDs follow removal remount and explicit changes (833ms)
2026-10-06T22:02:12.2407132Z   ✓  124 tests/browser/collapsible.spec.ts:1029:3 › supplement: React reference no animation API and teardown cancel pending lifecycle (815ms)
2026-10-06T22:02:12.8647608Z   ✓  125 tests/browser/collapsible.spec.ts:1048:3 › supplement: React reference removed panel host retains pinned ending callbacks (616ms)
2026-10-06T22:02:13.4863788Z   ✓  126 tests/browser/collapsible.spec.ts:1085:3 › supplement: React reference no-motion close retains pinned idle callbacks (613ms)
2026-10-06T22:02:14.1326748Z   ✓  127 tests/browser/collapsible.spec.ts:1122:3 › supplement: React reference explicit disabled false overrides Root (638ms)
2026-10-06T22:02:14.7853382Z   ✓  128 tests/browser/collapsible.spec.ts:1129:3 › supplement: React reference disabled custom activation remains focusable (644ms)
2026-10-06T22:02:15.4416991Z   ✓  129 tests/browser/collapsible.spec.ts:1141:3 › supplement: React reference BASE_UI_ANIMATIONS_DISABLED completes bounded motion (649ms)
2026-10-06T22:02:16.0789952Z   ✓  130 tests/browser/collapsible.spec.ts:1156:3 › supplement: React reference authored important layout restoration characterization (629ms)
2026-10-06T22:02:16.7669595Z   ✓  131 tests/browser/collapsible.spec.ts:1174:3 › native supplement: React reference beforematch observes framework host replacement semantics (680ms)
2026-10-06T22:02:17.4002841Z   ✓  132 tests/browser/collapsible.spec.ts:1195:3 › P:358 React reference preserves inline alignment styles while measuring an opening panel (625ms)
2026-10-06T22:02:19.5352014Z   ✓  133 tests/browser/collapsible.spec.ts:1216:1 › native counterpart: Svelte opening measurements preserve authored alignment through native style commits (2.1s)
2026-10-06T22:02:20.2264561Z   ✓  134 tests/browser/collapsible.spec.ts:1314:5 › supplement: React reference beforematch-transition teardown restores authored duration (683ms)
2026-10-06T22:02:20.9272245Z   ✓  135 tests/browser/collapsible.spec.ts:1314:5 › supplement: React reference beforematch-keys teardown restores authored duration (691ms)
2026-10-06T22:02:22.5309865Z   ✓  136 tests/browser/collapsible.spec.ts:1341:3 › native supplement: Svelte beforematch-transition teardown retains last native duration (1.6s)
2026-10-06T22:02:23.6664024Z   ✓  137 tests/browser/collapsible.spec.ts:1341:3 › native supplement: Svelte beforematch-keys teardown retains last native duration (1.1s)
2026-10-06T22:02:24.3503848Z   ✓  138 tests/browser/collapsible.spec.ts:1398:3 › supplement: React reference initially controlled undefined uses the initial default and preserves its warning (673ms)
2026-10-06T22:02:25.4242451Z   ✓  139 tests/browser/collapsible.spec.ts:1427:1 › native supplement: Svelte controlled undefined retains initial-default fallback and request-only controlled writes (1.1s)
2026-10-06T22:02:26.4287379Z   ✓  140 tests/browser/collapsible.spec.ts:1467:3 › supplement: Svelte SSR hydration retains generated IDs and authored motion suppression (995ms)
2026-10-06T22:02:27.9348050Z   ✓  141 tests/browser/collapsible.spec.ts:1467:3 › supplement: React reference SSR hydration retains generated IDs and authored motion suppression (1.5s)
2026-10-06T22:02:28.3487400Z native-collapsible-css:{"route":"literal","label":"before:justify-content","value":{"connected":true,"cssText":"justify-content: center; animation-duration: 123ms; transition-duration: 123ms; --native-dimension: 0px;","dimension":"0px","properties":{"justify-content":{"value":"center","priority":""},"animation-duration":{"value":"123ms","priority":""},"transition-duration":{"value":"123ms","priority":""}}}}
2026-10-06T22:02:28.3491164Z native-collapsible-css:{"route":"literal","label":"before-state-write:justify-content","value":{"connected":true,"cssText":"justify-content: initial !important; animation-duration: 123ms; transition-duration: 123ms; --native-dimension: 0px;","dimension":"0px","properties":{"justify-content":{"value":"initial","priority":"important"},"animation-duration":{"value":"123ms","priority":""},"transition-duration":{"value":"123ms","priority":""}}}}
2026-10-06T22:02:28.3494374Z native-collapsible-css:{"route":"literal","label":"after-flush:justify-content","value":{"connected":true,"cssText":"justify-content: center; animation-duration: 123ms; transition-duration: 123ms; --native-dimension: 1px;","dimension":"1px","properties":{"justify-content":{"value":"center","priority":""},"animation-duration":{"value":"123ms","priority":""},"transition-duration":{"value":"123ms","priority":""}}}}
2026-10-06T22:02:28.3498630Z native-collapsible-css:{"route":"literal","label":"commit:justify-content","value":{"beforeStateWrite":{"connected":true,"cssText":"justify-content: initial !important; animation-duration: 123ms; transition-duration: 123ms; --native-dimension: 0px;","dimension":"0px","properties":{"justify-content":{"value":"initial","priority":"important"},"animation-duration":{"value":"123ms","priority":""},"transition-duration":{"value":"123ms","priority":""}}},"afterFlush":{"connected":true,"cssText":"justify-content: center; animation-duration: 123ms; transition-duration: 123ms; --native-dimension: 1px;","dimension":"1px","properties":{"justify-content":{"value":"center","priority":""},"animation-duration":{"value":"123ms","priority":""},"transition-duration":{"value":"123ms","priority":""}}},"sameHost":true}}
2026-10-06T22:02:28.3502740Z native-collapsible-css:{"route":"literal","label":"frame1:justify-content","value":{"connected":true,"cssText":"justify-content: center; animation-duration: 123ms; transition-duration: 123ms; --native-dimension: 1px;","dimension":"1px","properties":{"justify-content":{"value":"center","priority":""},"animation-duration":{"value":"123ms","priority":""},"transition-duration":{"value":"123ms","priority":""}}}}
2026-10-06T22:02:28.3595849Z native-collapsible-css:{"route":"literal","label":"frame2:justify-content","value":{"connected":true,"cssText":"justify-content: center; animation-duration: 123ms; transition-duration: 123ms; --native-dimension: 1px;","dimension":"1px","properties":{"justify-content":{"value":"center","priority":""},"animation-duration":{"value":"123ms","priority":""},"transition-duration":{"value":"123ms","priority":""}}}}
2026-10-06T22:02:28.3612543Z {"route":"literal","label":"literal:justify-content","value":{"committed":{"beforeStateWrite":{"connected":true,"cssText":"justify-content: initial !important; animation-duration: 123ms; transition-duration: 123ms; --native-dimension: 0px;","dimension":"0px","properties":{"justify-content":{"value":"initial","priority":"important"},"animation-duration":{"value":"123ms","priority":""},"transition-duration":{"value":"123ms","priority":""}}},"afterFlush":{"connected":true,"cssText":"justify-content: center; animation-duration: 123ms; transition-duration: 123ms; --native-dimension: 1px;","dimension":"1px","properties":{"justify-content":{"value":"center","priority":""},"animation-duration":{"value":"123ms","priority":""},"transition-duration":{"value":"123ms","priority":""}}},"sameHost":true},"frame1":{"connected":true,"cssText":"justify-content: center; animation-duration: 123ms; transition-duration: 123ms; --native-dimension: 1px;","dimension":"1px","properties":{"justify-content":{"value":"center","priority":""},"animation-duration":{"value":"123ms","priority":""},"transition-duration":{"value":"123ms","priority":""}}},"frame2":{"connected":true,"cssText":"justify-content: center; animation-duration: 123ms; transition-duration: 123ms; --native-dimension: 1px;","dimension":"1px","properties":{"justify-content":{"value":"center","priority":""},"animation-duration":{"value":"123ms","priority":""},"transition-duration":{"value":"123ms","priority":""}}}}}
2026-10-06T22:02:28.3665293Z native-collapsible-css:{"route":"literal","label":"before:animation-duration","value":{"connected":true,"cssText":"justify-content: center; animation-duration: 123ms; transition-duration: 123ms; --native-dimension: 1px;","dimension":"1px","properties":{"justify-content":{"value":"center","priority":""},"animation-duration":{"value":"123ms","priority":""},"transition-duration":{"value":"123ms","priority":""}}}}
2026-10-06T22:02:28.3669181Z native-collapsible-css:{"route":"literal","label":"before-state-write:animation-duration","value":{"connected":true,"cssText":"justify-content: center; animation-duration: 0s; transition-duration: 123ms; --native-dimension: 1px;","dimension":"1px","properties":{"justify-content":{"value":"center","priority":""},"animation-duration":{"value":"0s","priority":""},"transition-duration":{"value":"123ms","priority":""}}}}
2026-10-06T22:02:28.3672015Z native-collapsible-css:{"route":"literal","label":"after-flush:animation-duration","value":{"connected":true,"cssText":"justify-content: center; animation-duration: 123ms; transition-duration: 123ms; --native-dimension: 2px;","dimension":"2px","properties":{"justify-content":{"value":"center","priority":""},"animation-duration":{"value":"123ms","priority":""},"transition-duration":{"value":"123ms","priority":""}}}}
2026-10-06T22:02:28.3675830Z native-collapsible-css:{"route":"literal","label":"commit:animation-duration","value":{"beforeStateWrite":{"connected":true,"cssText":"justify-content: center; animation-duration: 0s; transition-duration: 123ms; --native-dimension: 1px;","dimension":"1px","properties":{"justify-content":{"value":"center","priority":""},"animation-duration":{"value":"0s","priority":""},"transition-duration":{"value":"123ms","priority":""}}},"afterFlush":{"connected":true,"cssText":"justify-content: center; animation-duration: 123ms; transition-duration: 123ms; --native-dimension: 2px;","dimension":"2px","properties":{"justify-content":{"value":"center","priority":""},"animation-duration":{"value":"123ms","priority":""},"transition-duration":{"value":"123ms","priority":""}}},"sameHost":true}}
2026-10-06T22:02:28.3759885Z native-collapsible-css:{"route":"literal","label":"frame1:animation-duration","value":{"connected":true,"cssText":"justify-content: center; animation-duration: 123ms; transition-duration: 123ms; --native-dimension: 2px;","dimension":"2px","properties":{"justify-content":{"value":"center","priority":""},"animation-duration":{"value":"123ms","priority":""},"transition-duration":{"value":"123ms","priority":""}}}}
2026-10-06T22:02:28.3927770Z native-collapsible-css:{"route":"literal","label":"frame2:animation-duration","value":{"connected":true,"cssText":"justify-content: center; animation-duration: 123ms; transition-duration: 123ms; --native-dimension: 2px;","dimension":"2px","properties":{"justify-content":{"value":"center","priority":""},"animation-duration":{"value":"123ms","priority":""},"transition-duration":{"value":"123ms","priority":""}}}}
2026-10-06T22:02:28.3939065Z {"route":"literal","label":"literal:animation-duration","value":{"committed":{"beforeStateWrite":{"connected":true,"cssText":"justify-content: center; animation-duration: 0s; transition-duration: 123ms; --native-dimension: 1px;","dimension":"1px","properties":{"justify-content":{"value":"center","priority":""},"animation-duration":{"value":"0s","priority":""},"transition-duration":{"value":"123ms","priority":""}}},"afterFlush":{"connected":true,"cssText":"justify-content: center; animation-duration: 123ms; transition-duration: 123ms; --native-dimension: 2px;","dimension":"2px","properties":{"justify-content":{"value":"center","priority":""},"animation-duration":{"value":"123ms","priority":""},"transition-duration":{"value":"123ms","priority":""}}},"sameHost":true},"frame1":{"connected":true,"cssText":"justify-content: center; animation-duration: 123ms; transition-duration: 123ms; --native-dimension: 2px;","dimension":"2px","properties":{"justify-content":{"value":"center","priority":""},"animation-duration":{"value":"123ms","priority":""},"transition-duration":{"value":"123ms","priority":""}}},"frame2":{"connected":true,"cssText":"justify-content: center; animation-duration: 123ms; transition-duration: 123ms; --native-dimension: 2px;","dimension":"2px","properties":{"justify-content":{"value":"center","priority":""},"animation-duration":{"value":"123ms","priority":""},"transition-duration":{"value":"123ms","priority":""}}}}}
2026-10-06T22:02:28.3998081Z native-collapsible-css:{"route":"literal","label":"before:transition-duration","value":{"connected":true,"cssText":"justify-content: center; animation-duration: 123ms; transition-duration: 123ms; --native-dimension: 2px;","dimension":"2px","properties":{"justify-content":{"value":"center","priority":""},"animation-duration":{"value":"123ms","priority":""},"transition-duration":{"value":"123ms","priority":""}}}}
2026-10-06T22:02:28.4002645Z native-collapsible-css:{"route":"literal","label":"before-state-write:transition-duration","value":{"connected":true,"cssText":"justify-content: center; animation-duration: 123ms; transition-duration: 0s; --native-dimension: 2px;","dimension":"2px","properties":{"justify-content":{"value":"center","priority":""},"animation-duration":{"value":"123ms","priority":""},"transition-duration":{"value":"0s","priority":""}}}}
2026-10-06T22:02:28.4005348Z native-collapsible-css:{"route":"literal","label":"after-flush:transition-duration","value":{"connected":true,"cssText":"justify-content: center; animation-duration: 123ms; transition-duration: 123ms; --native-dimension: 3px;","dimension":"3px","properties":{"justify-content":{"value":"center","priority":""},"animation-duration":{"value":"123ms","priority":""},"transition-duration":{"value":"123ms","priority":""}}}}
2026-10-06T22:02:28.4009266Z native-collapsible-css:{"route":"literal","label":"commit:transition-duration","value":{"beforeStateWrite":{"connected":true,"cssText":"justify-content: center; animation-duration: 123ms; transition-duration: 0s; --native-dimension: 2px;","dimension":"2px","properties":{"justify-content":{"value":"center","priority":""},"animation-duration":{"value":"123ms","priority":""},"transition-duration":{"value":"0s","priority":""}}},"afterFlush":{"connected":true,"cssText":"justify-content: center; animation-duration: 123ms; transition-duration: 123ms; --native-dimension: 3px;","dimension":"3px","properties":{"justify-content":{"value":"center","priority":""},"animation-duration":{"value":"123ms","priority":""},"transition-duration":{"value":"123ms","priority":""}}},"sameHost":true}}
2026-10-06T22:02:28.4092536Z native-collapsible-css:{"route":"literal","label":"frame1:transition-duration","value":{"connected":true,"cssText":"justify-content: center; animation-duration: 123ms; transition-duration: 123ms; --native-dimension: 3px;","dimension":"3px","properties":{"justify-content":{"value":"center","priority":""},"animation-duration":{"value":"123ms","priority":""},"transition-duration":{"value":"123ms","priority":""}}}}
2026-10-06T22:02:28.4261707Z native-collapsible-css:{"route":"literal","label":"frame2:transition-duration","value":{"connected":true,"cssText":"justify-content: center; animation-duration: 123ms; transition-duration: 123ms; --native-dimension: 3px;","dimension":"3px","properties":{"justify-content":{"value":"center","priority":""},"animation-duration":{"value":"123ms","priority":""},"transition-duration":{"value":"123ms","priority":""}}}}
2026-10-06T22:02:28.4277401Z {"route":"literal","label":"literal:transition-duration","value":{"committed":{"beforeStateWrite":{"connected":true,"cssText":"justify-content: center; animation-duration: 123ms; transition-duration: 0s; --native-dimension: 2px;","dimension":"2px","properties":{"justify-content":{"value":"center","priority":""},"animation-duration":{"value":"123ms","priority":""},"transition-duration":{"value":"0s","priority":""}}},"afterFlush":{"connected":true,"cssText":"justify-content: center; animation-duration: 123ms; transition-duration: 123ms; --native-dimension: 3px;","dimension":"3px","properties":{"justify-content":{"value":"center","priority":""},"animation-duration":{"value":"123ms","priority":""},"transition-duration":{"value":"123ms","priority":""}}},"sameHost":true},"frame1":{"connected":true,"cssText":"justify-content: center; animation-duration: 123ms; transition-duration: 123ms; --native-dimension: 3px;","dimension":"3px","properties":{"justify-content":{"value":"center","priority":""},"animation-duration":{"value":"123ms","priority":""},"transition-duration":{"value":"123ms","priority":""}}},"frame2":{"connected":true,"cssText":"justify-content: center; animation-duration: 123ms; transition-duration: 123ms; --native-dimension: 3px;","dimension":"3px","properties":{"justify-content":{"value":"center","priority":""},"animation-duration":{"value":"123ms","priority":""},"transition-duration":{"value":"123ms","priority":""}}}}}
2026-10-06T22:02:29.2345386Z {"console":{"route":"Svelte:mixed","type":"warning","text":"Base UI: CSS transitions and CSS animations both detected on Collapsible or Accordion panel. Only one of either animation type should be used."}}
2026-10-06T22:02:29.3745570Z native-collapsible-css:{"route":"Svelte:mixed","label":"before-action","value":{"sameHost":true,"connected":true,"expanded":"false","hidden":"","open":false,"closed":true,"starting":false,"ending":false,"status":null,"rect":{"x":0,"y":0,"width":0,"height":0},"height":0,"width":0,"scrollHeight":0,"scrollWidth":0,"measuredHeight":"auto","measuredWidth":"auto","cssText":"--collapsible-panel-height: auto; --collapsible-panel-width: auto; justify-content: center;","className":"mixed","alignment":"center","alignmentPriority":"","animationDuration":"","transitionDuration":"","animationPriority":"","transitionPriority":"","computedAnimationDuration":"0.1s","computedTransitionDuration":"0.1s","animations":[],"calls":[],"order":[]}}
2026-10-06T22:02:29.3785731Z native-collapsible-css:{"route":"Svelte:mixed","label":"after-flush","value":{"sameHost":true,"connected":true,"expanded":"true","hidden":null,"open":true,"closed":false,"starting":true,"ending":false,"status":"starting","rect":{"x":8,"y":29,"width":1264,"height":0},"height":0,"width":1264,"scrollHeight":18,"scrollWidth":1264,"measuredHeight":"18px","measuredWidth":"1264px","cssText":"--collapsible-panel-height: 18px; --collapsible-panel-width: 1264px; justify-content: center;","className":"mixed","alignment":"center","alignmentPriority":"","animationDuration":"","transitionDuration":"","animationPriority":"","transitionPriority":"","computedAnimationDuration":"0.1s","computedTransitionDuration":"0.1s","animations":[{"kind":"CSSAnimation","name":"panel-fade","startTime":null,"playbackRate":1,"pending":true,"playState":"running","currentTime":"0","duration":"100"}],"calls":[{"open":true,"reason":"trigger-press","type":"click","before":"false","canceled":false,"defaultPrevented":false,"mouse":true,"cancelType":"function","allowType":"function"}],"order":["consumer","change"]}}
2026-10-06T22:02:29.3809015Z native-collapsible-css:{"route":"Svelte:mixed","label":"frame1","value":{"sameHost":true,"connected":true,"expanded":"true","hidden":null,"open":true,"closed":false,"starting":false,"ending":false,"status":"idle","rect":{"x":8,"y":29,"width":1264,"height":0},"height":0,"width":1264,"scrollHeight":18,"scrollWidth":1264,"measuredHeight":"18px","measuredWidth":"1264px","cssText":"--collapsible-panel-height: 18px; --collapsible-panel-width: 1264px; justify-content: center;","className":"mixed","alignment":"center","alignmentPriority":"","animationDuration":"","transitionDuration":"","animationPriority":"","transitionPriority":"","computedAnimationDuration":"0.1s","computedTransitionDuration":"0.1s","animations":[{"kind":"CSSTransition","name":"height","startTime":null,"playbackRate":1,"pending":true,"playState":"running","currentTime":"0","duration":"100"},{"kind":"CSSAnimation","name":"panel-fade","startTime":null,"playbackRate":1,"pending":true,"playState":"running","currentTime":"0","duration":"100"}],"calls":[{"open":true,"reason":"trigger-press","type":"click","before":"false","canceled":false,"defaultPrevented":false,"mouse":true,"cancelType":"function","allowType":"function"}],"order":["consumer","change"]}}
2026-10-06T22:02:29.3937240Z native-collapsible-css:{"route":"Svelte:mixed","label":"frame2","value":{"sameHost":true,"connected":true,"expanded":"true","hidden":null,"open":true,"closed":false,"starting":false,"ending":false,"status":"idle","rect":{"x":8,"y":29,"width":1264,"height":2.984375},"height":2.984375,"width":1264,"scrollHeight":18,"scrollWidth":1264,"measuredHeight":"18px","measuredWidth":"1264px","cssText":"--collapsible-panel-height: 18px; --collapsible-panel-width: 1264px; justify-content: center;","className":"mixed","alignment":"center","alignmentPriority":"","animationDuration":"","transitionDuration":"","animationPriority":"","transitionPriority":"","computedAnimationDuration":"0.1s","computedTransitionDuration":"0.1s","animations":[{"kind":"CSSTransition","name":"height","startTime":"944.3049999999857","playbackRate":1,"pending":false,"playState":"running","currentTime":"16.595000000014238","duration":"100"},{"kind":"CSSAnimation","name":"panel-fade","startTime":"944.3049999999857","playbackRate":1,"pending":false,"playState":"running","currentTime":"16.595000000014238","duration":"100"}],"calls":[{"open":true,"reason":"trigger-press","type":"click","before":"false","canceled":false,"defaultPrevented":false,"mouse":true,"cancelType":"function","allowType":"function"}],"order":["consumer","change"]}}
2026-10-06T22:02:29.3973917Z {"route":"Svelte:mixed","label":"panel:mixed:console","value":{"warnings":["Base UI: CSS transitions and CSS animations both detected on Collapsible or Accordion panel. Only one of either animation type should be used."],"errors":[]}}
2026-10-06T22:02:30.3394600Z native-collapsible-css:{"route":"Svelte:beforematch-keys","label":"before-action","value":{"sameHost":true,"connected":true,"expanded":"false","hidden":"until-found","open":false,"closed":true,"starting":false,"ending":false,"status":null,"rect":{"x":8,"y":29,"width":1264,"height":0},"height":0,"width":1264,"scrollHeight":0,"scrollWidth":1264,"measuredHeight":"auto","measuredWidth":"auto","cssText":"--collapsible-panel-height: auto; --collapsible-panel-width: auto; animation-duration: 123ms;","className":"keys ","alignment":"","alignmentPriority":"","animationDuration":"123ms","transitionDuration":"","animationPriority":"","transitionPriority":"","computedAnimationDuration":"0.123s","computedTransitionDuration":"0s","animations":[],"calls":[],"order":[]}}
2026-10-06T22:02:30.3419325Z native-collapsible-css:{"route":"Svelte:beforematch-keys","label":"after-flush","value":{"sameHost":true,"connected":true,"expanded":"true","hidden":null,"open":true,"closed":false,"starting":false,"ending":false,"status":"idle","rect":{"x":8,"y":29,"width":1264,"height":18},"height":18,"width":1264,"scrollHeight":18,"scrollWidth":1264,"measuredHeight":"18px","measuredWidth":"1264px","cssText":"--collapsible-panel-height: 18px; --collapsible-panel-width: 1264px; animation-duration: 0s;","className":"keys ","alignment":"","alignmentPriority":"","animationDuration":"0s","transitionDuration":"","animationPriority":"","transitionPriority":"","computedAnimationDuration":"0s","computedTransitionDuration":"0s","animations":[],"calls":[{"open":true,"reason":"none","type":"beforematch","before":"false","canceled":false,"defaultPrevented":false,"mouse":false,"cancelType":"function","allowType":"function"}],"order":["change"]}}
2026-10-06T22:02:30.3432960Z native-collapsible-css:{"route":"Svelte:beforematch-keys","label":"frame1","value":{"sameHost":true,"connected":true,"expanded":"true","hidden":null,"open":true,"closed":false,"starting":false,"ending":false,"status":"idle","rect":{"x":8,"y":29,"width":1264,"height":18},"height":18,"width":1264,"scrollHeight":18,"scrollWidth":1264,"measuredHeight":"auto","measuredWidth":"auto","cssText":"--collapsible-panel-height: auto; --collapsible-panel-width: auto; animation-duration: 0s;","className":"keys ","alignment":"","alignmentPriority":"","animationDuration":"0s","transitionDuration":"","animationPriority":"","transitionPriority":"","computedAnimationDuration":"0s","computedTransitionDuration":"0s","animations":[],"calls":[{"open":true,"reason":"none","type":"beforematch","before":"false","canceled":false,"defaultPrevented":false,"mouse":false,"cancelType":"function","allowType":"function"}],"order":["change"]}}
2026-10-06T22:02:30.3441235Z native-collapsible-css:{"route":"Svelte:beforematch-keys","label":"frame2","value":{"sameHost":true,"connected":true,"expanded":"true","hidden":null,"open":true,"closed":false,"starting":false,"ending":false,"status":"idle","rect":{"x":8,"y":29,"width":1264,"height":18},"height":18,"width":1264,"scrollHeight":18,"scrollWidth":1264,"measuredHeight":"auto","measuredWidth":"auto","cssText":"--collapsible-panel-height: auto; --collapsible-panel-width: auto; animation-duration: 0s;","className":"keys ","alignment":"","alignmentPriority":"","animationDuration":"0s","transitionDuration":"","animationPriority":"","transitionPriority":"","computedAnimationDuration":"0s","computedTransitionDuration":"0s","animations":[],"calls":[{"open":true,"reason":"none","type":"beforematch","before":"false","canceled":false,"defaultPrevented":false,"mouse":false,"cancelType":"function","allowType":"function"}],"order":["change"]}}
2026-10-06T22:02:30.3458927Z native-collapsible-css:{"route":"Svelte:beforematch-keys","label":"close-immediate","value":{"sameHost":true,"connected":true,"expanded":"false","hidden":null,"open":false,"closed":true,"starting":false,"ending":false,"status":"idle","rect":{"x":8,"y":29,"width":1264,"height":18},"height":18,"width":1264,"scrollHeight":18,"scrollWidth":1264,"measuredHeight":"18px","measuredWidth":"1264px","cssText":"--collapsible-panel-height: 18px; --collapsible-panel-width: 1264px; animation-duration: 123ms;","className":"keys ","alignment":"","alignmentPriority":"","animationDuration":"123ms","transitionDuration":"","animationPriority":"","transitionPriority":"","computedAnimationDuration":"0.123s","computedTransitionDuration":"0s","animations":[{"kind":"CSSAnimation","name":"panel-up","startTime":null,"playbackRate":1,"pending":true,"playState":"running","currentTime":"0","duration":"123"}],"calls":[{"open":true,"reason":"none","type":"beforematch","before":"false","canceled":false,"defaultPrevented":false,"mouse":false,"cancelType":"function","allowType":"function"},{"open":false,"reason":"trigger-press","type":"click","before":"true","canceled":false,"defaultPrevented":false,"mouse":true,"cancelType":"function","allowType":"function"}],"order":["change","consumer","change"]}}
2026-10-06T22:02:30.3610714Z native-collapsible-css:{"route":"Svelte:beforematch-keys","label":"close-frame1","value":{"sameHost":true,"connected":true,"expanded":"false","hidden":null,"open":false,"closed":true,"starting":false,"ending":true,"status":"ending","rect":{"x":8,"y":29,"width":1264,"height":15.5625},"height":15.5625,"width":1264,"scrollHeight":18,"scrollWidth":1264,"measuredHeight":"18px","measuredWidth":"1264px","cssText":"--collapsible-panel-height: 18px; --collapsible-panel-width: 1264px; animation-duration: 123ms;","className":"keys ","alignment":"","alignmentPriority":"","animationDuration":"123ms","transitionDuration":"","animationPriority":"","transitionPriority":"","computedAnimationDuration":"0.123s","computedTransitionDuration":"0s","animations":[{"kind":"CSSAnimation","name":"panel-up","startTime":"935","playbackRate":1,"pending":false,"playState":"running","currentTime":"16.599999999999948","duration":"123"}],"calls":[{"open":true,"reason":"none","type":"beforematch","before":"false","canceled":false,"defaultPrevented":false,"mouse":false,"cancelType":"function","allowType":"function"},{"open":false,"reason":"trigger-press","type":"click","before":"true","canceled":false,"defaultPrevented":false,"mouse":true,"cancelType":"function","allowType":"function"}],"order":["change","consumer","change"]}}
2026-10-06T22:02:30.3774650Z native-collapsible-css:{"route":"Svelte:beforematch-keys","label":"close-frame2","value":{"sameHost":true,"connected":true,"expanded":"false","hidden":null,"open":false,"closed":true,"starting":false,"ending":true,"status":"ending","rect":{"x":8,"y":29,"width":1264,"height":13.125},"height":13.125,"width":1264,"scrollHeight":18,"scrollWidth":1264,"measuredHeight":"18px","measuredWidth":"1264px","cssText":"--collapsible-panel-height: 18px; --collapsible-panel-width: 1264px; animation-duration: 123ms;","className":"keys ","alignment":"","alignmentPriority":"","animationDuration":"123ms","transitionDuration":"","animationPriority":"","transitionPriority":"","computedAnimationDuration":"0.123s","computedTransitionDuration":"0s","animations":[{"kind":"CSSAnimation","name":"panel-up","startTime":"935","playbackRate":1,"pending":false,"playState":"running","currentTime":"33.3","duration":"123"}],"calls":[{"open":true,"reason":"none","type":"beforematch","before":"false","canceled":false,"defaultPrevented":false,"mouse":false,"cancelType":"function","allowType":"function"},{"open":false,"reason":"trigger-press","type":"click","before":"true","canceled":false,"defaultPrevented":false,"mouse":true,"cancelType":"function","allowType":"function"}],"order":["change","consumer","change"]}}
2026-10-06T22:02:30.4765945Z native-collapsible-css:{"route":"Svelte:beforematch-keys","label":"close-completion","value":[{"status":"fulfilled"}]}
2026-10-06T22:02:30.4948486Z native-collapsible-css:{"route":"Svelte:beforematch-keys","label":"close-completed","value":{"sameHost":true,"connected":true,"expanded":"false","hidden":"until-found","open":false,"closed":true,"starting":false,"ending":false,"status":null,"rect":{"x":8,"y":29,"width":1264,"height":0},"height":0,"width":1264,"scrollHeight":0,"scrollWidth":1264,"measuredHeight":"auto","measuredWidth":"auto","cssText":"--collapsible-panel-height: auto; --collapsible-panel-width: auto; animation-duration: 123ms;","className":"keys ","alignment":"","alignmentPriority":"","animationDuration":"123ms","transitionDuration":"","animationPriority":"","transitionPriority":"","computedAnimationDuration":"0.123s","computedTransitionDuration":"0s","animations":[],"calls":[{"open":true,"reason":"none","type":"beforematch","before":"false","canceled":false,"defaultPrevented":false,"mouse":false,"cancelType":"function","allowType":"function"},{"open":false,"reason":"trigger-press","type":"click","before":"true","canceled":false,"defaultPrevented":false,"mouse":true,"cancelType":"function","allowType":"function"}],"order":["change","consumer","change"]}}
2026-10-06T22:02:30.5001841Z {"route":"Svelte:beforematch-keys","label":"panel:beforematch-keys:console","value":{"warnings":[],"errors":[]}}
2026-10-06T22:02:30.9479027Z native-collapsible-css:{"route":"Svelte:beforematch-transition","label":"before-action","value":{"sameHost":true,"connected":true,"expanded":"false","hidden":"until-found","open":false,"closed":true,"starting":true,"ending":false,"status":null,"rect":{"x":8,"y":29,"width":1264,"height":0},"height":0,"width":1264,"scrollHeight":0,"scrollWidth":1264,"measuredHeight":"auto","measuredWidth":"auto","cssText":"--collapsible-panel-height: auto; --collapsible-panel-width: auto; transition-duration: 123ms;","className":"motion","alignment":"","alignmentPriority":"","animationDuration":"","transitionDuration":"123ms","animationPriority":"","transitionPriority":"","computedAnimationDuration":"0s","computedTransitionDuration":"0.123s","animations":[],"calls":[],"order":[]}}
2026-10-06T22:02:30.9498814Z native-collapsible-css:{"route":"Svelte:beforematch-transition","label":"after-flush","value":{"sameHost":true,"connected":true,"expanded":"true","hidden":null,"open":true,"closed":false,"starting":false,"ending":false,"status":"idle","rect":{"x":8,"y":29,"width":1264,"height":18},"height":18,"width":1264,"scrollHeight":18,"scrollWidth":1264,"measuredHeight":"18px","measuredWidth":"1264px","cssText":"--collapsible-panel-height: 18px; --collapsible-panel-width: 1264px; transition-duration: 0s;","className":"motion","alignment":"","alignmentPriority":"","animationDuration":"","transitionDuration":"0s","animationPriority":"","transitionPriority":"","computedAnimationDuration":"0s","computedTransitionDuration":"0s","animations":[],"calls":[{"open":true,"reason":"none","type":"beforematch","before":"false","canceled":false,"defaultPrevented":false,"mouse":false,"cancelType":"function","allowType":"function"}],"order":["change"]}}
2026-10-06T22:02:30.9601008Z native-collapsible-css:{"route":"Svelte:beforematch-transition","label":"frame1","value":{"sameHost":true,"connected":true,"expanded":"true","hidden":null,"open":true,"closed":false,"starting":false,"ending":false,"status":"idle","rect":{"x":8,"y":29,"width":1264,"height":18},"height":18,"width":1264,"scrollHeight":18,"scrollWidth":1264,"measuredHeight":"auto","measuredWidth":"auto","cssText":"--collapsible-panel-height: auto; --collapsible-panel-width: auto; transition-duration: 0s;","className":"motion","alignment":"","alignmentPriority":"","animationDuration":"","transitionDuration":"0s","animationPriority":"","transitionPriority":"","computedAnimationDuration":"0s","computedTransitionDuration":"0s","animations":[],"calls":[{"open":true,"reason":"none","type":"beforematch","before":"false","canceled":false,"defaultPrevented":false,"mouse":false,"cancelType":"function","allowType":"function"}],"order":["change"]}}
2026-10-06T22:02:30.9764402Z native-collapsible-css:{"route":"Svelte:beforematch-transition","label":"frame2","value":{"sameHost":true,"connected":true,"expanded":"true","hidden":null,"open":true,"closed":false,"starting":false,"ending":false,"status":"idle","rect":{"x":8,"y":29,"width":1264,"height":18},"height":18,"width":1264,"scrollHeight":18,"scrollWidth":1264,"measuredHeight":"auto","measuredWidth":"auto","cssText":"--collapsible-panel-height: auto; --collapsible-panel-width: auto; transition-duration: 0s;","className":"motion","alignment":"","alignmentPriority":"","animationDuration":"","transitionDuration":"0s","animationPriority":"","transitionPriority":"","computedAnimationDuration":"0s","computedTransitionDuration":"0s","animations":[],"calls":[{"open":true,"reason":"none","type":"beforematch","before":"false","canceled":false,"defaultPrevented":false,"mouse":false,"cancelType":"function","allowType":"function"}],"order":["change"]}}
2026-10-06T22:02:30.9787226Z native-collapsible-css:{"route":"Svelte:beforematch-transition","label":"close-immediate","value":{"sameHost":true,"connected":true,"expanded":"false","hidden":null,"open":false,"closed":true,"starting":false,"ending":false,"status":"idle","rect":{"x":8,"y":29,"width":1264,"height":18},"height":18,"width":1264,"scrollHeight":18,"scrollWidth":1264,"measuredHeight":"18px","measuredWidth":"1264px","cssText":"--collapsible-panel-height: 18px; --collapsible-panel-width: 1264px; transition-duration: 123ms;","className":"motion","alignment":"","alignmentPriority":"","animationDuration":"","transitionDuration":"123ms","animationPriority":"","transitionPriority":"","computedAnimationDuration":"0s","computedTransitionDuration":"0.123s","animations":[],"calls":[{"open":true,"reason":"none","type":"beforematch","before":"false","canceled":false,"defaultPrevented":false,"mouse":false,"cancelType":"function","allowType":"function"},{"open":false,"reason":"trigger-press","type":"click","before":"true","canceled":false,"defaultPrevented":false,"mouse":true,"cancelType":"function","allowType":"function"}],"order":["change","consumer","change"]}}
2026-10-06T22:02:30.9938788Z native-collapsible-css:{"route":"Svelte:beforematch-transition","label":"close-frame1","value":{"sameHost":true,"connected":true,"expanded":"false","hidden":null,"open":false,"closed":true,"starting":false,"ending":true,"status":"ending","rect":{"x":8,"y":29,"width":1264,"height":18},"height":18,"width":1264,"scrollHeight":18,"scrollWidth":1264,"measuredHeight":"18px","measuredWidth":"1264px","cssText":"--collapsible-panel-height: 18px; --collapsible-panel-width: 1264px; transition-duration: 123ms;","className":"motion","alignment":"","alignmentPriority":"","animationDuration":"","transitionDuration":"123ms","animationPriority":"","transitionPriority":"","computedAnimationDuration":"0s","computedTransitionDuration":"0.123s","animations":[{"kind":"CSSTransition","name":"height","startTime":null,"playbackRate":1,"pending":true,"playState":"running","currentTime":"0","duration":"123"}],"calls":[{"open":true,"reason":"none","type":"beforematch","before":"false","canceled":false,"defaultPrevented":false,"mouse":false,"cancelType":"function","allowType":"function"},{"open":false,"reason":"trigger-press","type":"click","before":"true","canceled":false,"defaultPrevented":false,"mouse":true,"cancelType":"function","allowType":"function"}],"order":["change","consumer","change"]}}
2026-10-06T22:02:31.0098894Z native-collapsible-css:{"route":"Svelte:beforematch-transition","label":"close-frame2","value":{"sameHost":true,"connected":true,"expanded":"false","hidden":null,"open":false,"closed":true,"starting":false,"ending":true,"status":"ending","rect":{"x":8,"y":29,"width":1264,"height":15.546875},"height":15.546875,"width":1264,"scrollHeight":18,"scrollWidth":1264,"measuredHeight":"18px","measuredWidth":"1264px","cssText":"--collapsible-panel-height: 18px; --collapsible-panel-width: 1264px; transition-duration: 123ms;","className":"motion","alignment":"","alignmentPriority":"","animationDuration":"","transitionDuration":"123ms","animationPriority":"","transitionPriority":"","computedAnimationDuration":"0s","computedTransitionDuration":"0.123s","animations":[{"kind":"CSSTransition","name":"height","startTime":"474.8","playbackRate":1,"pending":false,"playState":"running","currentTime":"16.699999999999992","duration":"123"}],"calls":[{"open":true,"reason":"none","type":"beforematch","before":"false","canceled":false,"defaultPrevented":false,"mouse":false,"cancelType":"function","allowType":"function"},{"open":false,"reason":"trigger-press","type":"click","before":"true","canceled":false,"defaultPrevented":false,"mouse":true,"cancelType":"function","allowType":"function"}],"order":["change","consumer","change"]}}
2026-10-06T22:02:31.1261861Z native-collapsible-css:{"route":"Svelte:beforematch-transition","label":"close-completion","value":[{"status":"fulfilled"}]}
2026-10-06T22:02:31.1435487Z native-collapsible-css:{"route":"Svelte:beforematch-transition","label":"close-completed","value":{"sameHost":true,"connected":true,"expanded":"false","hidden":"until-found","open":false,"closed":true,"starting":true,"ending":false,"status":null,"rect":{"x":8,"y":29,"width":1264,"height":0},"height":0,"width":1264,"scrollHeight":0,"scrollWidth":1264,"measuredHeight":"auto","measuredWidth":"auto","cssText":"--collapsible-panel-height: auto; --collapsible-panel-width: auto; transition-duration: 123ms;","className":"motion","alignment":"","alignmentPriority":"","animationDuration":"","transitionDuration":"123ms","animationPriority":"","transitionPriority":"","computedAnimationDuration":"0s","computedTransitionDuration":"0.123s","animations":[],"calls":[{"open":true,"reason":"none","type":"beforematch","before":"false","canceled":false,"defaultPrevented":false,"mouse":false,"cancelType":"function","allowType":"function"},{"open":false,"reason":"trigger-press","type":"click","before":"true","canceled":false,"defaultPrevented":false,"mouse":true,"cancelType":"function","allowType":"function"}],"order":["change","consumer","change"]}}
2026-10-06T22:02:31.1480018Z {"route":"Svelte:beforematch-transition","label":"panel:beforematch-transition:console","value":{"warnings":[],"errors":[]}}
2026-10-06T22:02:31.6093725Z native-collapsible-css:{"route":"Svelte:beforematch-keys-class","label":"before-action","value":{"sameHost":true,"connected":true,"expanded":"false","hidden":"until-found","open":false,"closed":true,"starting":false,"ending":false,"status":null,"rect":{"x":8,"y":29,"width":1264,"height":0},"height":0,"width":1264,"scrollHeight":0,"scrollWidth":1264,"measuredHeight":"auto","measuredWidth":"auto","cssText":"--collapsible-panel-height: auto; --collapsible-panel-width: auto;","className":"animation-test-panel","alignment":"","alignmentPriority":"","animationDuration":"","transitionDuration":"","animationPriority":"","transitionPriority":"","computedAnimationDuration":"0.123s","computedTransitionDuration":"0s","animations":[],"calls":[],"order":[]}}
2026-10-06T22:02:31.6115802Z native-collapsible-css:{"route":"Svelte:beforematch-keys-class","label":"after-flush","value":{"sameHost":true,"connected":true,"expanded":"true","hidden":null,"open":true,"closed":false,"starting":false,"ending":false,"status":"idle","rect":{"x":8,"y":29,"width":1264,"height":18},"height":18,"width":1264,"scrollHeight":18,"scrollWidth":1264,"measuredHeight":"18px","measuredWidth":"1264px","cssText":"--collapsible-panel-height: 18px; --collapsible-panel-width: 1264px; animation-duration: 0s;","className":"animation-test-panel","alignment":"","alignmentPriority":"","animationDuration":"0s","transitionDuration":"","animationPriority":"","transitionPriority":"","computedAnimationDuration":"0s","computedTransitionDuration":"0s","animations":[],"calls":[{"open":true,"reason":"none","type":"beforematch","before":"false","canceled":false,"defaultPrevented":false,"mouse":false,"cancelType":"function","allowType":"function"}],"order":["change"]}}
2026-10-06T22:02:31.6268851Z native-collapsible-css:{"route":"Svelte:beforematch-keys-class","label":"frame1","value":{"sameHost":true,"connected":true,"expanded":"true","hidden":null,"open":true,"closed":false,"starting":false,"ending":false,"status":"idle","rect":{"x":8,"y":29,"width":1264,"height":18},"height":18,"width":1264,"scrollHeight":18,"scrollWidth":1264,"measuredHeight":"auto","measuredWidth":"auto","cssText":"--collapsible-panel-height: auto; --collapsible-panel-width: auto; animation-duration: 0s;","className":"animation-test-panel","alignment":"","alignmentPriority":"","animationDuration":"0s","transitionDuration":"","animationPriority":"","transitionPriority":"","computedAnimationDuration":"0s","computedTransitionDuration":"0s","animations":[],"calls":[{"open":true,"reason":"none","type":"beforematch","before":"false","canceled":false,"defaultPrevented":false,"mouse":false,"cancelType":"function","allowType":"function"}],"order":["change"]}}
2026-10-06T22:02:31.6429305Z native-collapsible-css:{"route":"Svelte:beforematch-keys-class","label":"frame2","value":{"sameHost":true,"connected":true,"expanded":"true","hidden":null,"open":true,"closed":false,"starting":false,"ending":false,"status":"idle","rect":{"x":8,"y":29,"width":1264,"height":18},"height":18,"width":1264,"scrollHeight":18,"scrollWidth":1264,"measuredHeight":"auto","measuredWidth":"auto","cssText":"--collapsible-panel-height: auto; --collapsible-panel-width: auto; animation-duration: 0s;","className":"animation-test-panel","alignment":"","alignmentPriority":"","animationDuration":"0s","transitionDuration":"","animationPriority":"","transitionPriority":"","computedAnimationDuration":"0s","computedTransitionDuration":"0s","animations":[],"calls":[{"open":true,"reason":"none","type":"beforematch","before":"false","canceled":false,"defaultPrevented":false,"mouse":false,"cancelType":"function","allowType":"function"}],"order":["change"]}}
2026-10-06T22:02:31.6455767Z native-collapsible-css:{"route":"Svelte:beforematch-keys-class","label":"close-immediate","value":{"sameHost":true,"connected":true,"expanded":"false","hidden":null,"open":false,"closed":true,"starting":false,"ending":false,"status":"idle","rect":{"x":8,"y":29,"width":1264,"height":18},"height":18,"width":1264,"scrollHeight":18,"scrollWidth":1264,"measuredHeight":"18px","measuredWidth":"1264px","cssText":"--collapsible-panel-height: 18px; --collapsible-panel-width: 1264px;","className":"animation-test-panel","alignment":"","alignmentPriority":"","animationDuration":"","transitionDuration":"","animationPriority":"","transitionPriority":"","computedAnimationDuration":"0.123s","computedTransitionDuration":"0s","animations":[{"kind":"CSSAnimation","name":"panel-slide-up","startTime":null,"playbackRate":1,"pending":true,"playState":"running","currentTime":"0","duration":"123"}],"calls":[{"open":true,"reason":"none","type":"beforematch","before":"false","canceled":false,"defaultPrevented":false,"mouse":false,"cancelType":"function","allowType":"function"},{"open":false,"reason":"trigger-press","type":"click","before":"true","canceled":false,"defaultPrevented":false,"mouse":true,"cancelType":"function","allowType":"function"}],"order":["change","consumer","change"]}}
2026-10-06T22:02:31.6606042Z native-collapsible-css:{"route":"Svelte:beforematch-keys-class","label":"close-frame1","value":{"sameHost":true,"connected":true,"expanded":"false","hidden":null,"open":false,"closed":true,"starting":false,"ending":true,"status":"ending","rect":{"x":8,"y":29,"width":1264,"height":15.171875},"height":15.171875,"width":1264,"scrollHeight":18,"scrollWidth":1264,"measuredHeight":"18px","measuredWidth":"1264px","cssText":"--collapsible-panel-height: 18px; --collapsible-panel-width: 1264px;","className":"animation-test-panel","alignment":"","alignmentPriority":"","animationDuration":"","transitionDuration":"","animationPriority":"","transitionPriority":"","computedAnimationDuration":"0.123s","computedTransitionDuration":"0s","animations":[{"kind":"CSSAnimation","name":"panel-slide-up","startTime":"468.6","playbackRate":1,"pending":false,"playState":"running","currentTime":"16.699999999999992","duration":"123"}],"calls":[{"open":true,"reason":"none","type":"beforematch","before":"false","canceled":false,"defaultPrevented":false,"mouse":false,"cancelType":"function","allowType":"function"},{"open":false,"reason":"trigger-press","type":"click","before":"true","canceled":false,"defaultPrevented":false,"mouse":true,"cancelType":"function","allowType":"function"}],"order":["change","consumer","change"]}}
2026-10-06T22:02:31.6767854Z native-collapsible-css:{"route":"Svelte:beforematch-keys-class","label":"close-frame2","value":{"sameHost":true,"connected":true,"expanded":"false","hidden":null,"open":false,"closed":true,"starting":false,"ending":true,"status":"ending","rect":{"x":8,"y":29,"width":1264,"height":9.828125},"height":9.828125,"width":1264,"scrollHeight":18,"scrollWidth":1264,"measuredHeight":"18px","measuredWidth":"1264px","cssText":"--collapsible-panel-height: 18px; --collapsible-panel-width: 1264px;","className":"animation-test-panel","alignment":"","alignmentPriority":"","animationDuration":"","transitionDuration":"","animationPriority":"","transitionPriority":"","computedAnimationDuration":"0.123s","computedTransitionDuration":"0s","animations":[{"kind":"CSSAnimation","name":"panel-slide-up","startTime":"468.6","playbackRate":1,"pending":false,"playState":"running","currentTime":"33.3","duration":"123"}],"calls":[{"open":true,"reason":"none","type":"beforematch","before":"false","canceled":false,"defaultPrevented":false,"mouse":false,"cancelType":"function","allowType":"function"},{"open":false,"reason":"trigger-press","type":"click","before":"true","canceled":false,"defaultPrevented":false,"mouse":true,"cancelType":"function","allowType":"function"}],"order":["change","consumer","change"]}}
2026-10-06T22:02:31.7761418Z native-collapsible-css:{"route":"Svelte:beforematch-keys-class","label":"close-completion","value":[{"status":"fulfilled"}]}
2026-10-06T22:02:31.7932670Z native-collapsible-css:{"route":"Svelte:beforematch-keys-class","label":"close-completed","value":{"sameHost":true,"connected":true,"expanded":"false","hidden":"until-found","open":false,"closed":true,"starting":false,"ending":false,"status":null,"rect":{"x":8,"y":29,"width":1264,"height":0},"height":0,"width":1264,"scrollHeight":0,"scrollWidth":1264,"measuredHeight":"auto","measuredWidth":"auto","cssText":"--collapsible-panel-height: auto; --collapsible-panel-width: auto;","className":"animation-test-panel","alignment":"","alignmentPriority":"","animationDuration":"","transitionDuration":"","animationPriority":"","transitionPriority":"","computedAnimationDuration":"0.123s","computedTransitionDuration":"0s","animations":[],"calls":[{"open":true,"reason":"none","type":"beforematch","before":"false","canceled":false,"defaultPrevented":false,"mouse":false,"cancelType":"function","allowType":"function"},{"open":false,"reason":"trigger-press","type":"click","before":"true","canceled":false,"defaultPrevented":false,"mouse":true,"cancelType":"function","allowType":"function"}],"order":["change","consumer","change"]}}
2026-10-06T22:02:31.7981107Z {"route":"Svelte:beforematch-keys-class","label":"panel:beforematch-keys-class:console","value":{"warnings":[],"errors":[]}}
2026-10-06T22:02:32.2851525Z native-collapsible-css:{"route":"React reference:beforematch-keys-class","label":"before-action","value":{"sameHost":true,"connected":true,"expanded":"false","hidden":"until-found","open":false,"closed":true,"starting":true,"ending":false,"status":null,"rect":{"x":8,"y":29,"width":1264,"height":0},"height":0,"width":1264,"scrollHeight":0,"scrollWidth":1264,"measuredHeight":"auto","measuredWidth":"auto","cssText":"--collapsible-panel-height: auto; --collapsible-panel-width: auto;","className":"animation-test-panel","alignment":"","alignmentPriority":"","animationDuration":"","transitionDuration":"","animationPriority":"","transitionPriority":"","computedAnimationDuration":"0.123s","computedTransitionDuration":"0s","animations":[{"kind":"CSSAnimation","name":"panel-slide-up","startTime":"336","playbackRate":1,"pending":false,"playState":"running","currentTime":"116.59999999999998","duration":"123"}],"calls":[],"order":[]}}
2026-10-06T22:02:32.2917960Z native-collapsible-css:{"route":"React reference:beforematch-keys-class","label":"after-flush","value":{"sameHost":true,"connected":true,"expanded":"true","hidden":null,"open":true,"closed":false,"starting":false,"ending":false,"status":"idle","rect":{"x":8,"y":29,"width":1264,"height":18},"height":18,"width":1264,"scrollHeight":18,"scrollWidth":1264,"measuredHeight":"18px","measuredWidth":"1264px","cssText":"--collapsible-panel-height: 18px; --collapsible-panel-width: 1264px; animation-duration: 0s;","className":"animation-test-panel","alignment":"","alignmentPriority":"","animationDuration":"0s","transitionDuration":"","animationPriority":"","transitionPriority":"","computedAnimationDuration":"0s","computedTransitionDuration":"0s","animations":[],"calls":[{"open":true,"reason":"none","type":"beforematch","before":"false","canceled":false,"defaultPrevented":false,"mouse":false,"cancelType":"function","allowType":"function"}],"order":["change"]}}
2026-10-06T22:02:32.2946726Z native-collapsible-css:{"route":"React reference:beforematch-keys-class","label":"frame1","value":{"sameHost":true,"connected":true,"expanded":"true","hidden":null,"open":true,"closed":false,"starting":false,"ending":false,"status":"idle","rect":{"x":8,"y":29,"width":1264,"height":18},"height":18,"width":1264,"scrollHeight":18,"scrollWidth":1264,"measuredHeight":"auto","measuredWidth":"auto","cssText":"--collapsible-panel-height: auto; --collapsible-panel-width: auto; animation-duration: 0s;","className":"animation-test-panel","alignment":"","alignmentPriority":"","animationDuration":"0s","transitionDuration":"","animationPriority":"","transitionPriority":"","computedAnimationDuration":"0s","computedTransitionDuration":"0s","animations":[],"calls":[{"open":true,"reason":"none","type":"beforematch","before":"false","canceled":false,"defaultPrevented":false,"mouse":false,"cancelType":"function","allowType":"function"}],"order":["change"]}}
2026-10-06T22:02:32.3094620Z native-collapsible-css:{"route":"React reference:beforematch-keys-class","label":"frame2","value":{"sameHost":true,"connected":true,"expanded":"true","hidden":null,"open":true,"closed":false,"starting":false,"ending":false,"status":"idle","rect":{"x":8,"y":29,"width":1264,"height":18},"height":18,"width":1264,"scrollHeight":18,"scrollWidth":1264,"measuredHeight":"auto","measuredWidth":"auto","cssText":"--collapsible-panel-height: auto; --collapsible-panel-width: auto; animation-duration: 0s;","className":"animation-test-panel","alignment":"","alignmentPriority":"","animationDuration":"0s","transitionDuration":"","animationPriority":"","transitionPriority":"","computedAnimationDuration":"0s","computedTransitionDuration":"0s","animations":[],"calls":[{"open":true,"reason":"none","type":"beforematch","before":"false","canceled":false,"defaultPrevented":false,"mouse":false,"cancelType":"function","allowType":"function"}],"order":["change"]}}
2026-10-06T22:02:32.3136096Z native-collapsible-css:{"route":"React reference:beforematch-keys-class","label":"close-immediate","value":{"sameHost":true,"connected":true,"expanded":"false","hidden":null,"open":false,"closed":true,"starting":false,"ending":false,"status":"idle","rect":{"x":8,"y":29,"width":1264,"height":18},"height":18,"width":1264,"scrollHeight":18,"scrollWidth":1264,"measuredHeight":"18px","measuredWidth":"1264px","cssText":"--collapsible-panel-height: 18px; --collapsible-panel-width: 1264px;","className":"animation-test-panel","alignment":"","alignmentPriority":"","animationDuration":"","transitionDuration":"","animationPriority":"","transitionPriority":"","computedAnimationDuration":"0.123s","computedTransitionDuration":"0s","animations":[{"kind":"CSSAnimation","name":"panel-slide-up","startTime":null,"playbackRate":1,"pending":true,"playState":"running","currentTime":"0","duration":"123"}],"calls":[{"open":true,"reason":"none","type":"beforematch","before":"false","canceled":false,"defaultPrevented":false,"mouse":false,"cancelType":"function","allowType":"function"},{"open":false,"reason":"trigger-press","type":"click","before":"true","canceled":false,"defaultPrevented":false,"mouse":true,"cancelType":"function","allowType":"function"}],"order":["change","consumer","change"]}}
2026-10-06T22:02:32.3266953Z native-collapsible-css:{"route":"React reference:beforematch-keys-class","label":"close-frame1","value":{"sameHost":true,"connected":true,"expanded":"false","hidden":null,"open":false,"closed":true,"starting":false,"ending":false,"status":"idle","rect":{"x":8,"y":29,"width":1264,"height":15.171875},"height":15.171875,"width":1264,"scrollHeight":18,"scrollWidth":1264,"measuredHeight":"18px","measuredWidth":"1264px","cssText":"--collapsible-panel-height: 18px; --collapsible-panel-width: 1264px;","className":"animation-test-panel","alignment":"","alignmentPriority":"","animationDuration":"","transitionDuration":"","animationPriority":"","transitionPriority":"","computedAnimationDuration":"0.123s","computedTransitionDuration":"0s","animations":[{"kind":"CSSAnimation","name":"panel-slide-up","startTime":"485.9","playbackRate":1,"pending":false,"playState":"running","currentTime":"16.70000000000005","duration":"123"}],"calls":[{"open":true,"reason":"none","type":"beforematch","before":"false","canceled":false,"defaultPrevented":false,"mouse":false,"cancelType":"function","allowType":"function"},{"open":false,"reason":"trigger-press","type":"click","before":"true","canceled":false,"defaultPrevented":false,"mouse":true,"cancelType":"function","allowType":"function"}],"order":["change","consumer","change"]}}
2026-10-06T22:02:32.3433221Z native-collapsible-css:{"route":"React reference:beforematch-keys-class","label":"close-frame2","value":{"sameHost":true,"connected":true,"expanded":"false","hidden":null,"open":false,"closed":true,"starting":false,"ending":true,"status":"ending","rect":{"x":8,"y":29,"width":1264,"height":9.796875},"height":9.796875,"width":1264,"scrollHeight":18,"scrollWidth":1264,"measuredHeight":"18px","measuredWidth":"1264px","cssText":"--collapsible-panel-height: 18px; --collapsible-panel-width: 1264px;","className":"animation-test-panel","alignment":"","alignmentPriority":"","animationDuration":"","transitionDuration":"","animationPriority":"","transitionPriority":"","computedAnimationDuration":"0.123s","computedTransitionDuration":"0s","animations":[{"kind":"CSSAnimation","name":"panel-slide-up","startTime":"485.9","playbackRate":1,"pending":false,"playState":"running","currentTime":"33.399999999999984","duration":"123"}],"calls":[{"open":true,"reason":"none","type":"beforematch","before":"false","canceled":false,"defaultPrevented":false,"mouse":false,"cancelType":"function","allowType":"function"},{"open":false,"reason":"trigger-press","type":"click","before":"true","canceled":false,"defaultPrevented":false,"mouse":true,"cancelType":"function","allowType":"function"}],"order":["change","consumer","change"]}}
2026-10-06T22:02:32.4429194Z native-collapsible-css:{"route":"React reference:beforematch-keys-class","label":"close-completion","value":[{"status":"fulfilled"}]}
2026-10-06T22:02:32.4603539Z native-collapsible-css:{"route":"React reference:beforematch-keys-class","label":"close-completed","value":{"sameHost":true,"connected":true,"expanded":"false","hidden":"until-found","open":false,"closed":true,"starting":false,"ending":false,"status":null,"rect":{"x":8,"y":29,"width":1264,"height":0},"height":0,"width":1264,"scrollHeight":0,"scrollWidth":1264,"measuredHeight":"auto","measuredWidth":"auto","cssText":"--collapsible-panel-height: auto; --collapsible-panel-width: auto;","className":"animation-test-panel","alignment":"","alignmentPriority":"","animationDuration":"","transitionDuration":"","animationPriority":"","transitionPriority":"","computedAnimationDuration":"0.123s","computedTransitionDuration":"0s","animations":[{"kind":"CSSAnimation","name":"panel-slide-up","startTime":"619.3","playbackRate":1,"pending":false,"playState":"running","currentTime":"16.70000000000005","duration":"123"}],"calls":[{"open":true,"reason":"none","type":"beforematch","before":"false","canceled":false,"defaultPrevented":false,"mouse":false,"cancelType":"function","allowType":"function"},{"open":false,"reason":"trigger-press","type":"click","before":"true","canceled":false,"defaultPrevented":false,"mouse":true,"cancelType":"function","allowType":"function"}],"order":["change","consumer","change"]}}
2026-10-06T22:02:32.4653109Z {"route":"React reference:beforematch-keys-class","label":"panel:beforematch-keys-class:console","value":{"warnings":[],"errors":[]}}
2026-10-06T22:02:32.9190233Z native-collapsible-css:{"route":"Svelte:beforematch-cancel","label":"before-action","value":{"sameHost":true,"connected":true,"expanded":"false","hidden":"until-found","open":false,"closed":true,"starting":true,"ending":false,"status":null,"rect":{"x":8,"y":29,"width":1264,"height":0},"height":0,"width":1264,"scrollHeight":0,"scrollWidth":1264,"measuredHeight":"auto","measuredWidth":"auto","cssText":"--collapsible-panel-height: auto; --collapsible-panel-width: auto; transition-duration: 123ms;","className":"motion","alignment":"","alignmentPriority":"","animationDuration":"","transitionDuration":"123ms","animationPriority":"","transitionPriority":"","computedAnimationDuration":"0s","computedTransitionDuration":"0.123s","animations":[],"calls":[],"order":[]}}
2026-10-06T22:02:32.9197419Z native-collapsible-css:{"route":"Svelte:beforematch-cancel","label":"after-flush","value":{"sameHost":true,"connected":true,"expanded":"false","hidden":"until-found","open":false,"closed":true,"starting":true,"ending":false,"status":null,"rect":{"x":8,"y":29,"width":1264,"height":0},"height":0,"width":1264,"scrollHeight":0,"scrollWidth":1264,"measuredHeight":"auto","measuredWidth":"auto","cssText":"--collapsible-panel-height: auto; --collapsible-panel-width: auto; transition-duration: 123ms;","className":"motion","alignment":"","alignmentPriority":"","animationDuration":"","transitionDuration":"123ms","animationPriority":"","transitionPriority":"","computedAnimationDuration":"0s","computedTransitionDuration":"0.123s","animations":[],"calls":[{"open":true,"reason":"none","type":"beforematch","before":"false","canceled":true,"defaultPrevented":false,"mouse":false,"cancelType":"function","allowType":"function"}],"order":["change"]}}
2026-10-06T22:02:32.9204182Z native-collapsible-css:{"route":"Svelte:beforematch-cancel","label":"frame1","value":{"sameHost":true,"connected":true,"expanded":"false","hidden":"until-found","open":false,"closed":true,"starting":true,"ending":false,"status":null,"rect":{"x":8,"y":29,"width":1264,"height":0},"height":0,"width":1264,"scrollHeight":0,"scrollWidth":1264,"measuredHeight":"auto","measuredWidth":"auto","cssText":"--collapsible-panel-height: auto; --collapsible-panel-width: auto; transition-duration: 123ms;","className":"motion","alignment":"","alignmentPriority":"","animationDuration":"","transitionDuration":"123ms","animationPriority":"","transitionPriority":"","computedAnimationDuration":"0s","computedTransitionDuration":"0.123s","animations":[],"calls":[{"open":true,"reason":"none","type":"beforematch","before":"false","canceled":true,"defaultPrevented":false,"mouse":false,"cancelType":"function","allowType":"function"}],"order":["change"]}}
2026-10-06T22:02:32.9285314Z native-collapsible-css:{"route":"Svelte:beforematch-cancel","label":"frame2","value":{"sameHost":true,"connected":true,"expanded":"false","hidden":"until-found","open":false,"closed":true,"starting":true,"ending":false,"status":null,"rect":{"x":8,"y":29,"width":1264,"height":0},"height":0,"width":1264,"scrollHeight":0,"scrollWidth":1264,"measuredHeight":"auto","measuredWidth":"auto","cssText":"--collapsible-panel-height: auto; --collapsible-panel-width: auto; transition-duration: 123ms;","className":"motion","alignment":"","alignmentPriority":"","animationDuration":"","transitionDuration":"123ms","animationPriority":"","transitionPriority":"","computedAnimationDuration":"0s","computedTransitionDuration":"0.123s","animations":[],"calls":[{"open":true,"reason":"none","type":"beforematch","before":"false","canceled":true,"defaultPrevented":false,"mouse":false,"cancelType":"function","allowType":"function"}],"order":["change"]}}
2026-10-06T22:02:32.9304605Z native-collapsible-css:{"route":"Svelte:beforematch-cancel","label":"uncanceled-trigger-flush","value":{"sameHost":true,"connected":true,"expanded":"true","hidden":null,"open":true,"closed":false,"starting":true,"ending":false,"status":"starting","rect":{"x":8,"y":29,"width":1264,"height":0},"height":0,"width":1264,"scrollHeight":18,"scrollWidth":1264,"measuredHeight":"18px","measuredWidth":"1264px","cssText":"--collapsible-panel-height: 18px; --collapsible-panel-width: 1264px; transition-duration: 123ms;","className":"motion","alignment":"","alignmentPriority":"","animationDuration":"","transitionDuration":"123ms","animationPriority":"","transitionPriority":"","computedAnimationDuration":"0s","computedTransitionDuration":"0.123s","animations":[],"calls":[{"open":true,"reason":"none","type":"beforematch","before":"false","canceled":true,"defaultPrevented":false,"mouse":false,"cancelType":"function","allowType":"function"},{"open":true,"reason":"trigger-press","type":"click","before":"false","canceled":false,"defaultPrevented":false,"mouse":true,"cancelType":"function","allowType":"function"}],"order":["change","consumer","change"]}}
2026-10-06T22:02:32.9439121Z native-collapsible-css:{"route":"Svelte:beforematch-cancel","label":"uncanceled-trigger-frame1","value":{"sameHost":true,"connected":true,"expanded":"true","hidden":null,"open":true,"closed":false,"starting":false,"ending":false,"status":"idle","rect":{"x":8,"y":29,"width":1264,"height":0},"height":0,"width":1264,"scrollHeight":18,"scrollWidth":1264,"measuredHeight":"18px","measuredWidth":"1264px","cssText":"--collapsible-panel-height: 18px; --collapsible-panel-width: 1264px; transition-duration: 123ms;","className":"motion","alignment":"","alignmentPriority":"","animationDuration":"","transitionDuration":"123ms","animationPriority":"","transitionPriority":"","computedAnimationDuration":"0s","computedTransitionDuration":"0.123s","animations":[{"kind":"CSSTransition","name":"height","startTime":null,"playbackRate":1,"pending":true,"playState":"running","currentTime":"0","duration":"123"}],"calls":[{"open":true,"reason":"none","type":"beforematch","before":"false","canceled":true,"defaultPrevented":false,"mouse":false,"cancelType":"function","allowType":"function"},{"open":true,"reason":"trigger-press","type":"click","before":"false","canceled":false,"defaultPrevented":false,"mouse":true,"cancelType":"function","allowType":"function"}],"order":["change","consumer","change"]}}
2026-10-06T22:02:32.9600952Z native-collapsible-css:{"route":"Svelte:beforematch-cancel","label":"uncanceled-trigger-frame2","value":{"sameHost":true,"connected":true,"expanded":"true","hidden":null,"open":true,"closed":false,"starting":false,"ending":false,"status":"idle","rect":{"x":8,"y":29,"width":1264,"height":2.4375},"height":2.4375,"width":1264,"scrollHeight":18,"scrollWidth":1264,"measuredHeight":"18px","measuredWidth":"1264px","cssText":"--collapsible-panel-height: 18px; --collapsible-panel-width: 1264px; transition-duration: 123ms;","className":"motion","alignment":"","alignmentPriority":"","animationDuration":"","transitionDuration":"123ms","animationPriority":"","transitionPriority":"","computedAnimationDuration":"0s","computedTransitionDuration":"0.123s","animations":[{"kind":"CSSTransition","name":"height","startTime":"452.29999999999995","playbackRate":1,"pending":false,"playState":"running","currentTime":"16.699999999999992","duration":"123"}],"calls":[{"open":true,"reason":"none","type":"beforematch","before":"false","canceled":true,"defaultPrevented":false,"mouse":false,"cancelType":"function","allowType":"function"},{"open":true,"reason":"trigger-press","type":"click","before":"false","canceled":false,"defaultPrevented":false,"mouse":true,"cancelType":"function","allowType":"function"}],"order":["change","consumer","change"]}}
2026-10-06T22:02:32.9654426Z {"route":"Svelte:beforematch-cancel","label":"panel:beforematch-cancel:console","value":{"warnings":[],"errors":[]}}
2026-10-06T22:02:33.1763175Z {"route":"native-controlled-baseline","label":"initial","value":{"expanded":"false","contentCount":0,"requests":"[]"}}
2026-10-06T22:02:33.2350469Z {"route":"native-controlled-baseline","label":"released","value":{"expanded":"true","contentCount":1,"requests":"[]"}}
2026-10-06T22:02:33.2827239Z {"route":"native-controlled-baseline","label":"requested","value":{"expanded":"true","contentCount":1,"requests":"[{\"open\":false,\"before\":true}]"}}
2026-10-06T22:02:33.7280187Z {"route":"Svelte:controlled-default","label":"initial","value":{"expanded":"false","panelCount":0,"calls":[]}}
2026-10-06T22:02:33.7722174Z {"route":"Svelte:controlled-default","label":"released","value":{"expanded":"true","panelCount":1,"calls":[]}}
2026-10-06T22:02:33.8399834Z {"route":"Svelte:controlled-default","label":"requested","value":{"expanded":"true","panelCount":1,"calls":[{"open":false,"reason":"trigger-press","type":"click","before":"true","canceled":false,"defaultPrevented":false,"mouse":true,"cancelType":"function","allowType":"function"}],"order":"[\"consumer\",\"change\"]"}}
2026-10-06T22:02:33.8684761Z {"diagnosticReport":{"observations":[{"route":"literal","label":"before:justify-content","value":{"connected":true,"cssText":"justify-content: center; animation-duration: 123ms; transition-duration: 123ms; --native-dimension: 0px;","dimension":"0px","properties":{"justify-content":{"value":"center","priority":""},"animation-duration":{"value":"123ms","priority":""},"transition-duration":{"value":"123ms","priority":""}}}},{"route":"literal","label":"before-state-write:justify-content","value":{"connected":true,"cssText":"justify-content: initial !important; animation-duration: 123ms; transition-duration: 123ms; --native-dimension: 0px;","dimension":"0px","properties":{"justify-content":{"value":"initial","priority":"important"},"animation-duration":{"value":"123ms","priority":""},"transition-duration":{"value":"123ms","priority":""}}}},{"route":"literal","label":"after-flush:justify-content","value":{"connected":true,"cssText":"justify-content: center; animation-duration: 123ms; transition-duration: 123ms; --native-dimension: 1px;","dimension":"1px","properties":{"justify-content":{"value":"center","priority":""},"animation-duration":{"value":"123ms","priority":""},"transition-duration":{"value":"123ms","priority":""}}}},{"route":"literal","label":"commit:justify-content","value":{"beforeStateWrite":{"connected":true,"cssText":"justify-content: initial !important; animation-duration: 123ms; transition-duration: 123ms; --native-dimension: 0px;","dimension":"0px","properties":{"justify-content":{"value":"initial","priority":"important"},"animation-duration":{"value":"123ms","priority":""},"transition-duration":{"value":"123ms","priority":""}}},"afterFlush":{"connected":true,"cssText":"justify-content: center; animation-duration: 123ms; transition-duration: 123ms; --native-dimension: 1px;","dimension":"1px","properties":{"justify-content":{"value":"center","priority":""},"animation-duration":{"value":"123ms","priority":""},"transition-duration":{"value":"123ms","priority":""}}},"sameHost":true}},{"route":"literal","label":"frame1:justify-content","value":{"connected":true,"cssText":"justify-content: center; animation-duration: 123ms; transition-duration: 123ms; --native-dimension: 1px;","dimension":"1px","properties":{"justify-content":{"value":"center","priority":""},"animation-duration":{"value":"123ms","priority":""},"transition-duration":{"value":"123ms","priority":""}}}},{"route":"literal","label":"frame2:justify-content","value":{"connected":true,"cssText":"justify-content: center; animation-duration: 123ms; transition-duration: 123ms; --native-dimension: 1px;","dimension":"1px","properties":{"justify-content":{"value":"center","priority":""},"animation-duration":{"value":"123ms","priority":""},"transition-duration":{"value":"123ms","priority":""}}}},{"route":"literal","label":"literal:justify-content","value":{"committed":{"beforeStateWrite":{"connected":true,"cssText":"justify-content: initial !important; animation-duration: 123ms; transition-duration: 123ms; --native-dimension: 0px;","dimension":"0px","properties":{"justify-content":{"value":"initial","priority":"important"},"animation-duration":{"value":"123ms","priority":""},"transition-duration":{"value":"123ms","priority":""}}},"afterFlush":{"connected":true,"cssText":"justify-content: center; animation-duration: 123ms; transition-duration: 123ms; --native-dimension: 1px;","dimension":"1px","properties":{"justify-content":{"value":"center","priority":""},"animation-duration":{"value":"123ms","priority":""},"transition-duration":{"value":"123ms","priority":""}}},"sameHost":true},"frame1":{"connected":true,"cssText":"justify-content: center; animation-duration: 123ms; transition-duration: 123ms; --native-dimension: 1px;","dimension":"1px","properties":{"justify-content":{"value":"center","priority":""},"animation-duration":{"value":"123ms","priority":""},"transition-duration":{"value":"123ms","priority":""}}},"frame2":{"connected":true,"cssText":"justify-content: center; animation-duration: 123ms; transition-duration: 123ms; --native-dimension: 1px;","dimension":"1px","properties":{"justify-content":{"value":"center","priority":""},"animation-duration":{"value":"123ms","priority":""},"transition-duration":{"value":"123ms","priority":""}}}}},{"route":"literal","label":"before:animation-duration","value":{"connected":true,"cssText":"justify-content: center; animation-duration: 123ms; transition-duration: 123ms; --native-dimension: 1px;","dimension":"1px","properties":{"justify-content":{"value":"center","priority":""},"animation-duration":{"value":"123ms","priority":""},"transition-duration":{"value":"123ms","priority":""}}}},{"route":"literal","label":"before-state-write:animation-duration","value":{"connected":true,"cssText":"justify-content: center; animation-duration: 0s; transition-duration: 123ms; --native-dimension: 1px;","dimension":"1px","properties":{"justify-content":{"value":"center","priority":""},"animation-duration":{"value":"0s","priority":""},"transition-duration":{"value":"123ms","priority":""}}}},{"route":"literal","label":"after-flush:animation-duration","value":{"connected":true,"cssText":"justify-content: center; animation-duration: 123ms; transition-duration: 123ms; --native-dimension: 2px;","dimension":"2px","properties":{"justify-content":{"value":"center","priority":""},"animation-duration":{"value":"123ms","priority":""},"transition-duration":{"value":"123ms","priority":""}}}},{"route":"literal","label":"commit:animation-duration","value":{"beforeStateWrite":{"connected":true,"cssText":"justify-content: center; animation-duration: 0s; transition-duration: 123ms; --native-dimension: 1px;","dimension":"1px","properties":{"justify-content":{"value":"center","priority":""},"animation-duration":{"value":"0s","priority":""},"transition-duration":{"value":"123ms","priority":""}}},"afterFlush":{"connected":true,"cssText":"justify-content: center; animation-duration: 123ms; transition-duration: 123ms; --native-dimension: 2px;","dimension":"2px","properties":{"justify-content":{"value":"center","priority":""},"animation-duration":{"value":"123ms","priority":""},"transition-duration":{"value":"123ms","priority":""}}},"sameHost":true}},{"route":"literal","label":"frame1:animation-duration","value":{"connected":true,"cssText":"justify-content: center; animation-duration: 123ms; transition-duration: 123ms; --native-dimension: 2px;","dimension":"2px","properties":{"justify-content":{"value":"center","priority":""},"animation-duration":{"value":"123ms","priority":""},"transition-duration":{"value":"123ms","priority":""}}}},{"route":"literal","label":"frame2:animation-duration","value":{"connected":true,"cssText":"justify-content: center; animation-duration: 123ms; transition-duration: 123ms; --native-dimension: 2px;","dimension":"2px","properties":{"justify-content":{"value":"center","priority":""},"animation-duration":{"value":"123ms","priority":""},"transition-duration":{"value":"123ms","priority":""}}}},{"route":"literal","label":"literal:animation-duration","value":{"committed":{"beforeStateWrite":{"connected":true,"cssText":"justify-content: center; animation-duration: 0s; transition-duration: 123ms; --native-dimension: 1px;","dimension":"1px","properties":{"justify-content":{"value":"center","priority":""},"animation-duration":{"value":"0s","priority":""},"transition-duration":{"value":"123ms","priority":""}}},"afterFlush":{"connected":true,"cssText":"justify-content: center; animation-duration: 123ms; transition-duration: 123ms; --native-dimension: 2px;","dimension":"2px","properties":{"justify-content":{"value":"center","priority":""},"animation-duration":{"value":"123ms","priority":""},"transition-duration":{"value":"123ms","priority":""}}},"sameHost":true},"frame1":{"connected":true,"cssText":"justify-content: center; animation-duration: 123ms; transition-duration: 123ms; --native-dimension: 2px;","dimension":"2px","properties":{"justify-content":{"value":"center","priority":""},"animation-duration":{"value":"123ms","priority":""},"transition-duration":{"value":"123ms","priority":""}}},"frame2":{"connected":true,"cssText":"justify-content: center; animation-duration: 123ms; transition-duration: 123ms; --native-dimension: 2px;","dimension":"2px","properties":{"justify-content":{"value":"center","priority":""},"animation-duration":{"value":"123ms","priority":""},"transition-duration":{"value":"123ms","priority":""}}}}},{"route":"literal","label":"before:transition-duration","value":{"connected":true,"cssText":"justify-content: center; animation-duration: 123ms; transition-duration: 123ms; --native-dimension: 2px;","dimension":"2px","properties":{"justify-content":{"value":"center","priority":""},"animation-duration":{"value":"123ms","priority":""},"transition-duration":{"value":"123ms","priority":""}}}},{"route":"literal","label":"before-state-write:transition-duration","value":{"connected":true,"cssText":"justify-content: center; animation-duration: 123ms; transition-duration: 0s; --native-dimension: 2px;","dimension":"2px","properties":{"justify-content":{"value":"center","priority":""},"animation-duration":{"value":"123ms","priority":""},"transition-duration":{"value":"0s","priority":""}}}},{"route":"literal","label":"after-flush:transition-duration","value":{"connected":true,"cssText":"justify-content: center; animation-duration: 123ms; transition-duration: 123ms; --native-dimension: 3px;","dimension":"3px","properties":{"justify-content":{"value":"center","priority":""},"animation-duration":{"value":"123ms","priority":""},"transition-duration":{"value":"123ms","priority":""}}}},{"route":"literal","label":"commit:transition-duration","value":{"beforeStateWrite":{"connected":true,"cssText":"justify-content: center; animation-duration: 123ms; transition-duration: 0s; --native-dimension: 2px;","dimension":"2px","properties":{"justify-content":{"value":"center","priority":""},"animation-duration":{"value":"123ms","priority":""},"transition-duration":{"value":"0s","priority":""}}},"afterFlush":{"connected":true,"cssText":"justify-content: center; animation-duration: 123ms; transition-duration: 123ms; --native-dimension: 3px;","dimension":"3px","properties":{"justify-content":{"value":"center","priority":""},"animation-duration":{"value":"123ms","priority":""},"transition-duration":{"value":"123ms","priority":""}}},"sameHost":true}},{"route":"literal","label":"frame1:transition-duration","value":{"connected":true,"cssText":"justify-content: center; animation-duration: 123ms; transition-duration: 123ms; --native-dimension: 3px;","dimension":"3px","properties":{"justify-content":{"value":"center","priority":""},"animation-duration":{"value":"123ms","priority":""},"transition-duration":{"value":"123ms","priority":""}}}},{"route":"literal","label":"frame2:transition-duration","value":{"connected":true,"cssText":"justify-content: center; animation-duration: 123ms; transition-duration: 123ms; --native-dimension: 3px;","dimension":"3px","properties":{"justify-content":{"value":"center","priority":""},"animation-duration":{"value":"123ms","priority":""},"transition-duration":{"value":"123ms","priority":""}}}},{"route":"literal","label":"literal:transition-duration","value":{"committed":{"beforeStateWrite":{"connected":true,"cssText":"justify-content: center; animation-duration: 123ms; transition-duration: 0s; --native-dimension: 2px;","dimension":"2px","properties":{"justify-content":{"value":"center","priority":""},"animation-duration":{"value":"123ms","priority":""},"transition-duration":{"value":"0s","priority":""}}},"afterFlush":{"connected":true,"cssText":"justify-content: center; animation-duration: 123ms; transition-duration: 123ms; --native-dimension: 3px;","dimension":"3px","properties":{"justify-content":{"value":"center","priority":""},"animation-duration":{"value":"123ms","priority":""},"transition-duration":{"value":"123ms","priority":""}}},"sameHost":true},"frame1":{"connected":true,"cssText":"justify-content: center; animation-duration: 123ms; transition-duration: 123ms; --native-dimension: 3px;","dimension":"3px","properties":{"justify-content":{"value":"center","priority":""},"animation-duration":{"value":"123ms","priority":""},"transition-duration":{"value":"123ms","priority":""}}},"frame2":{"connected":true,"cssText":"justify-content: center; animation-duration: 123ms; transition-duration: 123ms; --native-dimension: 3px;","dimension":"3px","properties":{"justify-content":{"value":"center","priority":""},"animation-duration":{"value":"123ms","priority":""},"transition-duration":{"value":"123ms","priority":""}}}}},{"route":"Svelte:mixed","label":"before-action","value":{"sameHost":true,"connected":true,"expanded":"false","hidden":"","open":false,"closed":true,"starting":false,"ending":false,"status":null,"rect":{"x":0,"y":0,"width":0,"height":0},"height":0,"width":0,"scrollHeight":0,"scrollWidth":0,"measuredHeight":"auto","measuredWidth":"auto","cssText":"--collapsible-panel-height: auto; --collapsible-panel-width: auto; justify-content: center;","className":"mixed","alignment":"center","alignmentPriority":"","animationDuration":"","transitionDuration":"","animationPriority":"","transitionPriority":"","computedAnimationDuration":"0.1s","computedTransitionDuration":"0.1s","animations":[],"calls":[],"order":[]}},{"route":"Svelte:mixed","label":"after-flush","value":{"sameHost":true,"connected":true,"expanded":"true","hidden":null,"open":true,"closed":false,"starting":true,"ending":false,"status":"starting","rect":{"x":8,"y":29,"width":1264,"height":0},"height":0,"width":1264,"scrollHeight":18,"scrollWidth":1264,"measuredHeight":"18px","measuredWidth":"1264px","cssText":"--collapsible-panel-height: 18px; --collapsible-panel-width: 1264px; justify-content: center;","className":"mixed","alignment":"center","alignmentPriority":"","animationDuration":"","transitionDuration":"","animationPriority":"","transitionPriority":"","computedAnimationDuration":"0.1s","computedTransitionDuration":"0.1s","animations":[{"kind":"CSSAnimation","name":"panel-fade","startTime":null,"playbackRate":1,"pending":true,"playState":"running","currentTime":"0","duration":"100"}],"calls":[{"open":true,"reason":"trigger-press","type":"click","before":"false","canceled":false,"defaultPrevented":false,"mouse":true,"cancelType":"function","allowType":"function"}],"order":["consumer","change"]}},{"route":"Svelte:mixed","label":"frame1","value":{"sameHost":true,"connected":true,"expanded":"true","hidden":null,"open":true,"closed":false,"starting":false,"ending":false,"status":"idle","rect":{"x":8,"y":29,"width":1264,"height":0},"height":0,"width":1264,"scrollHeight":18,"scrollWidth":1264,"measuredHeight":"18px","measuredWidth":"1264px","cssText":"--collapsible-panel-height: 18px; --collapsible-panel-width: 1264px; justify-content: center;","className":"mixed","alignment":"center","alignmentPriority":"","animationDuration":"","transitionDuration":"","animationPriority":"","transitionPriority":"","computedAnimationDuration":"0.1s","computedTransitionDuration":"0.1s","animations":[{"kind":"CSSTransition","name":"height","startTime":null,"playbackRate":1,"pending":true,"playState":"running","currentTime":"0","duration":"100"},{"kind":"CSSAnimation","name":"panel-fade","startTime":null,"playbackRate":1,"pending":true,"playState":"running","currentTime":"0","duration":"100"}],"calls":[{"open":true,"reason":"trigger-press","type":"click","before":"false","canceled":false,"defaultPrevented":false,"mouse":true,"cancelType":"function","allowType":"function"}],"order":["consumer","change"]}},{"route":"Svelte:mixed","label":"frame2","value":{"sameHost":true,"connected":true,"expanded":"true","hidden":null,"open":true,"closed":false,"starting":false,"ending":false,"status":"idle","rect":{"x":8,"y":29,"width":1264,"height":2.984375},"height":2.984375,"width":1264,"scrollHeight":18,"scrollWidth":1264,"measuredHeight":"18px","measuredWidth":"1264px","cssText":"--collapsible-panel-height: 18px; --collapsible-panel-width: 1264px; justify-content: center;","className":"mixed","alignment":"center","alignmentPriority":"","animationDuration":"","transitionDuration":"","animationPriority":"","transitionPriority":"","computedAnimationDuration":"0.1s","computedTransitionDuration":"0.1s","animations":[{"kind":"CSSTransition","name":"height","startTime":"944.3049999999857","playbackRate":1,"pending":false,"playState":"running","currentTime":"16.595000000014238","duration":"100"},{"kind":"CSSAnimation","name":"panel-fade","startTime":"944.3049999999857","playbackRate":1,"pending":false,"playState":"running","currentTime":"16.595000000014238","duration":"100"}],"calls":[{"open":true,"reason":"trigger-press","type":"click","before":"false","canceled":false,"defaultPrevented":false,"mouse":true,"cancelType":"function","allowType":"function"}],"order":["consumer","change"]}},{"route":"Svelte:mixed","label":"panel:mixed:console","value":{"warnings":["Base UI: CSS transitions and CSS animations both detected on Collapsible or Accordion panel. Only one of either animation type should be used."],"errors":[]}},{"route":"Svelte:beforematch-keys","label":"before-action","value":{"sameHost":true,"connected":true,"expanded":"false","hidden":"until-found","open":false,"closed":true,"starting":false,"ending":false,"status":null,"rect":{"x":8,"y":29,"width":1264,"height":0},"height":0,"width":1264,"scrollHeight":0,"scrollWidth":1264,"measuredHeight":"auto","measuredWidth":"auto","cssText":"--collapsible-panel-height: auto; --collapsible-panel-width: auto; animation-duration: 123ms;","className":"keys ","alignment":"","alignmentPriority":"","animationDuration":"123ms","transitionDuration":"","animationPriority":"","transitionPriority":"","computedAnimationDuration":"0.123s","computedTransitionDuration":"0s","animations":[],"calls":[],"order":[]}},{"route":"Svelte:beforematch-keys","label":"after-flush","value":{"sameHost":true,"connected":true,"expanded":"true","hidden":null,"open":true,"closed":false,"starting":false,"ending":false,"status":"idle","rect":{"x":8,"y":29,"width":1264,"height":18},"height":18,"width":1264,"scrollHeight":18,"scrollWidth":1264,"measuredHeight":"18px","measuredWidth":"1264px","cssText":"--collapsible-panel-height: 18px; --collapsible-panel-width: 1264px; animation-duration: 0s;","className":"keys ","alignment":"","alignmentPriority":"","animationDuration":"0s","transitionDuration":"","animationPriority":"","transitionPriority":"","computedAnimationDuration":"0s","computedTransitionDuration":"0s","animations":[],"calls":[{"open":true,"reason":"none","type":"beforematch","before":"false","canceled":false,"defaultPrevented":false,"mouse":false,"cancelType":"function","allowType":"function"}],"order":["change"]}},{"route":"Svelte:beforematch-keys","label":"frame1","value":{"sameHost":true,"connected":true,"expanded":"true","hidden":null,"open":true,"closed":false,"starting":false,"ending":false,"status":"idle","rect":{"x":8,"y":29,"width":1264,"height":18},"height":18,"width":1264,"scrollHeight":18,"scrollWidth":1264,"measuredHeight":"auto","measuredWidth":"auto","cssText":"--collapsible-panel-height: auto; --collapsible-panel-width: auto; animation-duration: 0s;","className":"keys ","alignment":"","alignmentPriority":"","animationDuration":"0s","transitionDuration":"","animationPriority":"","transitionPriority":"","computedAnimationDuration":"0s","computedTransitionDuration":"0s","animations":[],"calls":[{"open":true,"reason":"none","type":"beforematch","before":"false","canceled":false,"defaultPrevented":false,"mouse":false,"cancelType":"function","allowType":"function"}],"order":["change"]}},{"route":"Svelte:beforematch-keys","label":"frame2","value":{"sameHost":true,"connected":true,"expanded":"true","hidden":null,"open":true,"closed":false,"starting":false,"ending":false,"status":"idle","rect":{"x":8,"y":29,"width":1264,"height":18},"height":18,"width":1264,"scrollHeight":18,"scrollWidth":1264,"measuredHeight":"auto","measuredWidth":"auto","cssText":"--collapsible-panel-height: auto; --collapsible-panel-width: auto; animation-duration: 0s;","className":"keys ","alignment":"","alignmentPriority":"","animationDuration":"0s","transitionDuration":"","animationPriority":"","transitionPriority":"","computedAnimationDuration":"0s","computedTransitionDuration":"0s","animations":[],"calls":[{"open":true,"reason":"none","type":"beforematch","before":"false","canceled":false,"defaultPrevented":false,"mouse":false,"cancelType":"function","allowType":"function"}],"order":["change"]}},{"route":"Svelte:beforematch-keys","label":"close-immediate","value":{"sameHost":true,"connected":true,"expanded":"false","hidden":null,"open":false,"closed":true,"starting":false,"ending":false,"status":"idle","rect":{"x":8,"y":29,"width":1264,"height":18},"height":18,"width":1264,"scrollHeight":18,"scrollWidth":1264,"measuredHeight":"18px","measuredWidth":"1264px","cssText":"--collapsible-panel-height: 18px; --collapsible-panel-width: 1264px; animation-duration: 123ms;","className":"keys ","alignment":"","alignmentPriority":"","animationDuration":"123ms","transitionDuration":"","animationPriority":"","transitionPriority":"","computedAnimationDuration":"0.123s","computedTransitionDuration":"0s","animations":[{"kind":"CSSAnimation","name":"panel-up","startTime":null,"playbackRate":1,"pending":true,"playState":"running","currentTime":"0","duration":"123"}],"calls":[{"open":true,"reason":"none","type":"beforematch","before":"false","canceled":false,"defaultPrevented":false,"mouse":false,"cancelType":"function","allowType":"function"},{"open":false,"reason":"trigger-press","type":"click","before":"true","canceled":false,"defaultPrevented":false,"mouse":true,"cancelType":"function","allowType":"function"}],"order":["change","consumer","change"]}},{"route":"Svelte:beforematch-keys","label":"close-frame1","value":{"sameHost":true,"connected":true,"expanded":"false","hidden":null,"open":false,"closed":true,"starting":false,"ending":true,"status":"ending","rect":{"x":8,"y":29,"width":1264,"height":15.5625},"height":15.5625,"width":1264,"scrollHeight":18,"scrollWidth":1264,"measuredHeight":"18px","measuredWidth":"1264px","cssText":"--collapsible-panel-height: 18px; --collapsible-panel-width: 1264px; animation-duration: 123ms;","className":"keys ","alignment":"","alignmentPriority":"","animationDuration":"123ms","transitionDuration":"","animationPriority":"","transitionPriority":"","computedAnimationDuration":"0.123s","computedTransitionDuration":"0s","animations":[{"kind":"CSSAnimation","name":"panel-up","startTime":"935","playbackRate":1,"pending":false,"playState":"running","currentTime":"16.599999999999948","duration":"123"}],"calls":[{"open":true,"reason":"none","type":"beforematch","before":"false","canceled":false,"defaultPrevented":false,"mouse":false,"cancelType":"function","allowType":"function"},{"open":false,"reason":"trigger-press","type":"click","before":"true","canceled":false,"defaultPrevented":false,"mouse":true,"cancelType":"function","allowType":"function"}],"order":["change","consumer","change"]}},{"route":"Svelte:beforematch-keys","label":"close-frame2","value":{"sameHost":true,"connected":true,"expanded":"false","hidden":null,"open":false,"closed":true,"starting":false,"ending":true,"status":"ending","rect":{"x":8,"y":29,"width":1264,"height":13.125},"height":13.125,"width":1264,"scrollHeight":18,"scrollWidth":1264,"measuredHeight":"18px","measuredWidth":"1264px","cssText":"--collapsible-panel-height: 18px; --collapsible-panel-width: 1264px; animation-duration: 123ms;","className":"keys ","alignment":"","alignmentPriority":"","animationDuration":"123ms","transitionDuration":"","animationPriority":"","transitionPriority":"","computedAnimationDuration":"0.123s","computedTransitionDuration":"0s","animations":[{"kind":"CSSAnimation","name":"panel-up","startTime":"935","playbackRate":1,"pending":false,"playState":"running","currentTime":"33.3","duration":"123"}],"calls":[{"open":true,"reason":"none","type":"beforematch","before":"false","canceled":false,"defaultPrevented":false,"mouse":false,"cancelType":"function","allowType":"function"},{"open":false,"reason":"trigger-press","type":"click","before":"true","canceled":false,"defaultPrevented":false,"mouse":true,"cancelType":"function","allowType":"function"}],"order":["change","consumer","change"]}},{"route":"Svelte:beforematch-keys","label":"close-completion","value":[{"status":"fulfilled"}]},{"route":"Svelte:beforematch-keys","label":"close-completed","value":{"sameHost":true,"connected":true,"expanded":"false","hidden":"until-found","open":false,"closed":true,"starting":false,"ending":false,"status":null,"rect":{"x":8,"y":29,"width":1264,"height":0},"height":0,"width":1264,"scrollHeight":0,"scrollWidth":1264,"measuredHeight":"auto","measuredWidth":"auto","cssText":"--collapsible-panel-height: auto; --collapsible-panel-width: auto; animation-duration: 123ms;","className":"keys ","alignment":"","alignmentPriority":"","animationDuration":"123ms","transitionDuration":"","animationPriority":"","transitionPriority":"","computedAnimationDuration":"0.123s","computedTransitionDuration":"0s","animations":[],"calls":[{"open":true,"reason":"none","type":"beforematch","before":"false","canceled":false,"defaultPrevented":false,"mouse":false,"cancelType":"function","allowType":"function"},{"open":false,"reason":"trigger-press","type":"click","before":"true","canceled":false,"defaultPrevented":false,"mouse":true,"cancelType":"function","allowType":"function"}],"order":["change","consumer","change"]}},{"route":"Svelte:beforematch-keys","label":"panel:beforematch-keys:console","value":{"warnings":[],"errors":[]}},{"route":"Svelte:beforematch-transition","label":"before-action","value":{"sameHost":true,"connected":true,"expanded":"false","hidden":"until-found","open":false,"closed":true,"starting":true,"ending":false,"status":null,"rect":{"x":8,"y":29,"width":1264,"height":0},"height":0,"width":1264,"scrollHeight":0,"scrollWidth":1264,"measuredHeight":"auto","measuredWidth":"auto","cssText":"--collapsible-panel-height: auto; --collapsible-panel-width: auto; transition-duration: 123ms;","className":"motion","alignment":"","alignmentPriority":"","animationDuration":"","transitionDuration":"123ms","animationPriority":"","transitionPriority":"","computedAnimationDuration":"0s","computedTransitionDuration":"0.123s","animations":[],"calls":[],"order":[]}},{"route":"Svelte:beforematch-transition","label":"after-flush","value":{"sameHost":true,"connected":true,"expanded":"true","hidden":null,"open":true,"closed":false,"starting":false,"ending":false,"status":"idle","rect":{"x":8,"y":29,"width":1264,"height":18},"height":18,"width":1264,"scrollHeight":18,"scrollWidth":1264,"measuredHeight":"18px","measuredWidth":"1264px","cssText":"--collapsible-panel-height: 18px; --collapsible-panel-width: 1264px; transition-duration: 0s;","className":"motion","alignment":"","alignmentPriority":"","animationDuration":"","transitionDuration":"0s","animationPriority":"","transitionPriority":"","computedAnimationDuration":"0s","computedTransitionDuration":"0s","animations":[],"calls":[{"open":true,"reason":"none","type":"beforematch","before":"false","canceled":false,"defaultPrevented":false,"mouse":false,"cancelType":"function","allowType":"function"}],"order":["change"]}},{"route":"Svelte:beforematch-transition","label":"frame1","value":{"sameHost":true,"connected":true,"expanded":"true","hidden":null,"open":true,"closed":false,"starting":false,"ending":false,"status":"idle","rect":{"x":8,"y":29,"width":1264,"height":18},"height":18,"width":1264,"scrollHeight":18,"scrollWidth":1264,"measuredHeight":"auto","measuredWidth":"auto","cssText":"--collapsible-panel-height: auto; --collapsible-panel-width: auto; transition-duration: 0s;","className":"motion","alignment":"","alignmentPriority":"","animationDuration":"","transitionDuration":"0s","animationPriority":"","transitionPriority":"","computedAnimationDuration":"0s","computedTransitionDuration":"0s","animations":[],"calls":[{"open":true,"reason":"none","type":"beforematch","before":"false","canceled":false,"defaultPrevented":false,"mouse":false,"cancelType":"function","allowType":"function"}],"order":["change"]}},{"route":"Svelte:beforematch-transition","label":"frame2","value":{"sameHost":true,"connected":true,"expanded":"true","hidden":null,"open":true,"closed":false,"starting":false,"ending":false,"status":"idle","rect":{"x":8,"y":29,"width":1264,"height":18},"height":18,"width":1264,"scrollHeight":18,"scrollWidth":1264,"measuredHeight":"auto","measuredWidth":"auto","cssText":"--collapsible-panel-height: auto; --collapsible-panel-width: auto; transition-duration: 0s;","className":"motion","alignment":"","alignmentPriority":"","animationDuration":"","transitionDuration":"0s","animationPriority":"","transitionPriority":"","computedAnimationDuration":"0s","computedTransitionDuration":"0s","animations":[],"calls":[{"open":true,"reason":"none","type":"beforematch","before":"false","canceled":false,"defaultPrevented":false,"mouse":false,"cancelType":"function","allowType":"function"}],"order":["change"]}},{"route":"Svelte:beforematch-transition","label":"close-immediate","value":{"sameHost":true,"connected":true,"expanded":"false","hidden":null,"open":false,"closed":true,"starting":false,"ending":false,"status":"idle","rect":{"x":8,"y":29,"width":1264,"height":18},"height":18,"width":1264,"scrollHeight":18,"scrollWidth":1264,"measuredHeight":"18px","measuredWidth":"1264px","cssText":"--collapsible-panel-height: 18px; --collapsible-panel-width: 1264px; transition-duration: 123ms;","className":"motion","alignment":"","alignmentPriority":"","animationDuration":"","transitionDuration":"123ms","animationPriority":"","transitionPriority":"","computedAnimationDuration":"0s","computedTransitionDuration":"0.123s","animations":[],"calls":[{"open":true,"reason":"none","type":"beforematch","before":"false","canceled":false,"defaultPrevented":false,"mouse":false,"cancelType":"function","allowType":"function"},{"open":false,"reason":"trigger-press","type":"click","before":"true","canceled":false,"defaultPrevented":false,"mouse":true,"cancelType":"function","allowType":"function"}],"order":["change","consumer","change"]}},{"route":"Svelte:beforematch-transition","label":"close-frame1","value":{"sameHost":true,"connected":true,"expanded":"false","hidden":null,"open":false,"closed":true,"starting":false,"ending":true,"status":"ending","rect":{"x":8,"y":29,"width":1264,"height":18},"height":18,"width":1264,"scrollHeight":18,"scrollWidth":1264,"measuredHeight":"18px","measuredWidth":"1264px","cssText":"--collapsible-panel-height: 18px; --collapsible-panel-width: 1264px; transition-duration: 123ms;","className":"motion","alignment":"","alignmentPriority":"","animationDuration":"","transitionDuration":"123ms","animationPriority":"","transitionPriority":"","computedAnimationDuration":"0s","computedTransitionDuration":"0.123s","animations":[{"kind":"CSSTransition","name":"height","startTime":null,"playbackRate":1,"pending":true,"playState":"running","currentTime":"0","duration":"123"}],"calls":[{"open":true,"reason":"none","type":"beforematch","before":"false","canceled":false,"defaultPrevented":false,"mouse":false,"cancelType":"function","allowType":"function"},{"open":false,"reason":"trigger-press","type":"click","before":"true","canceled":false,"defaultPrevented":false,"mouse":true,"cancelType":"function","allowType":"function"}],"order":["change","consumer","change"]}},{"route":"Svelte:beforematch-transition","label":"close-frame2","value":{"sameHost":true,"connected":true,"expanded":"false","hidden":null,"open":false,"closed":true,"starting":false,"ending":true,"status":"ending","rect":{"x":8,"y":29,"width":1264,"height":15.546875},"height":15.546875,"width":1264,"scrollHeight":18,"scrollWidth":1264,"measuredHeight":"18px","measuredWidth":"1264px","cssText":"--collapsible-panel-height: 18px; --collapsible-panel-width: 1264px; transition-duration: 123ms;","className":"motion","alignment":"","alignmentPriority":"","animationDuration":"","transitionDuration":"123ms","animationPriority":"","transitionPriority":"","computedAnimationDuration":"0s","computedTransitionDuration":"0.123s","animations":[{"kind":"CSSTransition","name":"height","startTime":"474.8","playbackRate":1,"pending":false,"playState":"running","currentTime":"16.699999999999992","duration":"123"}],"calls":[{"open":true,"reason":"none","type":"beforematch","before":"false","canceled":false,"defaultPrevented":false,"mouse":false,"cancelType":"function","allowType":"function"},{"open":false,"reason":"trigger-press","type":"click","before":"true","canceled":false,"defaultPrevented":false,"mouse":true,"cancelType":"function","allowType":"function"}],"order":["change","consumer","change"]}},{"route":"Svelte:beforematch-transition","label":"close-completion","value":[{"status":"fulfilled"}]},{"route":"Svelte:beforematch-transition","label":"close-completed","value":{"sameHost":true,"connected":true,"expanded":"false","hidden":"until-found","open":false,"closed":true,"starting":true,"ending":false,"status":null,"rect":{"x":8,"y":29,"width":1264,"height":0},"height":0,"width":1264,"scrollHeight":0,"scrollWidth":1264,"measuredHeight":"auto","measuredWidth":"auto","cssText":"--collapsible-panel-height: auto; --collapsible-panel-width: auto; transition-duration: 123ms;","className":"motion","alignment":"","alignmentPriority":"","animationDuration":"","transitionDuration":"123ms","animationPriority":"","transitionPriority":"","computedAnimationDuration":"0s","computedTransitionDuration":"0.123s","animations":[],"calls":[{"open":true,"reason":"none","type":"beforematch","before":"false","canceled":false,"defaultPrevented":false,"mouse":false,"cancelType":"function","allowType":"function"},{"open":false,"reason":"trigger-press","type":"click","before":"true","canceled":false,"defaultPrevented":false,"mouse":true,"cancelType":"function","allowType":"function"}],"order":["change","consumer","change"]}},{"route":"Svelte:beforematch-transition","label":"panel:beforematch-transition:console","value":{"warnings":[],"errors":[]}},{"route":"Svelte:beforematch-keys-class","label":"before-action","value":{"sameHost":true,"connected":true,"expanded":"false","hidden":"until-found","open":false,"closed":true,"starting":false,"ending":false,"status":null,"rect":{"x":8,"y":29,"width":1264,"height":0},"height":0,"width":1264,"scrollHeight":0,"scrollWidth":1264,"measuredHeight":"auto","measuredWidth":"auto","cssText":"--collapsible-panel-height: auto; --collapsible-panel-width: auto;","className":"animation-test-panel","alignment":"","alignmentPriority":"","animationDuration":"","transitionDuration":"","animationPriority":"","transitionPriority":"","computedAnimationDuration":"0.123s","computedTransitionDuration":"0s","animations":[],"calls":[],"order":[]}},{"route":"Svelte:beforematch-keys-class","label":"after-flush","value":{"sameHost":true,"connected":true,"expanded":"true","hidden":null,"open":true,"closed":false,"starting":false,"ending":false,"status":"idle","rect":{"x":8,"y":29,"width":1264,"height":18},"height":18,"width":1264,"scrollHeight":18,"scrollWidth":1264,"measuredHeight":"18px","measuredWidth":"1264px","cssText":"--collapsible-panel-height: 18px; --collapsible-panel-width: 1264px; animation-duration: 0s;","className":"animation-test-panel","alignment":"","alignmentPriority":"","animationDuration":"0s","transitionDuration":"","animationPriority":"","transitionPriority":"","computedAnimationDuration":"0s","computedTransitionDuration":"0s","animations":[],"calls":[{"open":true,"reason":"none","type":"beforematch","before":"false","canceled":false,"defaultPrevented":false,"mouse":false,"cancelType":"function","allowType":"function"}],"order":["change"]}},{"route":"Svelte:beforematch-keys-class","label":"frame1","value":{"sameHost":true,"connected":true,"expanded":"true","hidden":null,"open":true,"closed":false,"starting":false,"ending":false,"status":"idle","rect":{"x":8,"y":29,"width":1264,"height":18},"height":18,"width":1264,"scrollHeight":18,"scrollWidth":1264,"measuredHeight":"auto","measuredWidth":"auto","cssText":"--collapsible-panel-height: auto; --collapsible-panel-width: auto; animation-duration: 0s;","className":"animation-test-panel","alignment":"","alignmentPriority":"","animationDuration":"0s","transitionDuration":"","animationPriority":"","transitionPriority":"","computedAnimationDuration":"0s","computedTransitionDuration":"0s","animations":[],"calls":[{"open":true,"reason":"none","type":"beforematch","before":"false","canceled":false,"defaultPrevented":false,"mouse":false,"cancelType":"function","allowType":"function"}],"order":["change"]}},{"route":"Svelte:beforematch-keys-class","label":"frame2","value":{"sameHost":true,"connected":true,"expanded":"true","hidden":null,"open":true,"closed":false,"starting":false,"ending":false,"status":"idle","rect":{"x":8,"y":29,"width":1264,"height":18},"height":18,"width":1264,"scrollHeight":18,"scrollWidth":1264,"measuredHeight":"auto","measuredWidth":"auto","cssText":"--collapsible-panel-height: auto; --collapsible-panel-width: auto; animation-duration: 0s;","className":"animation-test-panel","alignment":"","alignmentPriority":"","animationDuration":"0s","transitionDuration":"","animationPriority":"","transitionPriority":"","computedAnimationDuration":"0s","computedTransitionDuration":"0s","animations":[],"calls":[{"open":true,"reason":"none","type":"beforematch","before":"false","canceled":false,"defaultPrevented":false,"mouse":false,"cancelType":"function","allowType":"function"}],"order":["change"]}},{"route":"Svelte:beforematch-keys-class","label":"close-immediate","value":{"sameHost":true,"connected":true,"expanded":"false","hidden":null,"open":false,"closed":true,"starting":false,"ending":false,"status":"idle","rect":{"x":8,"y":29,"width":1264,"height":18},"height":18,"width":1264,"scrollHeight":18,"scrollWidth":1264,"measuredHeight":"18px","measuredWidth":"1264px","cssText":"--collapsible-panel-height: 18px; --collapsible-panel-width: 1264px;","className":"animation-test-panel","alignment":"","alignmentPriority":"","animationDuration":"","transitionDuration":"","animationPriority":"","transitionPriority":"","computedAnimationDuration":"0.123s","computedTransitionDuration":"0s","animations":[{"kind":"CSSAnimation","name":"panel-slide-up","startTime":null,"playbackRate":1,"pending":true,"playState":"running","currentTime":"0","duration":"123"}],"calls":[{"open":true,"reason":"none","type":"beforematch","before":"false","canceled":false,"defaultPrevented":false,"mouse":false,"cancelType":"function","allowType":"function"},{"open":false,"reason":"trigger-press","type":"click","before":"true","canceled":false,"defaultPrevented":false,"mouse":true,"cancelType":"function","allowType":"function"}],"order":["change","consumer","change"]}},{"route":"Svelte:beforematch-keys-class","label":"close-frame1","value":{"sameHost":true,"connected":true,"expanded":"false","hidden":null,"open":false,"closed":true,"starting":false,"ending":true,"status":"ending","rect":{"x":8,"y":29,"width":1264,"height":15.171875},"height":15.171875,"width":1264,"scrollHeight":18,"scrollWidth":1264,"measuredHeight":"18px","measuredWidth":"1264px","cssText":"--collapsible-panel-height: 18px; --collapsible-panel-width: 1264px;","className":"animation-test-panel","alignment":"","alignmentPriority":"","animationDuration":"","transitionDuration":"","animationPriority":"","transitionPriority":"","computedAnimationDuration":"0.123s","computedTransitionDuration":"0s","animations":[{"kind":"CSSAnimation","name":"panel-slide-up","startTime":"468.6","playbackRate":1,"pending":false,"playState":"running","currentTime":"16.699999999999992","duration":"123"}],"calls":[{"open":true,"reason":"none","type":"beforematch","before":"false","canceled":false,"defaultPrevented":false,"mouse":false,"cancelType":"function","allowType":"function"},{"open":false,"reason":"trigger-press","type":"click","before":"true","canceled":false,"defaultPrevented":false,"mouse":true,"cancelType":"function","allowType":"function"}],"order":["change","consumer","change"]}},{"route":"Svelte:beforematch-keys-class","label":"close-frame2","value":{"sameHost":true,"connected":true,"expanded":"false","hidden":null,"open":false,"closed":true,"starting":false,"ending":true,"status":"ending","rect":{"x":8,"y":29,"width":1264,"height":9.828125},"height":9.828125,"width":1264,"scrollHeight":18,"scrollWidth":1264,"measuredHeight":"18px","measuredWidth":"1264px","cssText":"--collapsible-panel-height: 18px; --collapsible-panel-width: 1264px;","className":"animation-test-panel","alignment":"","alignmentPriority":"","animationDuration":"","transitionDuration":"","animationPriority":"","transitionPriority":"","computedAnimationDuration":"0.123s","computedTransitionDuration":"0s","animations":[{"kind":"CSSAnimation","name":"panel-slide-up","startTime":"468.6","playbackRate":1,"pending":false,"playState":"running","currentTime":"33.3","duration":"123"}],"calls":[{"open":true,"reason":"none","type":"beforematch","before":"false","canceled":false,"defaultPrevented":false,"mouse":false,"cancelType":"function","allowType":"function"},{"open":false,"reason":"trigger-press","type":"click","before":"true","canceled":false,"defaultPrevented":false,"mouse":true,"cancelType":"function","allowType":"function"}],"order":["change","consumer","change"]}},{"route":"Svelte:beforematch-keys-class","label":"close-completion","value":[{"status":"fulfilled"}]},{"route":"Svelte:beforematch-keys-class","label":"close-completed","value":{"sameHost":true,"connected":true,"expanded":"false","hidden":"until-found","open":false,"closed":true,"starting":false,"ending":false,"status":null,"rect":{"x":8,"y":29,"width":1264,"height":0},"height":0,"width":1264,"scrollHeight":0,"scrollWidth":1264,"measuredHeight":"auto","measuredWidth":"auto","cssText":"--collapsible-panel-height: auto; --collapsible-panel-width: auto;","className":"animation-test-panel","alignment":"","alignmentPriority":"","animationDuration":"","transitionDuration":"","animationPriority":"","transitionPriority":"","computedAnimationDuration":"0.123s","computedTransitionDuration":"0s","animations":[],"calls":[{"open":true,"reason":"none","type":"beforematch","before":"false","canceled":false,"defaultPrevented":false,"mouse":false,"cancelType":"function","allowType":"function"},{"open":false,"reason":"trigger-press","type":"click","before":"true","canceled":false,"defaultPrevented":false,"mouse":true,"cancelType":"function","allowType":"function"}],"order":["change","consumer","change"]}},{"route":"Svelte:beforematch-keys-class","label":"panel:beforematch-keys-class:console","value":{"warnings":[],"errors":[]}},{"route":"React reference:beforematch-keys-class","label":"before-action","value":{"sameHost":true,"connected":true,"expanded":"false","hidden":"until-found","open":false,"closed":true,"starting":true,"ending":false,"status":null,"rect":{"x":8,"y":29,"width":1264,"height":0},"height":0,"width":1264,"scrollHeight":0,"scrollWidth":1264,"measuredHeight":"auto","measuredWidth":"auto","cssText":"--collapsible-panel-height: auto; --collapsible-panel-width: auto;","className":"animation-test-panel","alignment":"","alignmentPriority":"","animationDuration":"","transitionDuration":"","animationPriority":"","transitionPriority":"","computedAnimationDuration":"0.123s","computedTransitionDuration":"0s","animations":[{"kind":"CSSAnimation","name":"panel-slide-up","startTime":"336","playbackRate":1,"pending":false,"playState":"running","currentTime":"116.59999999999998","duration":"123"}],"calls":[],"order":[]}},{"route":"React reference:beforematch-keys-class","label":"after-flush","value":{"sameHost":true,"connected":true,"expanded":"true","hidden":null,"open":true,"closed":false,"starting":false,"ending":false,"status":"idle","rect":{"x":8,"y":29,"width":1264,"height":18},"height":18,"width":1264,"scrollHeight":18,"scrollWidth":1264,"measuredHeight":"18px","measuredWidth":"1264px","cssText":"--collapsible-panel-height: 18px; --collapsible-panel-width: 1264px; animation-duration: 0s;","className":"animation-test-panel","alignment":"","alignmentPriority":"","animationDuration":"0s","transitionDuration":"","animationPriority":"","transitionPriority":"","computedAnimationDuration":"0s","computedTransitionDuration":"0s","animations":[],"calls":[{"open":true,"reason":"none","type":"beforematch","before":"false","canceled":false,"defaultPrevented":false,"mouse":false,"cancelType":"function","allowType":"function"}],"order":["change"]}},{"route":"React reference:beforematch-keys-class","label":"frame1","value":{"sameHost":true,"connected":true,"expanded":"true","hidden":null,"open":true,"closed":false,"starting":false,"ending":false,"status":"idle","rect":{"x":8,"y":29,"width":1264,"height":18},"height":18,"width":1264,"scrollHeight":18,"scrollWidth":1264,"measuredHeight":"auto","measuredWidth":"auto","cssText":"--collapsible-panel-height: auto; --collapsible-panel-width: auto; animation-duration: 0s;","className":"animation-test-panel","alignment":"","alignmentPriority":"","animationDuration":"0s","transitionDuration":"","animationPriority":"","transitionPriority":"","computedAnimationDuration":"0s","computedTransitionDuration":"0s","animations":[],"calls":[{"open":true,"reason":"none","type":"beforematch","before":"false","canceled":false,"defaultPrevented":false,"mouse":false,"cancelType":"function","allowType":"function"}],"order":["change"]}},{"route":"React reference:beforematch-keys-class","label":"frame2","value":{"sameHost":true,"connected":true,"expanded":"true","hidden":null,"open":true,"closed":false,"starting":false,"ending":false,"status":"idle","rect":{"x":8,"y":29,"width":1264,"height":18},"height":18,"width":1264,"scrollHeight":18,"scrollWidth":1264,"measuredHeight":"auto","measuredWidth":"auto","cssText":"--collapsible-panel-height: auto; --collapsible-panel-width: auto; animation-duration: 0s;","className":"animation-test-panel","alignment":"","alignmentPriority":"","animationDuration":"0s","transitionDuration":"","animationPriority":"","transitionPriority":"","computedAnimationDuration":"0s","computedTransitionDuration":"0s","animations":[],"calls":[{"open":true,"reason":"none","type":"beforematch","before":"false","canceled":false,"defaultPrevented":false,"mouse":false,"cancelType":"function","allowType":"function"}],"order":["change"]}},{"route":"React reference:beforematch-keys-class","label":"close-immediate","value":{"sameHost":true,"connected":true,"expanded":"false","hidden":null,"open":false,"closed":true,"starting":false,"ending":false,"status":"idle","rect":{"x":8,"y":29,"width":1264,"height":18},"height":18,"width":1264,"scrollHeight":18,"scrollWidth":1264,"measuredHeight":"18px","measuredWidth":"1264px","cssText":"--collapsible-panel-height: 18px; --collapsible-panel-width: 1264px;","className":"animation-test-panel","alignment":"","alignmentPriority":"","animationDuration":"","transitionDuration":"","animationPriority":"","transitionPriority":"","computedAnimationDuration":"0.123s","computedTransitionDuration":"0s","animations":[{"kind":"CSSAnimation","name":"panel-slide-up","startTime":null,"playbackRate":1,"pending":true,"playState":"running","currentTime":"0","duration":"123"}],"calls":[{"open":true,"reason":"none","type":"beforematch","before":"false","canceled":false,"defaultPrevented":false,"mouse":false,"cancelType":"function","allowType":"function"},{"open":false,"reason":"trigger-press","type":"click","before":"true","canceled":false,"defaultPrevented":false,"mouse":true,"cancelType":"function","allowType":"function"}],"order":["change","consumer","change"]}},{"route":"React reference:beforematch-keys-class","label":"close-frame1","value":{"sameHost":true,"connected":true,"expanded":"false","hidden":null,"open":false,"closed":true,"starting":false,"ending":false,"status":"idle","rect":{"x":8,"y":29,"width":1264,"height":15.171875},"height":15.171875,"width":1264,"scrollHeight":18,"scrollWidth":1264,"measuredHeight":"18px","measuredWidth":"1264px","cssText":"--collapsible-panel-height: 18px; --collapsible-panel-width: 1264px;","className":"animation-test-panel","alignment":"","alignmentPriority":"","animationDuration":"","transitionDuration":"","animationPriority":"","transitionPriority":"","computedAnimationDuration":"0.123s","computedTransitionDuration":"0s","animations":[{"kind":"CSSAnimation","name":"panel-slide-up","startTime":"485.9","playbackRate":1,"pending":false,"playState":"running","currentTime":"16.70000000000005","duration":"123"}],"calls":[{"open":true,"reason":"none","type":"beforematch","before":"false","canceled":false,"defaultPrevented":false,"mouse":false,"cancelType":"function","allowType":"function"},{"open":false,"reason":"trigger-press","type":"click","before":"true","canceled":false,"defaultPrevented":false,"mouse":true,"cancelType":"function","allowType":"function"}],"order":["change","consumer","change"]}},{"route":"React reference:beforematch-keys-class","label":"close-frame2","value":{"sameHost":true,"connected":true,"expanded":"false","hidden":null,"open":false,"closed":true,"starting":false,"ending":true,"status":"ending","rect":{"x":8,"y":29,"width":1264,"height":9.796875},"height":9.796875,"width":1264,"scrollHeight":18,"scrollWidth":1264,"measuredHeight":"18px","measuredWidth":"1264px","cssText":"--collapsible-panel-height: 18px; --collapsible-panel-width: 1264px;","className":"animation-test-panel","alignment":"","alignmentPriority":"","animationDuration":"","transitionDuration":"","animationPriority":"","transitionPriority":"","computedAnimationDuration":"0.123s","computedTransitionDuration":"0s","animations":[{"kind":"CSSAnimation","name":"panel-slide-up","startTime":"485.9","playbackRate":1,"pending":false,"playState":"running","currentTime":"33.399999999999984","duration":"123"}],"calls":[{"open":true,"reason":"none","type":"beforematch","before":"false","canceled":false,"defaultPrevented":false,"mouse":false,"cancelType":"function","allowType":"function"},{"open":false,"reason":"trigger-press","type":"click","before":"true","canceled":false,"defaultPrevented":false,"mouse":true,"cancelType":"function","allowType":"function"}],"order":["change","consumer","change"]}},{"route":"React reference:beforematch-keys-class","label":"close-completion","value":[{"status":"fulfilled"}]},{"route":"React reference:beforematch-keys-class","label":"close-completed","value":{"sameHost":true,"connected":true,"expanded":"false","hidden":"until-found","open":false,"closed":true,"starting":false,"ending":false,"status":null,"rect":{"x":8,"y":29,"width":1264,"height":0},"height":0,"width":1264,"scrollHeight":0,"scrollWidth":1264,"measuredHeight":"auto","measuredWidth":"auto","cssText":"--collapsible-panel-height: auto; --collapsible-panel-width: auto;","className":"animation-test-panel","alignment":"","alignmentPriority":"","animationDuration":"","transitionDuration":"","animationPriority":"","transitionPriority":"","computedAnimationDuration":"0.123s","computedTransitionDuration":"0s","animations":[{"kind":"CSSAnimation","name":"panel-slide-up","startTime":"619.3","playbackRate":1,"pending":false,"playState":"running","currentTime":"16.70000000000005","duration":"123"}],"calls":[{"open":true,"reason":"none","type":"beforematch","before":"false","canceled":false,"defaultPrevented":false,"mouse":false,"cancelType":"function","allowType":"function"},{"open":false,"reason":"trigger-press","type":"click","before":"true","canceled":false,"defaultPrevented":false,"mouse":true,"cancelType":"function","allowType":"function"}],"order":["change","consumer","change"]}},{"route":"React reference:beforematch-keys-class","label":"panel:beforematch-keys-class:console","value":{"warnings":[],"errors":[]}},{"route":"Svelte:beforematch-cancel","label":"before-action","value":{"sameHost":true,"connected":true,"expanded":"false","hidden":"until-found","open":false,"closed":true,"starting":true,"ending":false,"status":null,"rect":{"x":8,"y":29,"width":1264,"height":0},"height":0,"width":1264,"scrollHeight":0,"scrollWidth":1264,"measuredHeight":"auto","measuredWidth":"auto","cssText":"--collapsible-panel-height: auto; --collapsible-panel-width: auto; transition-duration: 123ms;","className":"motion","alignment":"","alignmentPriority":"","animationDuration":"","transitionDuration":"123ms","animationPriority":"","transitionPriority":"","computedAnimationDuration":"0s","computedTransitionDuration":"0.123s","animations":[],"calls":[],"order":[]}},{"route":"Svelte:beforematch-cancel","label":"after-flush","value":{"sameHost":true,"connected":true,"expanded":"false","hidden":"until-found","open":false,"closed":true,"starting":true,"ending":false,"status":null,"rect":{"x":8,"y":29,"width":1264,"height":0},"height":0,"width":1264,"scrollHeight":0,"scrollWidth":1264,"measuredHeight":"auto","measuredWidth":"auto","cssText":"--collapsible-panel-height: auto; --collapsible-panel-width: auto; transition-duration: 123ms;","className":"motion","alignment":"","alignmentPriority":"","animationDuration":"","transitionDuration":"123ms","animationPriority":"","transitionPriority":"","computedAnimationDuration":"0s","computedTransitionDuration":"0.123s","animations":[],"calls":[{"open":true,"reason":"none","type":"beforematch","before":"false","canceled":true,"defaultPrevented":false,"mouse":false,"cancelType":"function","allowType":"function"}],"order":["change"]}},{"route":"Svelte:beforematch-cancel","label":"frame1","value":{"sameHost":true,"connected":true,"expanded":"false","hidden":"until-found","open":false,"closed":true,"starting":true,"ending":false,"status":null,"rect":{"x":8,"y":29,"width":1264,"height":0},"height":0,"width":1264,"scrollHeight":0,"scrollWidth":1264,"measuredHeight":"auto","measuredWidth":"auto","cssText":"--collapsible-panel-height: auto; --collapsible-panel-width: auto; transition-duration: 123ms;","className":"motion","alignment":"","alignmentPriority":"","animationDuration":"","transitionDuration":"123ms","animationPriority":"","transitionPriority":"","computedAnimationDuration":"0s","computedTransitionDuration":"0.123s","animations":[],"calls":[{"open":true,"reason":"none","type":"beforematch","before":"false","canceled":true,"defaultPrevented":false,"mouse":false,"cancelType":"function","allowType":"function"}],"order":["change"]}},{"route":"Svelte:beforematch-cancel","label":"frame2","value":{"sameHost":true,"connected":true,"expanded":"false","hidden":"until-found","open":false,"closed":true,"starting":true,"ending":false,"status":null,"rect":{"x":8,"y":29,"width":1264,"height":0},"height":0,"width":1264,"scrollHeight":0,"scrollWidth":1264,"measuredHeight":"auto","measuredWidth":"auto","cssText":"--collapsible-panel-height: auto; --collapsible-panel-width: auto; transition-duration: 123ms;","className":"motion","alignment":"","alignmentPriority":"","animationDuration":"","transitionDuration":"123ms","animationPriority":"","transitionPriority":"","computedAnimationDuration":"0s","computedTransitionDuration":"0.123s","animations":[],"calls":[{"open":true,"reason":"none","type":"beforematch","before":"false","canceled":true,"defaultPrevented":false,"mouse":false,"cancelType":"function","allowType":"function"}],"order":["change"]}},{"route":"Svelte:beforematch-cancel","label":"uncanceled-trigger-flush","value":{"sameHost":true,"connected":true,"expanded":"true","hidden":null,"open":true,"closed":false,"starting":true,"ending":false,"status":"starting","rect":{"x":8,"y":29,"width":1264,"height":0},"height":0,"width":1264,"scrollHeight":18,"scrollWidth":1264,"measuredHeight":"18px","measuredWidth":"1264px","cssText":"--collapsible-panel-height: 18px; --collapsible-panel-width: 1264px; transition-duration: 123ms;","className":"motion","alignment":"","alignmentPriority":"","animationDuration":"","transitionDuration":"123ms","animationPriority":"","transitionPriority":"","computedAnimationDuration":"0s","computedTransitionDuration":"0.123s","animations":[],"calls":[{"open":true,"reason":"none","type":"beforematch","before":"false","canceled":true,"defaultPrevented":false,"mouse":false,"cancelType":"function","allowType":"function"},{"open":true,"reason":"trigger-press","type":"click","before":"false","canceled":false,"defaultPrevented":false,"mouse":true,"cancelType":"function","allowType":"function"}],"order":["change","consumer","change"]}},{"route":"Svelte:beforematch-cancel","label":"uncanceled-trigger-frame1","value":{"sameHost":true,"connected":true,"expanded":"true","hidden":null,"open":true,"closed":false,"starting":false,"ending":false,"status":"idle","rect":{"x":8,"y":29,"width":1264,"height":0},"height":0,"width":1264,"scrollHeight":18,"scrollWidth":1264,"measuredHeight":"18px","measuredWidth":"1264px","cssText":"--collapsible-panel-height: 18px; --collapsible-panel-width: 1264px; transition-duration: 123ms;","className":"motion","alignment":"","alignmentPriority":"","animationDuration":"","transitionDuration":"123ms","animationPriority":"","transitionPriority":"","computedAnimationDuration":"0s","computedTransitionDuration":"0.123s","animations":[{"kind":"CSSTransition","name":"height","startTime":null,"playbackRate":1,"pending":true,"playState":"running","currentTime":"0","duration":"123"}],"calls":[{"open":true,"reason":"none","type":"beforematch","before":"false","canceled":true,"defaultPrevented":false,"mouse":false,"cancelType":"function","allowType":"function"},{"open":true,"reason":"trigger-press","type":"click","before":"false","canceled":false,"defaultPrevented":false,"mouse":true,"cancelType":"function","allowType":"function"}],"order":["change","consumer","change"]}},{"route":"Svelte:beforematch-cancel","label":"uncanceled-trigger-frame2","value":{"sameHost":true,"connected":true,"expanded":"true","hidden":null,"open":true,"closed":false,"starting":false,"ending":false,"status":"idle","rect":{"x":8,"y":29,"width":1264,"height":2.4375},"height":2.4375,"width":1264,"scrollHeight":18,"scrollWidth":1264,"measuredHeight":"18px","measuredWidth":"1264px","cssText":"--collapsible-panel-height: 18px; --collapsible-panel-width: 1264px; transition-duration: 123ms;","className":"motion","alignment":"","alignmentPriority":"","animationDuration":"","transitionDuration":"123ms","animationPriority":"","transitionPriority":"","computedAnimationDuration":"0s","computedTransitionDuration":"0.123s","animations":[{"kind":"CSSTransition","name":"height","startTime":"452.29999999999995","playbackRate":1,"pending":false,"playState":"running","currentTime":"16.699999999999992","duration":"123"}],"calls":[{"open":true,"reason":"none","type":"beforematch","before":"false","canceled":true,"defaultPrevented":false,"mouse":false,"cancelType":"function","allowType":"function"},{"open":true,"reason":"trigger-press","type":"click","before":"false","canceled":false,"defaultPrevented":false,"mouse":true,"cancelType":"function","allowType":"function"}],"order":["change","consumer","change"]}},{"route":"Svelte:beforematch-cancel","label":"panel:beforematch-cancel:console","value":{"warnings":[],"errors":[]}},{"route":"native-controlled-baseline","label":"initial","value":{"expanded":"false","contentCount":0,"requests":"[]"}},{"route":"native-controlled-baseline","label":"released","value":{"expanded":"true","contentCount":1,"requests":"[]"}},{"route":"native-controlled-baseline","label":"requested","value":{"expanded":"true","contentCount":1,"requests":"[{\"open\":false,\"before\":true}]"}},{"route":"Svelte:controlled-default","label":"initial","value":{"expanded":"false","panelCount":0,"calls":[]}},{"route":"Svelte:controlled-default","label":"released","value":{"expanded":"true","panelCount":1,"calls":[]}},{"route":"Svelte:controlled-default","label":"requested","value":{"expanded":"true","panelCount":1,"calls":[{"open":false,"reason":"trigger-press","type":"click","before":"true","canceled":false,"defaultPrevented":false,"mouse":true,"cancelType":"function","allowType":"function"}],"order":"[\"consumer\",\"change\"]"}}],"consoleEvents":[{"route":"Svelte:mixed","type":"warning","text":"Base UI: CSS transitions and CSS animations both detected on Collapsible or Accordion panel. Only one of either animation type should be used."}],"errors":[],"routeFailures":[]}}
2026-10-06T22:02:33.8866266Z   ✓  142 tests/browser/collapsible.spec.ts:1543:1 › diagnostic: native style-string commits preserve panel reveal and first-close business (5.9s)
2026-10-06T22:02:34.0184385Z 
2026-10-06T22:02:34.0192105Z 
2026-10-06T22:02:34.0209926Z   1) tests/browser/collapsible.spec.ts:88:3 › supplement: Source and native CSS transport css-transition-default-string 
2026-10-06T22:02:34.0210690Z 
2026-10-06T22:02:34.0211273Z     Error: page.evaluate: TypeError: Object.defineProperty called on non-object
2026-10-06T22:02:34.0212109Z         at Object.defineProperty (<anonymous>)
2026-10-06T22:02:34.0212949Z         at eval (eval at evaluate (:311:30), <anonymous>:31:14)
2026-10-06T22:02:34.0213730Z         at UtilityScript.evaluate (<anonymous>:313:16)
2026-10-06T22:02:34.0214529Z         at UtilityScript.<anonymous> (<anonymous>:1:44)
2026-10-06T22:02:34.0215163Z         at eval (eval at evaluate (:311:30), <anonymous>:31:14)
2026-10-06T22:02:34.0215757Z         at UtilityScript.evaluate (<anonymous>:313:16)
2026-10-06T22:02:34.0216405Z         at UtilityScript.<anonymous> (<anonymous>:1:44)
2026-10-06T22:02:34.0217237Z         at /home/runner/work/base/base/tests/browser/collapsible.spec.ts:98:33
2026-10-06T22:02:34.0217643Z 
2026-10-06T22:02:34.0218651Z     Error Context: test-results/collapsible-supplement-Sou-dc212-s-transition-default-string/error-context.md
2026-10-06T22:02:34.0219391Z 
2026-10-06T22:02:34.0220093Z     attachment #2: trace (application/zip) ─────────────────────────────────────────────────────────
2026-10-06T22:02:34.0221132Z     test-results/collapsible-supplement-Sou-dc212-s-transition-default-string/trace.zip
2026-10-06T22:02:34.0221953Z     Usage:
2026-10-06T22:02:34.0222192Z 
2026-10-06T22:02:34.0222828Z         pnpm exec playwright show-trace test-results/collapsible-supplement-Sou-dc212-s-transition-default-string/trace.zip
2026-10-06T22:02:34.0223637Z 
2026-10-06T22:02:34.0224251Z     ────────────────────────────────────────────────────────────────────────────────────────────────
2026-10-06T22:02:34.0224676Z 
2026-10-06T22:02:34.0225444Z   2) tests/browser/collapsible.spec.ts:88:3 › supplement: Source and native CSS transport css-transition-forward-object 
2026-10-06T22:02:34.0226028Z 
2026-10-06T22:02:34.0226474Z     Error: page.evaluate: TypeError: Object.defineProperty called on non-object
2026-10-06T22:02:34.0227176Z         at Object.defineProperty (<anonymous>)
2026-10-06T22:02:34.0227749Z         at eval (eval at evaluate (:311:30), <anonymous>:31:14)
2026-10-06T22:02:34.0228639Z         at UtilityScript.evaluate (<anonymous>:313:16)
2026-10-06T22:02:34.0229219Z         at UtilityScript.<anonymous> (<anonymous>:1:44)
2026-10-06T22:02:34.0229911Z         at eval (eval at evaluate (:311:30), <anonymous>:31:14)
2026-10-06T22:02:34.0230539Z         at UtilityScript.evaluate (<anonymous>:313:16)
2026-10-06T22:02:34.0231050Z         at UtilityScript.<anonymous> (<anonymous>:1:44)
2026-10-06T22:02:34.0232026Z         at /home/runner/work/base/base/tests/browser/collapsible.spec.ts:98:33
2026-10-06T22:02:34.0232340Z 
2026-10-06T22:02:34.0232740Z     Error Context: test-results/collapsible-supplement-Sou-06859-s-transition-forward-object/error-context.md
2026-10-06T22:02:34.0233189Z 
2026-10-06T22:02:34.0233752Z     attachment #2: trace (application/zip) ─────────────────────────────────────────────────────────
2026-10-06T22:02:34.0234453Z     test-results/collapsible-supplement-Sou-06859-s-transition-forward-object/trace.zip
2026-10-06T22:02:34.0235246Z     Usage:
2026-10-06T22:02:34.0235443Z 
2026-10-06T22:02:34.0235893Z         pnpm exec playwright show-trace test-results/collapsible-supplement-Sou-06859-s-transition-forward-object/trace.zip
2026-10-06T22:02:34.0236458Z 
2026-10-06T22:02:34.0236791Z     ────────────────────────────────────────────────────────────────────────────────────────────────
2026-10-06T22:02:34.0237311Z 
2026-10-06T22:02:34.0237970Z   3) tests/browser/collapsible.spec.ts:88:3 › supplement: Source and native CSS transport css-beforematch-transition-default-string 
2026-10-06T22:02:34.0238608Z 
2026-10-06T22:02:34.0238998Z     Error: page.evaluate: TypeError: Object.defineProperty called on non-object
2026-10-06T22:02:34.0239468Z         at Object.defineProperty (<anonymous>)
2026-10-06T22:02:34.0240144Z         at eval (eval at evaluate (:311:30), <anonymous>:31:14)
2026-10-06T22:02:34.0240565Z         at UtilityScript.evaluate (<anonymous>:313:16)
2026-10-06T22:02:34.0241016Z         at UtilityScript.<anonymous> (<anonymous>:1:44)
2026-10-06T22:02:34.0241546Z         at eval (eval at evaluate (:311:30), <anonymous>:31:14)
2026-10-06T22:02:34.0242095Z         at UtilityScript.evaluate (<anonymous>:313:16)
2026-10-06T22:02:34.0242708Z         at UtilityScript.<anonymous> (<anonymous>:1:44)
2026-10-06T22:02:34.0243325Z         at /home/runner/work/base/base/tests/browser/collapsible.spec.ts:98:33
2026-10-06T22:02:34.0243705Z 
2026-10-06T22:02:34.0244257Z     Error Context: test-results/collapsible-supplement-Sou-4d2cb-h-transition-default-string/error-context.md
2026-10-06T22:02:34.0244703Z 
2026-10-06T22:02:34.0245175Z     attachment #2: trace (application/zip) ─────────────────────────────────────────────────────────
2026-10-06T22:02:34.0245915Z     test-results/collapsible-supplement-Sou-4d2cb-h-transition-default-string/trace.zip
2026-10-06T22:02:34.0246443Z     Usage:
2026-10-06T22:02:34.0246574Z 
2026-10-06T22:02:34.0247140Z         pnpm exec playwright show-trace test-results/collapsible-supplement-Sou-4d2cb-h-transition-default-string/trace.zip
2026-10-06T22:02:34.0247621Z 
2026-10-06T22:02:34.0248013Z     ────────────────────────────────────────────────────────────────────────────────────────────────
2026-10-06T22:02:34.0248557Z 
2026-10-06T22:02:34.0249079Z   4) tests/browser/collapsible.spec.ts:88:3 › supplement: Source and native CSS transport css-beforematch-transition-forward-object 
2026-10-06T22:02:34.0249591Z 
2026-10-06T22:02:34.0249923Z     Error: page.evaluate: TypeError: Object.defineProperty called on non-object
2026-10-06T22:02:34.0250532Z         at Object.defineProperty (<anonymous>)
2026-10-06T22:02:34.0251001Z         at eval (eval at evaluate (:311:30), <anonymous>:31:14)
2026-10-06T22:02:34.0251543Z         at UtilityScript.evaluate (<anonymous>:313:16)
2026-10-06T22:02:34.0251984Z         at UtilityScript.<anonymous> (<anonymous>:1:44)
2026-10-06T22:02:34.0252496Z         at eval (eval at evaluate (:311:30), <anonymous>:31:14)
2026-10-06T22:02:34.0252916Z         at UtilityScript.evaluate (<anonymous>:313:16)
2026-10-06T22:02:34.0253306Z         at UtilityScript.<anonymous> (<anonymous>:1:44)
2026-10-06T22:02:34.0253903Z         at /home/runner/work/base/base/tests/browser/collapsible.spec.ts:98:33
2026-10-06T22:02:34.0254215Z 
2026-10-06T22:02:34.0254616Z     Error Context: test-results/collapsible-supplement-Sou-6281c-h-transition-forward-object/error-context.md
2026-10-06T22:02:34.0255320Z 
2026-10-06T22:02:34.0255708Z     attachment #2: trace (application/zip) ─────────────────────────────────────────────────────────
2026-10-06T22:02:34.0256534Z     test-results/collapsible-supplement-Sou-6281c-h-transition-forward-object/trace.zip
2026-10-06T22:02:34.0257004Z     Usage:
2026-10-06T22:02:34.0257195Z 
2026-10-06T22:02:34.0257774Z         pnpm exec playwright show-trace test-results/collapsible-supplement-Sou-6281c-h-transition-forward-object/trace.zip
2026-10-06T22:02:34.0258421Z 
2026-10-06T22:02:34.0258780Z     ────────────────────────────────────────────────────────────────────────────────────────────────
2026-10-06T22:02:34.0259133Z 
2026-10-06T22:02:34.0259658Z   5) tests/browser/collapsible.spec.ts:88:3 › supplement: Source and native CSS transport css-beforematch-keys-default-string 
2026-10-06T22:02:34.0260095Z 
2026-10-06T22:02:34.0260486Z     Error: page.evaluate: TypeError: Object.defineProperty called on non-object
2026-10-06T22:02:34.0260945Z         at Object.defineProperty (<anonymous>)
2026-10-06T22:02:34.0261460Z         at eval (eval at evaluate (:311:30), <anonymous>:31:14)
2026-10-06T22:02:34.0261978Z         at UtilityScript.evaluate (<anonymous>:313:16)
2026-10-06T22:02:34.0262430Z         at UtilityScript.<anonymous> (<anonymous>:1:44)
2026-10-06T22:02:34.0262936Z         at eval (eval at evaluate (:311:30), <anonymous>:31:14)
2026-10-06T22:02:34.0263413Z         at UtilityScript.evaluate (<anonymous>:313:16)
2026-10-06T22:02:34.0263886Z         at UtilityScript.<anonymous> (<anonymous>:1:44)
2026-10-06T22:02:34.0264480Z         at /home/runner/work/base/base/tests/browser/collapsible.spec.ts:98:33
2026-10-06T22:02:34.0264730Z 
2026-10-06T22:02:34.0265206Z     Error Context: test-results/collapsible-supplement-Sou-b027d-rematch-keys-default-string/error-context.md
2026-10-06T22:02:34.0265686Z 
2026-10-06T22:02:34.0266075Z     attachment #2: trace (application/zip) ─────────────────────────────────────────────────────────
2026-10-06T22:02:34.0266687Z     test-results/collapsible-supplement-Sou-b027d-rematch-keys-default-string/trace.zip
2026-10-06T22:02:34.0267261Z     Usage:
2026-10-06T22:02:34.0267433Z 
2026-10-06T22:02:34.0267910Z         pnpm exec playwright show-trace test-results/collapsible-supplement-Sou-b027d-rematch-keys-default-string/trace.zip
2026-10-06T22:02:34.0268573Z 
2026-10-06T22:02:34.0269021Z     ────────────────────────────────────────────────────────────────────────────────────────────────
2026-10-06T22:02:34.0269313Z 
2026-10-06T22:02:34.0269800Z   6) tests/browser/collapsible.spec.ts:88:3 › supplement: Source and native CSS transport css-beforematch-keys-forward-object 
2026-10-06T22:02:34.0270256Z 
2026-10-06T22:02:34.0270613Z     Error: page.evaluate: TypeError: Object.defineProperty called on non-object
2026-10-06T22:02:34.0271082Z         at Object.defineProperty (<anonymous>)
2026-10-06T22:02:34.0271517Z         at eval (eval at evaluate (:311:30), <anonymous>:31:14)
2026-10-06T22:02:34.0272039Z         at UtilityScript.evaluate (<anonymous>:313:16)
2026-10-06T22:02:34.0272475Z         at UtilityScript.<anonymous> (<anonymous>:1:44)
2026-10-06T22:02:34.0272979Z         at eval (eval at evaluate (:311:30), <anonymous>:31:14)
2026-10-06T22:02:34.0273439Z         at UtilityScript.evaluate (<anonymous>:313:16)
2026-10-06T22:02:34.0273843Z         at UtilityScript.<anonymous> (<anonymous>:1:44)
2026-10-06T22:02:34.0274458Z         at /home/runner/work/base/base/tests/browser/collapsible.spec.ts:98:33
2026-10-06T22:02:34.0274757Z 
2026-10-06T22:02:34.0275171Z     Error Context: test-results/collapsible-supplement-Sou-f58d2-rematch-keys-forward-object/error-context.md
2026-10-06T22:02:34.0275674Z 
2026-10-06T22:02:34.0276077Z     attachment #2: trace (application/zip) ─────────────────────────────────────────────────────────
2026-10-06T22:02:34.0276745Z     test-results/collapsible-supplement-Sou-f58d2-rematch-keys-forward-object/trace.zip
2026-10-06T22:02:34.0277366Z     Usage:
2026-10-06T22:02:34.0277508Z 
2026-10-06T22:02:34.0278386Z         pnpm exec playwright show-trace test-results/collapsible-supplement-Sou-f58d2-rematch-keys-forward-object/trace.zip
2026-10-06T22:02:34.0278917Z 
2026-10-06T22:02:34.0279364Z     ────────────────────────────────────────────────────────────────────────────────────────────────
2026-10-06T22:02:34.0279687Z 
2026-10-06T22:02:34.0279821Z   6 failed
2026-10-06T22:02:34.0280627Z     tests/browser/collapsible.spec.ts:88:3 › supplement: Source and native CSS transport css-transition-default-string 
2026-10-06T22:02:34.0281599Z     tests/browser/collapsible.spec.ts:88:3 › supplement: Source and native CSS transport css-transition-forward-object 
2026-10-06T22:02:34.0282576Z     tests/browser/collapsible.spec.ts:88:3 › supplement: Source and native CSS transport css-beforematch-transition-default-string 
2026-10-06T22:02:34.0283593Z     tests/browser/collapsible.spec.ts:88:3 › supplement: Source and native CSS transport css-beforematch-transition-forward-object 
2026-10-06T22:02:34.0284784Z     tests/browser/collapsible.spec.ts:88:3 › supplement: Source and native CSS transport css-beforematch-keys-default-string 
2026-10-06T22:02:34.0285893Z     tests/browser/collapsible.spec.ts:88:3 › supplement: Source and native CSS transport css-beforematch-keys-forward-object 
2026-10-06T22:02:34.0286505Z   136 passed (2.5m)
2026-10-06T22:02:34.0408651Z ##[error]Process completed with exit code 1.
2026-10-06T22:02:34.0484003Z ##[group]Run actions/upload-artifact@ea165f8d65b6e75b540449e92b4886f43607fa02
2026-10-06T22:02:34.0484463Z with:
2026-10-06T22:02:34.0484819Z   name: collapsible-browser-evidence
2026-10-06T22:02:34.0485168Z   path: .checks/collapsible/
test-results/

2026-10-06T22:02:34.0485503Z   if-no-files-found: warn
2026-10-06T22:02:34.0485858Z   retention-days: 14
2026-10-06T22:02:34.0486130Z   compression-level: 6
2026-10-06T22:02:34.0486521Z   overwrite: false
2026-10-06T22:02:34.0486797Z   include-hidden-files: false
2026-10-06T22:02:34.0487080Z env:
2026-10-06T22:02:34.0487453Z   PNPM_HOME: /home/runner/setup-pnpm/node_modules/.bin
2026-10-06T22:02:34.0487823Z ##[endgroup]
2026-10-06T22:02:34.2118546Z (node:6077) [DEP0040] DeprecationWarning: The `punycode` module is deprecated. Please use a userland alternative instead.
2026-10-06T22:02:34.2119503Z (Use `node --trace-deprecation ...` to show where the warning was created)
2026-10-06T22:02:34.2214077Z Multiple search paths detected. Calculating the least common ancestor of all paths
2026-10-06T22:02:34.2218463Z The least common ancestor is /home/runner/work/base/base. This will be the root directory of the artifact
2026-10-06T22:02:34.2219417Z With the provided path, there will be 14 files uploaded
2026-10-06T22:02:34.2220395Z Artifact name is valid!
2026-10-06T22:02:34.2220839Z Root directory input is valid!
2026-10-06T22:02:34.5104948Z Beginning upload of artifact content to blob storage
2026-10-06T22:02:34.5566204Z (node:6077) [DEP0169] DeprecationWarning: `url.parse()` behavior is not standardized and prone to errors that have security implications. Use the WHATWG URL API instead. CVEs are not issued for `url.parse()` vulnerabilities.
2026-10-06T22:02:34.8416620Z Uploaded bytes 358658
2026-10-06T22:02:34.8859723Z Finished uploading artifact content to blob storage!
2026-10-06T22:02:34.8861020Z SHA256 digest of uploaded artifact zip is a0587b816357223c8b8d752979e10abccb1f57b258caa0c9d9a2f70397fc2526
2026-10-06T22:02:34.8862302Z Finalizing artifact upload
2026-10-06T22:02:35.1149504Z Artifact collapsible-browser-evidence.zip successfully finalized. Artifact ID 11447585824
2026-10-06T22:02:35.1150647Z Artifact collapsible-browser-evidence has been successfully uploaded! Final size is 358658 bytes. Artifact ID is 11447585824
2026-10-06T22:02:35.1151718Z Artifact download URL: https://github.com/sveltery/base/actions/runs/37536865670/artifacts/11447585824
2026-10-06T22:02:35.1293529Z Post job cleanup.
2026-10-06T22:02:35.2563544Z Pruning is unnecessary.
2026-10-06T22:02:35.2685044Z Post job cleanup.
2026-10-06T22:02:35.3529412Z [command]/usr/bin/git version
2026-10-06T22:02:35.3548690Z git version 2.55.0
2026-10-06T22:02:35.3584567Z Temporarily overriding HOME='/home/runner/work/_temp/a4290c96-edff-4ea1-a575-2b4b23d4b3d8' before making global git config changes
2026-10-06T22:02:35.3586121Z Adding repository directory to the temporary git global config as a safe directory
2026-10-06T22:02:35.3590784Z [command]/usr/bin/git config --global --add safe.directory /home/runner/work/base/base
2026-10-06T22:02:35.3620355Z Removing SSH command configuration
2026-10-06T22:02:35.3627632Z [command]/usr/bin/git config --local --name-only --get-regexp core\.sshCommand
2026-10-06T22:02:35.3659536Z [command]/usr/bin/git submodule foreach --recursive sh -c "git config --local --name-only --get-regexp 'core\.sshCommand' && git config --local --unset-all 'core.sshCommand' || :"
2026-10-06T22:02:35.3904472Z Removing HTTP extra header
2026-10-06T22:02:35.3909873Z [command]/usr/bin/git config --local --name-only --get-regexp http\.https\:\/\/github\.com\/\.extraheader
2026-10-06T22:02:35.3941115Z [command]/usr/bin/git submodule foreach --recursive sh -c "git config --local --name-only --get-regexp 'http\.https\:\/\/github\.com\/\.extraheader' && git config --local --unset-all 'http.https://github.com/.extraheader' || :"
2026-10-06T22:02:35.4135597Z Removing includeIf entries pointing to credentials config files
2026-10-06T22:02:35.4142027Z [command]/usr/bin/git config --local --name-only --get-regexp ^includeIf\.gitdir:
2026-10-06T22:02:35.4166220Z [command]/usr/bin/git submodule foreach --recursive git config --local --show-origin --name-only --get-regexp remote.origin.url
2026-10-06T22:02:35.4520222Z Cleaning up orphan processes
2026-10-06T22:02:35.4765072Z ##[warning]Node.js 20 is deprecated. The following actions target Node.js 20 but are being forced to run on Node.js 24: actions/upload-artifact@ea165f8d65b6e75b540449e92b4886f43607fa02. For more information see: https://github.blog/changelog/2025-09-19-deprecation-of-node-20-on-github-actions-runners/

