$ vite build
vite v8.3.1 building ssr environment for production...
transforming...
✓ 1286 modules transformed.
rendering chunks...
vite v8.3.1 building client environment for production...
transforming...
✓ 1718 modules transformed.
rendering chunks...
computing gzip size...
.svelte-kit/output/client/_app/version.json                              0.02 kB │ gzip:  0.04 kB
.svelte-kit/output/client/.vite/manifest.json                           97.42 kB │ gzip: 10.67 kB
.svelte-kit/output/client/_app/immutable/assets/64.Ck7oixfW.css          0.09 kB │ gzip:  0.08 kB
.svelte-kit/output/client/_app/immutable/assets/59.D5MGooEW.css          0.13 kB │ gzip:  0.10 kB
.svelte-kit/output/client/_app/immutable/assets/11.CIhW1oZg.css          0.18 kB │ gzip:  0.14 kB
.svelte-kit/output/client/_app/immutable/assets/57.BJgb7C2M.css          0.20 kB │ gzip:  0.16 kB
.svelte-kit/output/client/_app/immutable/assets/61.BIKHfeXz.css          0.21 kB │ gzip:  0.15 kB
.svelte-kit/output/client/_app/immutable/assets/8.OOAk9BEW.css           0.26 kB │ gzip:  0.14 kB
.svelte-kit/output/client/_app/immutable/assets/54.C4Mc-oKw.css          0.40 kB │ gzip:  0.23 kB
.svelte-kit/output/client/_app/immutable/assets/66.Bdq1qMiG.css          0.42 kB │ gzip:  0.25 kB
.svelte-kit/output/client/_app/immutable/assets/44.DWkXlfBA.css          0.53 kB │ gzip:  0.30 kB
.svelte-kit/output/client/_app/immutable/assets/19.CeLIRFFN.css          0.54 kB │ gzip:  0.32 kB
.svelte-kit/output/client/_app/immutable/assets/7.CATXPfcx.css           0.74 kB │ gzip:  0.32 kB
.svelte-kit/output/client/_app/immutable/assets/DocsPage.09DKEBge.css    1.02 kB │ gzip:  0.51 kB
.svelte-kit/output/client/_app/immutable/assets/2.6bvTzCl3.css           7.26 kB │ gzip:  2.25 kB
.svelte-kit/output/client/_app/immutable/chunks/BdV7s1rV.js              0.03 kB │ gzip:  0.05 kB
.svelte-kit/output/client/_app/immutable/chunks/CYun_7lq.js              0.05 kB │ gzip:  0.06 kB
.svelte-kit/output/client/_app/immutable/chunks/CNSGbpPd.js              0.05 kB │ gzip:  0.07 kB
.svelte-kit/output/client/_app/immutable/chunks/Y8743bGd.js              0.06 kB │ gzip:  0.08 kB
.svelte-kit/output/client/_app/immutable/chunks/DuvREBQU.js              0.06 kB │ gzip:  0.07 kB
.svelte-kit/output/client/_app/immutable/chunks/NnnQFEU-.js              0.06 kB │ gzip:  0.07 kB
.svelte-kit/output/client/_app/immutable/chunks/xihTtKlq.js              0.06 kB │ gzip:  0.08 kB
.svelte-kit/output/client/_app/immutable/chunks/D8cFkuQB.js              0.07 kB │ gzip:  0.08 kB
.svelte-kit/output/client/_app/immutable/chunks/CEx1wUXs.js              0.08 kB │ gzip:  0.09 kB
.svelte-kit/output/client/_app/immutable/entry/start.Cvq-oq5p.js         0.08 kB │ gzip:  0.09 kB
.svelte-kit/output/client/_app/immutable/chunks/B0nnEj9n.js              0.08 kB │ gzip:  0.10 kB
.svelte-kit/output/client/_app/immutable/chunks/C2qaxwGq.js              0.08 kB │ gzip:  0.09 kB
.svelte-kit/output/client/_app/immutable/chunks/D0kAXd-u.js              0.08 kB │ gzip:  0.09 kB
.svelte-kit/output/client/_app/immutable/chunks/DJWOHx3L.js              0.08 kB │ gzip:  0.09 kB
.svelte-kit/output/client/_app/immutable/chunks/BKacO_tz.js              0.08 kB │ gzip:  0.09 kB
.svelte-kit/output/client/_app/immutable/chunks/CRwC9gHM.js              0.09 kB │ gzip:  0.10 kB
.svelte-kit/output/client/_app/immutable/chunks/CgWax5n9.js              0.09 kB │ gzip:  0.10 kB
.svelte-kit/output/client/_app/immutable/chunks/DluIbPB1.js              0.09 kB │ gzip:  0.09 kB
.svelte-kit/output/client/_app/immutable/chunks/VyGXw_SB.js              0.10 kB │ gzip:  0.09 kB
.svelte-kit/output/client/_app/immutable/chunks/KSuuBj8D.js              0.11 kB │ gzip:  0.11 kB
.svelte-kit/output/client/_app/immutable/chunks/BgfVoeTi.js              0.12 kB │ gzip:  0.12 kB
.svelte-kit/output/client/_app/immutable/chunks/CyOEk0BD.js              0.14 kB │ gzip:  0.14 kB
.svelte-kit/output/client/_app/immutable/chunks/GyRRDLzr.js              0.14 kB │ gzip:  0.14 kB
.svelte-kit/output/client/_app/immutable/chunks/BM5AQY4V.js              0.15 kB │ gzip:  0.14 kB
.svelte-kit/output/client/_app/immutable/chunks/Cyx_5Nc3.js              0.15 kB │ gzip:  0.13 kB
.svelte-kit/output/client/_app/immutable/chunks/CMBwqshM.js              0.16 kB │ gzip:  0.15 kB
.svelte-kit/output/client/_app/immutable/chunks/D3dHj9jK.js              0.16 kB │ gzip:  0.14 kB
.svelte-kit/output/client/_app/immutable/chunks/DQ_XBPh7.js              0.16 kB │ gzip:  0.15 kB
.svelte-kit/output/client/_app/immutable/chunks/BpesoNG3.js              0.17 kB │ gzip:  0.15 kB
.svelte-kit/output/client/_app/immutable/nodes/0.DvG3iFa6.js             0.17 kB │ gzip:  0.16 kB
.svelte-kit/output/client/_app/immutable/chunks/DLJTa-ww.js              0.17 kB │ gzip:  0.16 kB
.svelte-kit/output/client/_app/immutable/chunks/DMyjQx9_.js              0.17 kB │ gzip:  0.16 kB
.svelte-kit/output/client/_app/immutable/chunks/Bogyx-2S.js              0.18 kB │ gzip:  0.15 kB
.svelte-kit/output/client/_app/immutable/chunks/BJyZj-JW.js              0.18 kB │ gzip:  0.15 kB
.svelte-kit/output/client/_app/immutable/chunks/CrYY0HH5.js              0.19 kB │ gzip:  0.16 kB
.svelte-kit/output/client/_app/immutable/chunks/DXWEU3EN.js              0.20 kB │ gzip:  0.17 kB
.svelte-kit/output/client/_app/immutable/chunks/BgHjR5Hz.js              0.22 kB │ gzip:  0.17 kB
.svelte-kit/output/client/_app/immutable/chunks/CHQmU0o-.js              0.23 kB │ gzip:  0.18 kB
.svelte-kit/output/client/_app/immutable/chunks/BHaWHX0n.js              0.24 kB │ gzip:  0.19 kB
.svelte-kit/output/client/_app/immutable/chunks/CsqGvZIG.js              0.24 kB │ gzip:  0.19 kB
.svelte-kit/output/client/_app/immutable/chunks/D2sUbJT2.js              0.25 kB │ gzip:  0.19 kB
.svelte-kit/output/client/_app/immutable/chunks/DXZFpEA5.js              0.25 kB │ gzip:  0.19 kB
.svelte-kit/output/client/_app/immutable/chunks/hofDTeVc.js              0.25 kB │ gzip:  0.20 kB
.svelte-kit/output/client/_app/immutable/chunks/uK4zeFyN.js              0.25 kB │ gzip:  0.20 kB
.svelte-kit/output/client/_app/immutable/chunks/qr4qUEfd.js              0.26 kB │ gzip:  0.19 kB
.svelte-kit/output/client/_app/immutable/chunks/BkAMHIXn.js              0.27 kB │ gzip:  0.22 kB
.svelte-kit/output/client/_app/immutable/chunks/Diskackh.js              0.27 kB │ gzip:  0.21 kB
.svelte-kit/output/client/_app/immutable/chunks/Cmng8tWH.js              0.27 kB │ gzip:  0.20 kB
.svelte-kit/output/client/_app/immutable/chunks/BLGFNNZ4.js              0.28 kB │ gzip:  0.23 kB
.svelte-kit/output/client/_app/immutable/nodes/30.CWog0bfL.js            0.28 kB │ gzip:  0.19 kB
.svelte-kit/output/client/_app/immutable/chunks/g5deCP5s.js              0.29 kB │ gzip:  0.23 kB
.svelte-kit/output/client/_app/immutable/chunks/DmrxiHXy.js              0.29 kB │ gzip:  0.16 kB
.svelte-kit/output/client/_app/immutable/chunks/C9ly7R0z.js              0.29 kB │ gzip:  0.21 kB
.svelte-kit/output/client/_app/immutable/chunks/DU5jGIug.js              0.29 kB │ gzip:  0.21 kB
.svelte-kit/output/client/_app/immutable/chunks/BR-qBHU4.js              0.29 kB │ gzip:  0.18 kB
.svelte-kit/output/client/_app/immutable/chunks/Dq8X4mqA.js              0.30 kB │ gzip:  0.23 kB
.svelte-kit/output/client/_app/immutable/chunks/Arf_fccI.js              0.30 kB │ gzip:  0.17 kB
.svelte-kit/output/client/_app/immutable/chunks/P_tlLjje.js              0.30 kB │ gzip:  0.23 kB
.svelte-kit/output/client/_app/immutable/chunks/TeF70Vim.js              0.30 kB │ gzip:  0.23 kB
.svelte-kit/output/client/_app/immutable/chunks/CoGcyimd.js              0.30 kB │ gzip:  0.22 kB
.svelte-kit/output/client/_app/immutable/chunks/BvBJJpz1.js              0.30 kB │ gzip:  0.22 kB
.svelte-kit/output/client/_app/immutable/chunks/CHuyrLrX.js              0.30 kB │ gzip:  0.22 kB
.svelte-kit/output/client/_app/immutable/chunks/CDnYaFOF.js              0.32 kB │ gzip:  0.23 kB
.svelte-kit/output/client/_app/immutable/chunks/DLujl6Ca.js              0.33 kB │ gzip:  0.22 kB
.svelte-kit/output/client/_app/immutable/chunks/DwDvn00h.js              0.33 kB │ gzip:  0.22 kB
.svelte-kit/output/client/_app/immutable/chunks/ZGEzEvmt.js              0.33 kB │ gzip:  0.25 kB
.svelte-kit/output/client/_app/immutable/chunks/CLzS3rlO.js              0.35 kB │ gzip:  0.24 kB
.svelte-kit/output/client/_app/immutable/nodes/1.BHaAlhqy.js             0.35 kB │ gzip:  0.25 kB
.svelte-kit/output/client/_app/immutable/chunks/DAHsz2jy.js              0.37 kB │ gzip:  0.27 kB
.svelte-kit/output/client/_app/immutable/chunks/BErAZcuo.js              0.37 kB │ gzip:  0.27 kB
.svelte-kit/output/client/_app/immutable/chunks/Cu5piv7M.js              0.37 kB │ gzip:  0.26 kB
.svelte-kit/output/client/_app/immutable/chunks/Cff2FknQ.js              0.38 kB │ gzip:  0.27 kB
.svelte-kit/output/client/_app/immutable/chunks/B2mRedR0.js              0.40 kB │ gzip:  0.22 kB
.svelte-kit/output/client/_app/immutable/chunks/B27Xp-vb.js              0.40 kB │ gzip:  0.26 kB
.svelte-kit/output/client/_app/immutable/chunks/v4xAEGhV.js              0.40 kB │ gzip:  0.26 kB
.svelte-kit/output/client/_app/immutable/chunks/EqMIl8tC.js              0.41 kB │ gzip:  0.29 kB
.svelte-kit/output/client/_app/immutable/chunks/CGqYy6M6.js              0.41 kB │ gzip:  0.27 kB
.svelte-kit/output/client/_app/immutable/chunks/D072hHsr.js              0.43 kB │ gzip:  0.28 kB
.svelte-kit/output/client/_app/immutable/chunks/Dt4_7FB5.js              0.43 kB │ gzip:  0.30 kB
.svelte-kit/output/client/_app/immutable/chunks/BACYdq4m.js              0.43 kB │ gzip:  0.26 kB
.svelte-kit/output/client/_app/immutable/chunks/BEZ4kykG.js              0.45 kB │ gzip:  0.28 kB
.svelte-kit/output/client/_app/immutable/chunks/DhkRCBko.js              0.49 kB │ gzip:  0.31 kB
.svelte-kit/output/client/_app/immutable/nodes/31.HKciKXOx.js            0.51 kB │ gzip:  0.32 kB
.svelte-kit/output/client/_app/immutable/nodes/15.DmZYXnSK.js            0.51 kB │ gzip:  0.33 kB
.svelte-kit/output/client/_app/immutable/chunks/3x2kQ92b.js              0.52 kB │ gzip:  0.30 kB
.svelte-kit/output/client/_app/immutable/chunks/Dry_VVxb.js              0.52 kB │ gzip:  0.30 kB
.svelte-kit/output/client/_app/immutable/chunks/CIBBXAfV.js              0.53 kB │ gzip:  0.36 kB
.svelte-kit/output/client/_app/immutable/chunks/Cfz5OjzS.js              0.55 kB │ gzip:  0.36 kB
.svelte-kit/output/client/_app/immutable/chunks/CIEx5BII.js              0.56 kB │ gzip:  0.33 kB
.svelte-kit/output/client/_app/immutable/chunks/H-JmDyu7.js              0.57 kB │ gzip:  0.37 kB
.svelte-kit/output/client/_app/immutable/chunks/D3QH_tEa.js              0.58 kB │ gzip:  0.37 kB
.svelte-kit/output/client/_app/immutable/chunks/Bx5w44Iz.js              0.59 kB │ gzip:  0.37 kB
.svelte-kit/output/client/_app/immutable/chunks/CIhN-KNo.js              0.59 kB │ gzip:  0.31 kB
.svelte-kit/output/client/_app/immutable/chunks/w7SYd3fp.js              0.60 kB │ gzip:  0.38 kB
.svelte-kit/output/client/_app/immutable/chunks/tX6BCEt4.js              0.60 kB │ gzip:  0.33 kB
.svelte-kit/output/client/_app/immutable/chunks/BLtcuOLQ.js              0.60 kB │ gzip:  0.33 kB
.svelte-kit/output/client/_app/immutable/chunks/DaS4r_r8.js              0.67 kB │ gzip:  0.38 kB
.svelte-kit/output/client/_app/immutable/chunks/C0ErvEhD.js              0.68 kB │ gzip:  0.40 kB
.svelte-kit/output/client/_app/immutable/chunks/ud5HO3ZQ.js              0.70 kB │ gzip:  0.42 kB
.svelte-kit/output/client/_app/immutable/chunks/BklS6iyK.js              0.70 kB │ gzip:  0.41 kB
.svelte-kit/output/client/_app/immutable/chunks/hePW80VL.js              0.71 kB │ gzip:  0.42 kB
.svelte-kit/output/client/_app/immutable/chunks/BARZhFWG.js              0.72 kB │ gzip:  0.36 kB
.svelte-kit/output/client/_app/immutable/chunks/CY0g3n-X.js              0.76 kB │ gzip:  0.44 kB
.svelte-kit/output/client/_app/immutable/chunks/eablN0q-.js              0.78 kB │ gzip:  0.39 kB
.svelte-kit/output/client/_app/immutable/chunks/DJcU8i7m.js              0.80 kB │ gzip:  0.44 kB
.svelte-kit/output/client/_app/immutable/nodes/3.DVMb1UXL.js             0.83 kB │ gzip:  0.50 kB
.svelte-kit/output/client/_app/immutable/chunks/CYzIZLyQ.js              0.85 kB │ gzip:  0.51 kB
.svelte-kit/output/client/_app/immutable/chunks/DR1HlIK0.js              0.86 kB │ gzip:  0.48 kB
.svelte-kit/output/client/_app/immutable/chunks/YP7u-kwh.js              0.87 kB │ gzip:  0.48 kB
.svelte-kit/output/client/_app/immutable/chunks/9lmID0Bz.js              0.87 kB │ gzip:  0.46 kB
.svelte-kit/output/client/_app/immutable/chunks/C6YCtVGC.js              0.89 kB │ gzip:  0.54 kB
.svelte-kit/output/client/_app/immutable/chunks/Dj4LQ_v-.js              0.92 kB │ gzip:  0.40 kB
.svelte-kit/output/client/_app/immutable/chunks/B5PblUm0.js              0.93 kB │ gzip:  0.50 kB
.svelte-kit/output/client/_app/immutable/nodes/65.DN8rBmuO.js            0.95 kB │ gzip:  0.53 kB
.svelte-kit/output/client/_app/immutable/chunks/g-RNlEpe.js              0.97 kB │ gzip:  0.42 kB
.svelte-kit/output/client/_app/immutable/chunks/BHcYJcPp.js              1.04 kB │ gzip:  0.47 kB
.svelte-kit/output/client/_app/immutable/nodes/32.sczcbeeK.js            1.08 kB │ gzip:  0.63 kB
.svelte-kit/output/client/_app/immutable/chunks/BfjC-x6I.js              1.09 kB │ gzip:  0.62 kB
.svelte-kit/output/client/_app/immutable/chunks/DRfZtHYA.js              1.09 kB │ gzip:  0.64 kB
.svelte-kit/output/client/_app/immutable/nodes/29.BZF_9Nf2.js            1.10 kB │ gzip:  0.59 kB
.svelte-kit/output/client/_app/immutable/chunks/DzIXShgR.js              1.19 kB │ gzip:  0.68 kB
.svelte-kit/output/client/_app/immutable/chunks/uBIymjUX.js              1.23 kB │ gzip:  0.68 kB
.svelte-kit/output/client/_app/immutable/chunks/Cwdkq85v.js              1.25 kB │ gzip:  0.75 kB
.svelte-kit/output/client/_app/immutable/nodes/28.DxYRECiY.js            1.25 kB │ gzip:  0.65 kB
.svelte-kit/output/client/_app/immutable/chunks/CnvXIevX.js              1.26 kB │ gzip:  0.52 kB
.svelte-kit/output/client/_app/immutable/chunks/C7S0aOZo.js              1.27 kB │ gzip:  0.46 kB
.svelte-kit/output/client/_app/immutable/chunks/BKNZ37gC.js              1.29 kB │ gzip:  0.54 kB
.svelte-kit/output/client/_app/immutable/chunks/DeMqsIjJ.js              1.30 kB │ gzip:  0.52 kB
.svelte-kit/output/client/_app/immutable/chunks/Bjy-W4x2.js              1.36 kB │ gzip:  0.65 kB
.svelte-kit/output/client/_app/immutable/nodes/62.DtJKyjOu.js            1.44 kB │ gzip:  0.81 kB
.svelte-kit/output/client/_app/immutable/nodes/9.BgawSQog.js             1.44 kB │ gzip:  0.71 kB
.svelte-kit/output/client/_app/immutable/chunks/8VHMQryp.js              1.46 kB │ gzip:  0.70 kB
.svelte-kit/output/client/_app/immutable/nodes/16.yPr7JFzG.js            1.50 kB │ gzip:  0.77 kB
.svelte-kit/output/client/_app/immutable/nodes/21.DKuMoBLg.js            1.52 kB │ gzip:  0.74 kB
.svelte-kit/output/client/_app/immutable/nodes/69.CfZuGoYn.js            1.55 kB │ gzip:  0.77 kB
.svelte-kit/output/client/_app/immutable/nodes/6.DUNBa0Om.js             1.58 kB │ gzip:  0.80 kB
.svelte-kit/output/client/_app/immutable/chunks/doOTx5No.js              1.61 kB │ gzip:  0.60 kB
.svelte-kit/output/client/_app/immutable/chunks/CipGbwzS.js              1.68 kB │ gzip:  0.85 kB
.svelte-kit/output/client/_app/immutable/chunks/Ck-08xzy.js              1.69 kB │ gzip:  0.81 kB
.svelte-kit/output/client/_app/immutable/chunks/BHVnMRBQ.js              1.73 kB │ gzip:  0.73 kB
.svelte-kit/output/client/_app/immutable/nodes/14.aImdf3_-.js            1.73 kB │ gzip:  0.86 kB
.svelte-kit/output/client/_app/immutable/nodes/26.2moBZEXn.js            1.74 kB │ gzip:  0.51 kB
.svelte-kit/output/client/_app/immutable/chunks/CRSd6gSX.js              1.74 kB │ gzip:  1.00 kB
.svelte-kit/output/client/_app/immutable/chunks/D8NDG1LQ.js              1.76 kB │ gzip:  0.84 kB
.svelte-kit/output/client/_app/immutable/chunks/8kiZpBqC.js              1.84 kB │ gzip:  0.86 kB
.svelte-kit/output/client/_app/immutable/chunks/A2t1yUDg.js              1.88 kB │ gzip:  0.83 kB
.svelte-kit/output/client/_app/immutable/nodes/59.BiuckUEW.js            1.93 kB │ gzip:  0.89 kB
.svelte-kit/output/client/_app/immutable/nodes/46.Nw2lc-Ok.js            1.94 kB │ gzip:  0.96 kB
.svelte-kit/output/client/_app/immutable/chunks/Bn5-jhAW.js              1.94 kB │ gzip:  0.70 kB
.svelte-kit/output/client/_app/immutable/nodes/56.DbCrcLyb.js            1.95 kB │ gzip:  0.96 kB
.svelte-kit/output/client/_app/immutable/chunks/D2_BOYsF.js              2.01 kB │ gzip:  0.88 kB
.svelte-kit/output/client/_app/immutable/nodes/68.CrpzXslq.js            2.04 kB │ gzip:  0.95 kB
.svelte-kit/output/client/_app/immutable/chunks/BTr4IW2R.js              2.06 kB │ gzip:  0.73 kB
.svelte-kit/output/client/_app/immutable/chunks/DBk5GxEA.js              2.09 kB │ gzip:  0.75 kB
.svelte-kit/output/client/_app/immutable/chunks/DZOXdwqc.js              2.10 kB │ gzip:  0.90 kB
.svelte-kit/output/client/_app/immutable/chunks/DGjI17JR.js              2.11 kB │ gzip:  0.97 kB
.svelte-kit/output/client/_app/immutable/chunks/lS3lFLa-.js              2.15 kB │ gzip:  1.09 kB
.svelte-kit/output/client/_app/immutable/chunks/s1nqZL4q.js              2.18 kB │ gzip:  1.02 kB
.svelte-kit/output/client/_app/immutable/chunks/Duw3eM2F.js              2.21 kB │ gzip:  1.02 kB
.svelte-kit/output/client/_app/immutable/chunks/CO0kC4Uq.js              2.21 kB │ gzip:  1.03 kB
.svelte-kit/output/client/_app/immutable/chunks/B8CYOTPZ.js              2.21 kB │ gzip:  0.97 kB
.svelte-kit/output/client/_app/immutable/nodes/41.DALJfgkE.js            2.24 kB │ gzip:  1.05 kB
.svelte-kit/output/client/_app/immutable/chunks/B7ABCdN7.js              2.26 kB │ gzip:  0.95 kB
.svelte-kit/output/client/_app/immutable/chunks/NeTNe4kw.js              2.29 kB │ gzip:  1.06 kB
.svelte-kit/output/client/_app/immutable/chunks/Dbgecw2X.js              2.29 kB │ gzip:  1.09 kB
.svelte-kit/output/client/_app/immutable/chunks/Bga_OvHD.js              2.30 kB │ gzip:  1.05 kB
.svelte-kit/output/client/_app/immutable/chunks/Ceh6G5Kf.js              2.35 kB │ gzip:  0.86 kB
.svelte-kit/output/client/_app/immutable/chunks/DFnh7O9_.js              2.36 kB │ gzip:  1.09 kB
.svelte-kit/output/client/_app/immutable/chunks/Db9Syxvx.js              2.41 kB │ gzip:  1.02 kB
.svelte-kit/output/client/_app/immutable/nodes/18.BX45OXkZ.js            2.43 kB │ gzip:  1.17 kB
.svelte-kit/output/client/_app/immutable/chunks/C4RT0ovk.js              2.43 kB │ gzip:  1.10 kB
.svelte-kit/output/client/_app/immutable/chunks/Dq9XzRRg.js              2.45 kB │ gzip:  1.08 kB
.svelte-kit/output/client/_app/immutable/chunks/UyNykGG6.js              2.45 kB │ gzip:  1.02 kB
.svelte-kit/output/client/_app/immutable/nodes/10.DujmZiK0.js            2.49 kB │ gzip:  1.24 kB
.svelte-kit/output/client/_app/immutable/chunks/BoKLM3Wy.js              2.52 kB │ gzip:  1.07 kB
.svelte-kit/output/client/_app/immutable/chunks/DylRRoYA.js              2.53 kB │ gzip:  1.12 kB
.svelte-kit/output/client/_app/immutable/chunks/76zqrThz.js              2.55 kB │ gzip:  1.09 kB
.svelte-kit/output/client/_app/immutable/chunks/CUbL7yBB.js              2.56 kB │ gzip:  1.19 kB
.svelte-kit/output/client/_app/immutable/chunks/CJpX22G-.js              2.67 kB │ gzip:  1.23 kB
.svelte-kit/output/client/_app/immutable/nodes/40.DPuDW57W.js            2.69 kB │ gzip:  1.17 kB
.svelte-kit/output/client/_app/immutable/chunks/DQVmWAit.js              2.71 kB │ gzip:  1.25 kB
.svelte-kit/output/client/_app/immutable/nodes/22.BxiC3x2B.js            2.72 kB │ gzip:  1.30 kB
.svelte-kit/output/client/_app/immutable/chunks/Cf5l5EAI.js              2.73 kB │ gzip:  1.11 kB
.svelte-kit/output/client/_app/immutable/chunks/DiQK25I1.js              2.75 kB │ gzip:  1.09 kB
.svelte-kit/output/client/_app/immutable/chunks/CNJG1fMw.js              2.76 kB │ gzip:  0.95 kB
.svelte-kit/output/client/_app/immutable/chunks/CHlG0k4v.js              2.78 kB │ gzip:  1.21 kB
.svelte-kit/output/client/_app/immutable/chunks/DgnV3igF.js              2.82 kB │ gzip:  1.32 kB
.svelte-kit/output/client/_app/immutable/chunks/DXW2mCmk.js              2.86 kB │ gzip:  1.19 kB
.svelte-kit/output/client/_app/immutable/chunks/CfaKw6k2.js              3.03 kB │ gzip:  1.14 kB
.svelte-kit/output/client/_app/immutable/chunks/BMkayiF1.js              3.04 kB │ gzip:  1.15 kB
.svelte-kit/output/client/_app/immutable/chunks/Dc8SVvXd.js              3.09 kB │ gzip:  1.31 kB
.svelte-kit/output/client/_app/immutable/chunks/BE_KsozT.js              3.23 kB │ gzip:  1.35 kB
.svelte-kit/output/client/_app/immutable/chunks/BJmdWvuh.js              3.27 kB │ gzip:  1.25 kB
.svelte-kit/output/client/_app/immutable/nodes/53.DmCfbgBO.js            3.27 kB │ gzip:  1.36 kB
.svelte-kit/output/client/_app/immutable/chunks/kBlCm-HW.js              3.29 kB │ gzip:  0.94 kB
.svelte-kit/output/client/_app/immutable/nodes/49.CN0HTLPU.js            3.33 kB │ gzip:  1.42 kB
.svelte-kit/output/client/_app/immutable/nodes/42.D5G--ECq.js            3.41 kB │ gzip:  1.58 kB
.svelte-kit/output/client/_app/immutable/chunks/BpLevtLC.js              3.46 kB │ gzip:  1.48 kB
.svelte-kit/output/client/_app/immutable/chunks/BMkBaxIW.js              3.56 kB │ gzip:  1.35 kB
.svelte-kit/output/client/_app/immutable/chunks/mOFq36pQ.js              3.57 kB │ gzip:  1.46 kB
.svelte-kit/output/client/_app/immutable/chunks/ByNyP_bt.js              3.76 kB │ gzip:  1.48 kB
.svelte-kit/output/client/_app/immutable/chunks/D0rSVOyY.js              3.83 kB │ gzip:  1.47 kB
.svelte-kit/output/client/_app/immutable/chunks/hygMUlon.js              3.89 kB │ gzip:  1.39 kB
.svelte-kit/output/client/_app/immutable/nodes/37.Cht1EO01.js            3.99 kB │ gzip:  1.71 kB
.svelte-kit/output/client/_app/immutable/chunks/BhVnyFU7.js              4.07 kB │ gzip:  1.58 kB
.svelte-kit/output/client/_app/immutable/chunks/CVbKRB1t.js              4.12 kB │ gzip:  1.81 kB
.svelte-kit/output/client/_app/immutable/chunks/W1pP5wMO.js              4.16 kB │ gzip:  1.81 kB
.svelte-kit/output/client/_app/immutable/chunks/DeGbxU3B.js              4.22 kB │ gzip:  1.78 kB
.svelte-kit/output/client/_app/immutable/nodes/39._OASop1i.js            4.25 kB │ gzip:  1.75 kB
.svelte-kit/output/client/_app/immutable/chunks/B_DvoPHY.js              4.29 kB │ gzip:  1.80 kB
.svelte-kit/output/client/_app/immutable/chunks/PiAQuzpQ.js              4.37 kB │ gzip:  1.81 kB
.svelte-kit/output/client/_app/immutable/nodes/43.BeiJm2C8.js            4.47 kB │ gzip:  1.98 kB
.svelte-kit/output/client/_app/immutable/nodes/2.CScrUEVz.js             4.47 kB │ gzip:  2.16 kB
.svelte-kit/output/client/_app/immutable/chunks/DVnr4E1r.js              4.51 kB │ gzip:  1.92 kB
.svelte-kit/output/client/_app/immutable/chunks/Dx5t8oqP.js              4.51 kB │ gzip:  1.55 kB
.svelte-kit/output/client/_app/immutable/chunks/CjaX6vra.js              4.53 kB │ gzip:  1.96 kB
.svelte-kit/output/client/_app/immutable/chunks/DeZx4D4S.js              4.54 kB │ gzip:  1.93 kB
.svelte-kit/output/client/_app/immutable/chunks/BeOPRiV_.js              4.54 kB │ gzip:  2.05 kB
.svelte-kit/output/client/_app/immutable/nodes/64.BphRwCwt.js            4.74 kB │ gzip:  2.00 kB
.svelte-kit/output/client/_app/immutable/chunks/CgJjsazx.js              4.78 kB │ gzip:  2.11 kB
.svelte-kit/output/client/_app/immutable/chunks/CONSe8LD.js              4.81 kB │ gzip:  1.95 kB
.svelte-kit/output/client/_app/immutable/chunks/CSXbAvI2.js              4.88 kB │ gzip:  1.89 kB
.svelte-kit/output/client/_app/immutable/nodes/36.nlZ0STZj.js            5.00 kB │ gzip:  2.15 kB
.svelte-kit/output/client/_app/immutable/nodes/35.VymIzxBj.js            5.12 kB │ gzip:  2.05 kB
.svelte-kit/output/client/_app/immutable/nodes/34.BDtue9Ah.js            5.21 kB │ gzip:  2.14 kB
.svelte-kit/output/client/_app/immutable/chunks/CzaGu_Bg.js              5.22 kB │ gzip:  2.00 kB
.svelte-kit/output/client/_app/immutable/chunks/cce0rr9O.js              5.22 kB │ gzip:  1.79 kB
.svelte-kit/output/client/_app/immutable/nodes/51.y0wt9OeI.js            5.24 kB │ gzip:  2.15 kB
.svelte-kit/output/client/_app/immutable/nodes/13.DQ85EMCv.js            5.27 kB │ gzip:  2.29 kB
.svelte-kit/output/client/_app/immutable/nodes/17.C0kOrbvQ.js            5.31 kB │ gzip:  2.27 kB
.svelte-kit/output/client/_app/immutable/nodes/23.BWgFgZjr.js            5.33 kB │ gzip:  2.31 kB
.svelte-kit/output/client/_app/immutable/chunks/Dbv7yXFC.js              5.43 kB │ gzip:  2.30 kB
.svelte-kit/output/client/_app/immutable/chunks/Bc6AcfVb.js              5.56 kB │ gzip:  2.08 kB
.svelte-kit/output/client/_app/immutable/nodes/60.C3YRzRRv.js            5.57 kB │ gzip:  2.18 kB
.svelte-kit/output/client/_app/immutable/chunks/BqqH8Rcs.js              5.58 kB │ gzip:  2.26 kB
.svelte-kit/output/client/_app/immutable/nodes/25.Bb2r2rCn.js            5.63 kB │ gzip:  2.37 kB
.svelte-kit/output/client/_app/immutable/chunks/BxOaEjVS.js              5.66 kB │ gzip:  2.10 kB
.svelte-kit/output/client/_app/immutable/chunks/DIamcBs3.js              5.71 kB │ gzip:  2.44 kB
.svelte-kit/output/client/_app/immutable/nodes/12.C1CBRtui.js            5.83 kB │ gzip:  2.55 kB
.svelte-kit/output/client/_app/immutable/nodes/47.DCYtFyPu.js            6.05 kB │ gzip:  2.06 kB
.svelte-kit/output/client/_app/immutable/nodes/70.CltW3kcF.js            6.11 kB │ gzip:  2.63 kB
.svelte-kit/output/client/_app/immutable/chunks/Dlf1as5j.js              6.25 kB │ gzip:  2.44 kB
.svelte-kit/output/client/_app/immutable/chunks/D1UTb_d8.js              6.29 kB │ gzip:  2.32 kB
.svelte-kit/output/client/_app/immutable/nodes/4.CG5kWXnW.js             6.45 kB │ gzip:  2.34 kB
.svelte-kit/output/client/_app/immutable/nodes/58.C2STEDDQ.js            6.45 kB │ gzip:  2.05 kB
.svelte-kit/output/client/_app/immutable/nodes/27.FXUpthLX.js            6.47 kB │ gzip:  2.59 kB
.svelte-kit/output/client/_app/immutable/chunks/BlLQdDuP.js              6.51 kB │ gzip:  2.73 kB
.svelte-kit/output/client/_app/immutable/nodes/19.ClseAwA9.js            6.83 kB │ gzip:  2.36 kB
.svelte-kit/output/client/_app/immutable/chunks/DufQTTTD.js              6.90 kB │ gzip:  2.83 kB
.svelte-kit/output/client/_app/immutable/chunks/DkBYo9HF.js              7.22 kB │ gzip:  3.06 kB
.svelte-kit/output/client/_app/immutable/nodes/67.DOWPf6zq.js            7.32 kB │ gzip:  2.64 kB
.svelte-kit/output/client/_app/immutable/nodes/24.BBLd1f1A.js            7.43 kB │ gzip:  2.56 kB
.svelte-kit/output/client/_app/immutable/nodes/38.BRXUSrD3.js            7.70 kB │ gzip:  3.08 kB
.svelte-kit/output/client/_app/immutable/nodes/8.jRwRiXGs.js             7.81 kB │ gzip:  3.30 kB
.svelte-kit/output/client/_app/immutable/chunks/qzPo1JEr.js              8.13 kB │ gzip:  3.32 kB
.svelte-kit/output/client/_app/immutable/nodes/5.BciYRjO2.js             8.13 kB │ gzip:  2.89 kB
.svelte-kit/output/client/_app/immutable/chunks/CQFlf3ud.js              8.52 kB │ gzip:  2.63 kB
.svelte-kit/output/client/_app/immutable/nodes/55.Bb1jM6fq.js            9.34 kB │ gzip:  3.54 kB
.svelte-kit/output/client/_app/immutable/chunks/wd_8oxuf.js              9.52 kB │ gzip:  3.85 kB
.svelte-kit/output/client/_app/immutable/nodes/11.Zmvf-pqh.js            9.77 kB │ gzip:  3.62 kB
.svelte-kit/output/client/_app/immutable/chunks/ntxSzpyr.js             10.30 kB │ gzip:  3.97 kB
.svelte-kit/output/client/_app/immutable/chunks/AKXzFW2c.js             11.11 kB │ gzip:  4.46 kB
.svelte-kit/output/client/_app/immutable/nodes/33.QXP5MO3M.js           11.30 kB │ gzip:  3.83 kB
.svelte-kit/output/client/_app/immutable/nodes/57.BN5oQ_ci.js           11.45 kB │ gzip:  4.40 kB
.svelte-kit/output/client/_app/immutable/nodes/45.gUzi9Afw.js           11.82 kB │ gzip:  4.20 kB
.svelte-kit/output/client/_app/immutable/nodes/52.DUFyMXlI.js           12.97 kB │ gzip:  5.16 kB
.svelte-kit/output/client/_app/immutable/chunks/ClyV__HK.js             13.01 kB │ gzip:  5.21 kB
.svelte-kit/output/client/_app/immutable/nodes/66.Br8dTopX.js           13.34 kB │ gzip:  4.22 kB
.svelte-kit/output/client/_app/immutable/chunks/DjEQ1USh.js             14.15 kB │ gzip:  4.49 kB
.svelte-kit/output/client/_app/immutable/chunks/DGFfci60.js             14.43 kB │ gzip:  5.31 kB
.svelte-kit/output/client/_app/immutable/chunks/C9FRv078.js             14.63 kB │ gzip:  5.25 kB
.svelte-kit/output/client/_app/immutable/nodes/50.Cf_S3NCv.js           16.08 kB │ gzip:  5.11 kB
.svelte-kit/output/client/_app/immutable/chunks/CPxmKipl.js             16.36 kB │ gzip:  6.49 kB
.svelte-kit/output/client/_app/immutable/nodes/48.DcZZ0jf3.js           16.39 kB │ gzip:  6.23 kB
.svelte-kit/output/client/_app/immutable/chunks/Dl8SEMRA.js             16.50 kB │ gzip:  6.09 kB
.svelte-kit/output/client/_app/immutable/chunks/WEdCmHtq.js             16.79 kB │ gzip:  6.41 kB
.svelte-kit/output/client/_app/immutable/chunks/CK7EsOZQ.js             16.89 kB │ gzip:  5.90 kB
.svelte-kit/output/client/_app/immutable/chunks/CBg2oY6d.js             17.01 kB │ gzip:  6.32 kB
.svelte-kit/output/client/_app/immutable/chunks/CUIRvjea.js             18.86 kB │ gzip:  7.71 kB
.svelte-kit/output/client/_app/immutable/chunks/BDjjHCdv.js             19.01 kB │ gzip:  5.32 kB
.svelte-kit/output/client/_app/immutable/chunks/CVNK-dHa.js             19.12 kB │ gzip:  6.83 kB
.svelte-kit/output/client/_app/immutable/chunks/Ci2sbc3n.js             19.15 kB │ gzip:  6.72 kB
.svelte-kit/output/client/_app/immutable/nodes/7.DvKCCGe8.js            20.30 kB │ gzip:  7.54 kB
.svelte-kit/output/client/_app/immutable/nodes/20.WA-vY-TF.js           20.41 kB │ gzip:  5.31 kB
.svelte-kit/output/client/_app/immutable/nodes/61.BlrfcfXB.js           20.87 kB │ gzip:  4.26 kB
.svelte-kit/output/client/_app/immutable/entry/app.A5GFS_np.js          21.14 kB │ gzip:  5.68 kB
.svelte-kit/output/client/_app/immutable/chunks/d68V3eA1.js             24.15 kB │ gzip:  8.37 kB
.svelte-kit/output/client/_app/immutable/nodes/63.CJwH96rp.js           24.56 kB │ gzip:  8.18 kB
.svelte-kit/output/client/_app/immutable/chunks/XCdqAEcY.js             26.00 kB │ gzip:  8.87 kB
.svelte-kit/output/client/_app/immutable/chunks/C4R0CduR.js             26.10 kB │ gzip:  8.80 kB
.svelte-kit/output/client/_app/immutable/chunks/B-GjA8GM.js             32.51 kB │ gzip: 11.15 kB
.svelte-kit/output/client/_app/immutable/chunks/9JF8T3fK.js             32.97 kB │ gzip: 11.16 kB
.svelte-kit/output/client/_app/immutable/chunks/DZ8nfwFm.js             37.17 kB │ gzip: 10.73 kB
.svelte-kit/output/client/_app/immutable/chunks/Cg3iRj2k.js             37.25 kB │ gzip: 12.86 kB
.svelte-kit/output/client/_app/immutable/chunks/DfgcX1wF.js             37.50 kB │ gzip: 12.28 kB
.svelte-kit/output/client/_app/immutable/chunks/_yu-n7CE.js             44.53 kB │ gzip: 14.53 kB
.svelte-kit/output/client/_app/immutable/chunks/CZcuV4v4.js             45.08 kB │ gzip: 16.51 kB
.svelte-kit/output/client/_app/immutable/chunks/D13U6is3.js             59.52 kB │ gzip: 22.74 kB
.svelte-kit/output/client/_app/immutable/nodes/54.C5QPiVOO.js           63.25 kB │ gzip: 15.43 kB
.svelte-kit/output/client/_app/immutable/nodes/44.Bdf6h131.js           71.89 kB │ gzip: 20.43 kB
.svelte-kit/output/client/_app/immutable/chunks/hfq8RAf5.js            189.78 kB │ gzip: 59.60 kB
.svelte-kit/output/client/_app/immutable/chunks/CGpT61iy.js            210.25 kB │ gzip: 66.20 kB

[33m[MODULE_LEVEL_DIRECTIVE] [0mThe semantics of the module level directive "use client" in "../../node_modules/.pnpm/@base-ui+react@1.8.0_@types+react@19.2.18_react-dom@19.2.8_react@19.2.8__react@19.2.8/node_modules/@base-ui/react/internals/useAnchorPositioning.mjs" may not be preserved when bundling.
   [38;5;246m╭[0m[38;5;246m─[0m[38;5;246m[[0m ../../node_modules/.pnpm/@base-ui+react@1.8.0_@types+react@19.2.18_react-dom@19.2.8_react@19.2.8__react@19.2.8/node_modules/@base-ui/react/internals/useAnchorPositioning.mjs:1:1 [38;5;246m][0m
   [38;5;246m│[0m
 [38;5;246m1 │[0m 'use client';
 [38;5;240m  │[0m ──────┬──────  
 [38;5;240m  │[0m       ╰──────── module level directive may not be preserved
 [38;5;240m  │[0m 
 [38;5;240m  │[0m [38;5;115mHelp[0m: For more information, see https://rolldown.rs/in-depth/directives#other-directives
[38;5;246m───╯[0m

[33m[MODULE_LEVEL_DIRECTIVE] [0mThe semantics of the module level directive "use client" in "../../node_modules/.pnpm/@base-ui+react@1.8.0_@types+react@19.2.18_react-dom@19.2.8_react@19.2.8__react@19.2.8/node_modules/@base-ui/react/direction-provider/DirectionProvider.mjs" may not be preserved when bundling.
   [38;5;246m╭[0m[38;5;246m─[0m[38;5;246m[[0m ../../node_modules/.pnpm/@base-ui+react@1.8.0_@types+react@19.2.18_react-dom@19.2.8_react@19.2.8__react@19.2.8/node_modules/@base-ui/react/direction-provider/DirectionProvider.mjs:1:1 [38;5;246m][0m
   [38;5;246m│[0m
 [38;5;246m1 │[0m 'use client';
 [38;5;240m  │[0m ──────┬──────  
 [38;5;240m  │[0m       ╰──────── module level directive may not be preserved
 [38;5;240m  │[0m 
 [38;5;240m  │[0m [38;5;115mHelp[0m: For more information, see https://rolldown.rs/in-depth/directives#other-directives
[38;5;246m───╯[0m

[33m[MODULE_LEVEL_DIRECTIVE] [0mThe semantics of the module level directive "use client" in "../../node_modules/.pnpm/@base-ui+react@1.8.0_@types+react@19.2.18_react-dom@19.2.8_react@19.2.8__react@19.2.8/node_modules/@base-ui/react/floating-ui-react/hooks/useFloating.mjs" may not be preserved when bundling.
   [38;5;246m╭[0m[38;5;246m─[0m[38;5;246m[[0m ../../node_modules/.pnpm/@base-ui+react@1.8.0_@types+react@19.2.18_react-dom@19.2.8_react@19.2.8__react@19.2.8/node_modules/@base-ui/react/floating-ui-react/hooks/useFloating.mjs:1:1 [38;5;246m][0m
   [38;5;246m│[0m
 [38;5;246m1 │[0m 'use client';
 [38;5;240m  │[0m ──────┬──────  
 [38;5;240m  │[0m       ╰──────── module level directive may not be preserved
 [38;5;240m  │[0m 
 [38;5;240m  │[0m [38;5;115mHelp[0m: For more information, see https://rolldown.rs/in-depth/directives#other-directives
[38;5;246m───╯[0m

[33m[MODULE_LEVEL_DIRECTIVE] [0mThe semantics of the module level directive "use client" in "../../node_modules/.pnpm/@base-ui+react@1.8.0_@types+react@19.2.18_react-dom@19.2.8_react@19.2.8__react@19.2.8/node_modules/@base-ui/react/button/Button.mjs" may not be preserved when bundling.
   [38;5;246m╭[0m[38;5;246m─[0m[38;5;246m[[0m ../../node_modules/.pnpm/@base-ui+react@1.8.0_@types+react@19.2.18_react-dom@19.2.8_react@19.2.8__react@19.2.8/node_modules/@base-ui/react/button/Button.mjs:1:1 [38;5;246m][0m
   [38;5;246m│[0m
 [38;5;246m1 │[0m 'use client';
 [38;5;240m  │[0m ──────┬──────  
 [38;5;240m  │[0m       ╰──────── module level directive may not be preserved
 [38;5;240m  │[0m 
 [38;5;240m  │[0m [38;5;115mHelp[0m: For more information, see https://rolldown.rs/in-depth/directives#other-directives
[38;5;246m───╯[0m

[33m[MODULE_LEVEL_DIRECTIVE] [0mThe semantics of the module level directive "use client" in "../../node_modules/.pnpm/@base-ui+react@1.8.0_@types+react@19.2.18_react-dom@19.2.8_react@19.2.8__react@19.2.8/node_modules/@base-ui/react/toggle-group/ToggleGroup.mjs" may not be preserved when bundling.
   [38;5;246m╭[0m[38;5;246m─[0m[38;5;246m[[0m ../../node_modules/.pnpm/@base-ui+react@1.8.0_@types+react@19.2.18_react-dom@19.2.8_react@19.2.8__react@19.2.8/node_modules/@base-ui/react/toggle-group/ToggleGroup.mjs:1:1 [38;5;246m][0m
   [38;5;246m│[0m
 [38;5;246m1 │[0m 'use client';
 [38;5;240m  │[0m ──────┬──────  
 [38;5;240m  │[0m       ╰──────── module level directive may not be preserved
 [38;5;240m  │[0m 
 [38;5;240m  │[0m [38;5;115mHelp[0m: For more information, see https://rolldown.rs/in-depth/directives#other-directives
[38;5;246m───╯[0m

[33m[MODULE_LEVEL_DIRECTIVE] [0mThe semantics of the module level directive "use client" in "../../node_modules/.pnpm/@base-ui+react@1.8.0_@types+react@19.2.18_react-dom@19.2.8_react@19.2.8__react@19.2.8/node_modules/@base-ui/react/internals/csp-context/CSPContext.mjs" may not be preserved when bundling.
   [38;5;246m╭[0m[38;5;246m─[0m[38;5;246m[[0m ../../node_modules/.pnpm/@base-ui+react@1.8.0_@types+react@19.2.18_react-dom@19.2.8_react@19.2.8__react@19.2.8/node_modules/@base-ui/react/internals/csp-context/CSPContext.mjs:1:1 [38;5;246m][0m
   [38;5;246m│[0m
 [38;5;246m1 │[0m 'use client';
 [38;5;240m  │[0m ──────┬──────  
 [38;5;240m  │[0m       ╰──────── module level directive may not be preserved
 [38;5;240m  │[0m 
 [38;5;240m  │[0m [38;5;115mHelp[0m: For more information, see https://rolldown.rs/in-depth/directives#other-directives
[38;5;246m───╯[0m

[33m[MODULE_LEVEL_DIRECTIVE] [0mThe semantics of the module level directive "use client" in "../../node_modules/.pnpm/@base-ui+react@1.8.0_@types+react@19.2.18_react-dom@19.2.8_react@19.2.8__react@19.2.8/node_modules/@base-ui/react/input/Input.mjs" may not be preserved when bundling.
   [38;5;246m╭[0m[38;5;246m─[0m[38;5;246m[[0m ../../node_modules/.pnpm/@base-ui+react@1.8.0_@types+react@19.2.18_react-dom@19.2.8_react@19.2.8__react@19.2.8/node_modules/@base-ui/react/input/Input.mjs:1:1 [38;5;246m][0m
   [38;5;246m│[0m
 [38;5;246m1 │[0m 'use client';
 [38;5;240m  │[0m ──────┬──────  
 [38;5;240m  │[0m       ╰──────── module level directive may not be preserved
 [38;5;240m  │[0m 
 [38;5;240m  │[0m [38;5;115mHelp[0m: For more information, see https://rolldown.rs/in-depth/directives#other-directives
[38;5;246m───╯[0m

[33m[MODULE_LEVEL_DIRECTIVE] [0mThe semantics of the module level directive "use client" in "../../node_modules/.pnpm/@base-ui+react@1.8.0_@types+react@19.2.18_react-dom@19.2.8_react@19.2.8__react@19.2.8/node_modules/@base-ui/react/floating-ui-react/components/FloatingTree.mjs" may not be preserved when bundling.
   [38;5;246m╭[0m[38;5;246m─[0m[38;5;246m[[0m ../../node_modules/.pnpm/@base-ui+react@1.8.0_@types+react@19.2.18_react-dom@19.2.8_react@19.2.8__react@19.2.8/node_modules/@base-ui/react/floating-ui-react/components/FloatingTree.mjs:1:1 [38;5;246m][0m
   [38;5;246m│[0m
 [38;5;246m1 │[0m 'use client';
 [38;5;240m  │[0m ──────┬──────  
 [38;5;240m  │[0m       ╰──────── module level directive may not be preserved
 [38;5;240m  │[0m 
 [38;5;240m  │[0m [38;5;115mHelp[0m: For more information, see https://rolldown.rs/in-depth/directives#other-directives
[38;5;246m───╯[0m

[33m[MODULE_LEVEL_DIRECTIVE] [0mThe semantics of the module level directive "use client" in "../../node_modules/.pnpm/@base-ui+react@1.8.0_@types+react@19.2.18_react-dom@19.2.8_react@19.2.8__react@19.2.8/node_modules/@base-ui/react/internals/direction-context/DirectionContext.mjs" may not be preserved when bundling.
   [38;5;246m╭[0m[38;5;246m─[0m[38;5;246m[[0m ../../node_modules/.pnpm/@base-ui+react@1.8.0_@types+react@19.2.18_react-dom@19.2.8_react@19.2.8__react@19.2.8/node_modules/@base-ui/react/internals/direction-context/DirectionContext.mjs:1:1 [38;5;246m][0m
   [38;5;246m│[0m
 [38;5;246m1 │[0m 'use client';
 [38;5;240m  │[0m ──────┬──────  
 [38;5;240m  │[0m       ╰──────── module level directive may not be preserved
 [38;5;240m  │[0m 
 [38;5;240m  │[0m [38;5;115mHelp[0m: For more information, see https://rolldown.rs/in-depth/directives#other-directives
[38;5;246m───╯[0m

[33m[MODULE_LEVEL_DIRECTIVE] [0mThe semantics of the module level directive "use client" in "../../node_modules/.pnpm/@base-ui+react@1.8.0_@types+react@19.2.18_react-dom@19.2.8_react@19.2.8__react@19.2.8/node_modules/@base-ui/react/floating-ui-react/components/FloatingDelayGroup.mjs" may not be preserved when bundling.
   [38;5;246m╭[0m[38;5;246m─[0m[38;5;246m[[0m ../../node_modules/.pnpm/@base-ui+react@1.8.0_@types+react@19.2.18_react-dom@19.2.8_react@19.2.8__react@19.2.8/node_modules/@base-ui/react/floating-ui-react/components/FloatingDelayGroup.mjs:1:1 [38;5;246m][0m
   [38;5;246m│[0m
 [38;5;246m1 │[0m 'use client';
 [38;5;240m  │[0m ──────┬──────  
 [38;5;240m  │[0m       ╰──────── module level directive may not be preserved
 [38;5;240m  │[0m 
 [38;5;240m  │[0m [38;5;115mHelp[0m: For more information, see https://rolldown.rs/in-depth/directives#other-directives
[38;5;246m───╯[0m

[33m[MODULE_LEVEL_DIRECTIVE] [0mThe semantics of the module level directive "use client" in "../../node_modules/.pnpm/@base-ui+react@1.8.0_@types+react@19.2.18_react-dom@19.2.8_react@19.2.8__react@19.2.8/node_modules/@base-ui/react/floating-ui-react/hooks/useFloatingRootContext.mjs" may not be preserved when bundling.
   [38;5;246m╭[0m[38;5;246m─[0m[38;5;246m[[0m ../../node_modules/.pnpm/@base-ui+react@1.8.0_@types+react@19.2.18_react-dom@19.2.8_react@19.2.8__react@19.2.8/node_modules/@base-ui/react/floating-ui-react/hooks/useFloatingRootContext.mjs:1:1 [38;5;246m][0m
   [38;5;246m│[0m
 [38;5;246m1 │[0m 'use client';
 [38;5;240m  │[0m ──────┬──────  
 [38;5;240m  │[0m       ╰──────── module level directive may not be preserved
 [38;5;240m  │[0m 
 [38;5;240m  │[0m [38;5;115mHelp[0m: For more information, see https://rolldown.rs/in-depth/directives#other-directives
[38;5;246m───╯[0m

[33m[MODULE_LEVEL_DIRECTIVE] [0mThe semantics of the module level directive "use client" in "../../node_modules/.pnpm/@base-ui+react@1.8.0_@types+react@19.2.18_react-dom@19.2.8_react@19.2.8__react@19.2.8/node_modules/@base-ui/react/dialog/root/DialogRootContext.mjs" may not be preserved when bundling.
   [38;5;246m╭[0m[38;5;246m─[0m[38;5;246m[[0m ../../node_modules/.pnpm/@base-ui+react@1.8.0_@types+react@19.2.18_react-dom@19.2.8_react@19.2.8__react@19.2.8/node_modules/@base-ui/react/dialog/root/DialogRootContext.mjs:1:1 [38;5;246m][0m
   [38;5;246m│[0m
 [38;5;246m1 │[0m 'use client';
 [38;5;240m  │[0m ──────┬──────  
 [38;5;240m  │[0m       ╰──────── module level directive may not be preserved
 [38;5;240m  │[0m 
 [38;5;240m  │[0m [38;5;115mHelp[0m: For more information, see https://rolldown.rs/in-depth/directives#other-directives
[38;5;246m───╯[0m

[33m[MODULE_LEVEL_DIRECTIVE] [0mThe semantics of the module level directive "use client" in "../../node_modules/.pnpm/@base-ui+react@1.8.0_@types+react@19.2.18_react-dom@19.2.8_react@19.2.8__react@19.2.8/node_modules/@base-ui/react/floating-ui-react/components/FloatingFocusManager.mjs" may not be preserved when bundling.
   [38;5;246m╭[0m[38;5;246m─[0m[38;5;246m[[0m ../../node_modules/.pnpm/@base-ui+react@1.8.0_@types+react@19.2.18_react-dom@19.2.8_react@19.2.8__react@19.2.8/node_modules/@base-ui/react/floating-ui-react/components/FloatingFocusManager.mjs:1:1 [38;5;246m][0m
   [38;5;246m│[0m
 [38;5;246m1 │[0m 'use client';
 [38;5;240m  │[0m ──────┬──────  
 [38;5;240m  │[0m       ╰──────── module level directive may not be preserved
 [38;5;240m  │[0m 
 [38;5;240m  │[0m [38;5;115mHelp[0m: For more information, see https://rolldown.rs/in-depth/directives#other-directives
[38;5;246m───╯[0m

[33m[MODULE_LEVEL_DIRECTIVE] [0mThe semantics of the module level directive "use client" in "../../node_modules/.pnpm/@base-ui+react@1.8.0_@types+react@19.2.18_react-dom@19.2.8_react@19.2.8__react@19.2.8/node_modules/@base-ui/react/menubar/Menubar.mjs" may not be preserved when bundling.
   [38;5;246m╭[0m[38;5;246m─[0m[38;5;246m[[0m ../../node_modules/.pnpm/@base-ui+react@1.8.0_@types+react@19.2.18_react-dom@19.2.8_react@19.2.8__react@19.2.8/node_modules/@base-ui/react/menubar/Menubar.mjs:1:1 [38;5;246m][0m
   [38;5;246m│[0m
 [38;5;246m1 │[0m 'use client';
 [38;5;240m  │[0m ──────┬──────  
 [38;5;240m  │[0m       ╰──────── module level directive may not be preserved
 [38;5;240m  │[0m 
 [38;5;240m  │[0m [38;5;115mHelp[0m: For more information, see https://rolldown.rs/in-depth/directives#other-directives
[38;5;246m───╯[0m

[33m[MODULE_LEVEL_DIRECTIVE] [0mThe semantics of the module level directive "use client" in "../../node_modules/.pnpm/@base-ui+react@1.8.0_@types+react@19.2.18_react-dom@19.2.8_react@19.2.8__react@19.2.8/node_modules/@base-ui/react/collapsible/root/CollapsibleRoot.mjs" may not be preserved when bundling.
   [38;5;246m╭[0m[38;5;246m─[0m[38;5;246m[[0m ../../node_modules/.pnpm/@base-ui+react@1.8.0_@types+react@19.2.18_react-dom@19.2.8_react@19.2.8__react@19.2.8/node_modules/@base-ui/react/collapsible/root/CollapsibleRoot.mjs:1:1 [38;5;246m][0m
   [38;5;246m│[0m
 [38;5;246m1 │[0m 'use client';
 [38;5;240m  │[0m ──────┬──────  
 [38;5;240m  │[0m       ╰──────── module level directive may not be preserved
 [38;5;240m  │[0m 
 [38;5;240m  │[0m [38;5;115mHelp[0m: For more information, see https://rolldown.rs/in-depth/directives#other-directives
[38;5;246m───╯[0m

[33m[MODULE_LEVEL_DIRECTIVE] [0mThe semantics of the module level directive "use client" in "../../node_modules/.pnpm/@base-ui+react@1.8.0_@types+react@19.2.18_react-dom@19.2.8_react@19.2.8__react@19.2.8/node_modules/@base-ui/react/collapsible/trigger/CollapsibleTrigger.mjs" may not be preserved when bundling.
   [38;5;246m╭[0m[38;5;246m─[0m[38;5;246m[[0m ../../node_modules/.pnpm/@base-ui+react@1.8.0_@types+react@19.2.18_react-dom@19.2.8_react@19.2.8__react@19.2.8/node_modules/@base-ui/react/collapsible/trigger/CollapsibleTrigger.mjs:1:1 [38;5;246m][0m
   [38;5;246m│[0m
 [38;5;246m1 │[0m 'use client';
 [38;5;240m  │[0m ──────┬──────  
 [38;5;240m  │[0m       ╰──────── module level directive may not be preserved
 [38;5;240m  │[0m 
 [38;5;240m  │[0m [38;5;115mHelp[0m: For more information, see https://rolldown.rs/in-depth/directives#other-directives
[38;5;246m───╯[0m

[33m[MODULE_LEVEL_DIRECTIVE] [0mThe semantics of the module level directive "use client" in "../../node_modules/.pnpm/@base-ui+react@1.8.0_@types+react@19.2.18_react-dom@19.2.8_react@19.2.8__react@19.2.8/node_modules/@base-ui/react/toggle/Toggle.mjs" may not be preserved when bundling.
   [38;5;246m╭[0m[38;5;246m─[0m[38;5;246m[[0m ../../node_modules/.pnpm/@base-ui+react@1.8.0_@types+react@19.2.18_react-dom@19.2.8_react@19.2.8__react@19.2.8/node_modules/@base-ui/react/toggle/Toggle.mjs:1:1 [38;5;246m][0m
   [38;5;246m│[0m
 [38;5;246m1 │[0m 'use client';
 [38;5;240m  │[0m ──────┬──────  
 [38;5;240m  │[0m       ╰──────── module level directive may not be preserved
 [38;5;240m  │[0m 
 [38;5;240m  │[0m [38;5;115mHelp[0m: For more information, see https://rolldown.rs/in-depth/directives#other-directives
[38;5;246m───╯[0m

[33m[MODULE_LEVEL_DIRECTIVE] [0mThe semantics of the module level directive "use client" in "../../node_modules/.pnpm/@base-ui+react@1.8.0_@types+react@19.2.18_react-dom@19.2.8_react@19.2.8__react@19.2.8/node_modules/@base-ui/react/radio-group/RadioGroup.mjs" may not be preserved when bundling.
   [38;5;246m╭[0m[38;5;246m─[0m[38;5;246m[[0m ../../node_modules/.pnpm/@base-ui+react@1.8.0_@types+react@19.2.18_react-dom@19.2.8_react@19.2.8__react@19.2.8/node_modules/@base-ui/react/radio-group/RadioGroup.mjs:1:1 [38;5;246m][0m
   [38;5;246m│[0m
 [38;5;246m1 │[0m 'use client';
 [38;5;240m  │[0m ──────┬──────  
 [38;5;240m  │[0m       ╰──────── module level directive may not be preserved
 [38;5;240m  │[0m 
 [38;5;240m  │[0m [38;5;115mHelp[0m: For more information, see https://rolldown.rs/in-depth/directives#other-directives
[38;5;246m───╯[0m

[33m[MODULE_LEVEL_DIRECTIVE] [0mThe semantics of the module level directive "use client" in "../../node_modules/.pnpm/@base-ui+react@1.8.0_@types+react@19.2.18_react-dom@19.2.8_react@19.2.8__react@19.2.8/node_modules/@base-ui/react/floating-ui-react/hooks/useListNavigation.mjs" may not be preserved when bundling.
   [38;5;246m╭[0m[38;5;246m─[0m[38;5;246m[[0m ../../node_modules/.pnpm/@base-ui+react@1.8.0_@types+react@19.2.18_react-dom@19.2.8_react@19.2.8__react@19.2.8/node_modules/@base-ui/react/floating-ui-react/hooks/useListNavigation.mjs:1:1 [38;5;246m][0m
   [38;5;246m│[0m
 [38;5;246m1 │[0m 'use client';
 [38;5;240m  │[0m ──────┬──────  
 [38;5;240m  │[0m       ╰──────── module level directive may not be preserved
 [38;5;240m  │[0m 
 [38;5;240m  │[0m [38;5;115mHelp[0m: For more information, see https://rolldown.rs/in-depth/directives#other-directives
[38;5;246m───╯[0m

[33m[MODULE_LEVEL_DIRECTIVE] [0mThe semantics of the module level directive "use client" in "../../node_modules/.pnpm/@base-ui+react@1.8.0_@types+react@19.2.18_react-dom@19.2.8_react@19.2.8__react@19.2.8/node_modules/@base-ui/react/separator/Separator.mjs" may not be preserved when bundling.
   [38;5;246m╭[0m[38;5;246m─[0m[38;5;246m[[0m ../../node_modules/.pnpm/@base-ui+react@1.8.0_@types+react@19.2.18_react-dom@19.2.8_react@19.2.8__react@19.2.8/node_modules/@base-ui/react/separator/Separator.mjs:1:1 [38;5;246m][0m
   [38;5;246m│[0m
 [38;5;246m1 │[0m 'use client';
 [38;5;240m  │[0m ──────┬──────  
 [38;5;240m  │[0m       ╰──────── module level directive may not be preserved
 [38;5;240m  │[0m 
 [38;5;240m  │[0m [38;5;115mHelp[0m: For more information, see https://rolldown.rs/in-depth/directives#other-directives
[38;5;246m───╯[0m

[33m[MODULE_LEVEL_DIRECTIVE] [0mThe semantics of the module level directive "use client" in "../../node_modules/.pnpm/@base-ui+react@1.8.0_@types+react@19.2.18_react-dom@19.2.8_react@19.2.8__react@19.2.8/node_modules/@base-ui/react/dialog/close/DialogClose.mjs" may not be preserved when bundling.
   [38;5;246m╭[0m[38;5;246m─[0m[38;5;246m[[0m ../../node_modules/.pnpm/@base-ui+react@1.8.0_@types+react@19.2.18_react-dom@19.2.8_react@19.2.8__react@19.2.8/node_modules/@base-ui/react/dialog/close/DialogClose.mjs:1:1 [38;5;246m][0m
   [38;5;246m│[0m
 [38;5;246m1 │[0m 'use client';
 [38;5;240m  │[0m ──────┬──────  
 [38;5;240m  │[0m       ╰──────── module level directive may not be preserved
 [38;5;240m  │[0m 
 [38;5;240m  │[0m [38;5;115mHelp[0m: For more information, see https://rolldown.rs/in-depth/directives#other-directives
[38;5;246m───╯[0m

[33m[MODULE_LEVEL_DIRECTIVE] [0mThe semantics of the module level directive "use client" in "../../node_modules/.pnpm/@base-ui+react@1.8.0_@types+react@19.2.18_react-dom@19.2.8_react@19.2.8__react@19.2.8/node_modules/@base-ui/react/dialog/backdrop/DialogBackdrop.mjs" may not be preserved when bundling.
   [38;5;246m╭[0m[38;5;246m─[0m[38;5;246m[[0m ../../node_modules/.pnpm/@base-ui+react@1.8.0_@types+react@19.2.18_react-dom@19.2.8_react@19.2.8__react@19.2.8/node_modules/@base-ui/react/dialog/backdrop/DialogBackdrop.mjs:1:1 [38;5;246m][0m
   [38;5;246m│[0m
 [38;5;246m1 │[0m 'use client';
 [38;5;240m  │[0m ──────┬──────  
 [38;5;240m  │[0m       ╰──────── module level directive may not be preserved
 [38;5;240m  │[0m 
 [38;5;240m  │[0m [38;5;115mHelp[0m: For more information, see https://rolldown.rs/in-depth/directives#other-directives
[38;5;246m───╯[0m

[33m[MODULE_LEVEL_DIRECTIVE] [0mThe semantics of the module level directive "use client" in "../../node_modules/.pnpm/@base-ui+react@1.8.0_@types+react@19.2.18_react-dom@19.2.8_react@19.2.8__react@19.2.8/node_modules/@base-ui/react/internals/composite/list/CompositeListContext.mjs" may not be preserved when bundling.
   [38;5;246m╭[0m[38;5;246m─[0m[38;5;246m[[0m ../../node_modules/.pnpm/@base-ui+react@1.8.0_@types+react@19.2.18_react-dom@19.2.8_react@19.2.8__react@19.2.8/node_modules/@base-ui/react/internals/composite/list/CompositeListContext.mjs:1:1 [38;5;246m][0m
   [38;5;246m│[0m
 [38;5;246m1 │[0m 'use client';
 [38;5;240m  │[0m ──────┬──────  
 [38;5;240m  │[0m       ╰──────── module level directive may not be preserved
 [38;5;240m  │[0m 
 [38;5;240m  │[0m [38;5;115mHelp[0m: For more information, see https://rolldown.rs/in-depth/directives#other-directives
[38;5;246m───╯[0m

[33m[MODULE_LEVEL_DIRECTIVE] [0mThe semantics of the module level directive "use client" in "../../node_modules/.pnpm/@base-ui+react@1.8.0_@types+react@19.2.18_react-dom@19.2.8_react@19.2.8__react@19.2.8/node_modules/@base-ui/react/dialog/description/DialogDescription.mjs" may not be preserved when bundling.
   [38;5;246m╭[0m[38;5;246m─[0m[38;5;246m[[0m ../../node_modules/.pnpm/@base-ui+react@1.8.0_@types+react@19.2.18_react-dom@19.2.8_react@19.2.8__react@19.2.8/node_modules/@base-ui/react/dialog/description/DialogDescription.mjs:1:1 [38;5;246m][0m
   [38;5;246m│[0m
 [38;5;246m1 │[0m 'use client';
 [38;5;240m  │[0m ──────┬──────  
 [38;5;240m  │[0m       ╰──────── module level directive may not be preserved
 [38;5;240m  │[0m 
 [38;5;240m  │[0m [38;5;115mHelp[0m: For more information, see https://rolldown.rs/in-depth/directives#other-directives
[38;5;246m───╯[0m

[33m[MODULE_LEVEL_DIRECTIVE] [0mThe semantics of the module level directive "use client" in "../../node_modules/.pnpm/@base-ui+react@1.8.0_@types+react@19.2.18_react-dom@19.2.8_react@19.2.8__react@19.2.8/node_modules/@base-ui/react/floating-ui-react/hooks/useTypeahead.mjs" may not be preserved when bundling.
   [38;5;246m╭[0m[38;5;246m─[0m[38;5;246m[[0m ../../node_modules/.pnpm/@base-ui+react@1.8.0_@types+react@19.2.18_react-dom@19.2.8_react@19.2.8__react@19.2.8/node_modules/@base-ui/react/floating-ui-react/hooks/useTypeahead.mjs:1:1 [38;5;246m][0m
   [38;5;246m│[0m
 [38;5;246m1 │[0m 'use client';
 [38;5;240m  │[0m ──────┬──────  
 [38;5;240m  │[0m       ╰──────── module level directive may not be preserved
 [38;5;240m  │[0m 
 [38;5;240m  │[0m [38;5;115mHelp[0m: For more information, see https://rolldown.rs/in-depth/directives#other-directives
[38;5;246m───╯[0m

[33m[MODULE_LEVEL_DIRECTIVE] [0mThe semantics of the module level directive "use client" in "../../node_modules/.pnpm/@base-ui+react@1.8.0_@types+react@19.2.18_react-dom@19.2.8_react@19.2.8__react@19.2.8/node_modules/@base-ui/react/dialog/popup/DialogPopup.mjs" may not be preserved when bundling.
   [38;5;246m╭[0m[38;5;246m─[0m[38;5;246m[[0m ../../node_modules/.pnpm/@base-ui+react@1.8.0_@types+react@19.2.18_react-dom@19.2.8_react@19.2.8__react@19.2.8/node_modules/@base-ui/react/dialog/popup/DialogPopup.mjs:1:1 [38;5;246m][0m
   [38;5;246m│[0m
 [38;5;246m1 │[0m 'use client';
 [38;5;240m  │[0m ──────┬──────  
 [38;5;240m  │[0m       ╰──────── module level directive may not be preserved
 [38;5;240m  │[0m 
 [38;5;240m  │[0m [38;5;115mHelp[0m: For more information, see https://rolldown.rs/in-depth/directives#other-directives
[38;5;246m───╯[0m

[33m[MODULE_LEVEL_DIRECTIVE] [0mThe semantics of the module level directive "use client" in "../../node_modules/.pnpm/@base-ui+utils@0.4.0_@types+react@19.2.18_react-dom@19.2.8_react@19.2.8__react@19.2.8/node_modules/@base-ui/utils/useStableCallback.mjs" may not be preserved when bundling.
   [38;5;246m╭[0m[38;5;246m─[0m[38;5;246m[[0m ../../node_modules/.pnpm/@base-ui+utils@0.4.0_@types+react@19.2.18_react-dom@19.2.8_react@19.2.8__react@19.2.8/node_modules/@base-ui/utils/useStableCallback.mjs:1:1 [38;5;246m][0m
   [38;5;246m│[0m
 [38;5;246m1 │[0m 'use client';
 [38;5;240m  │[0m ──────┬──────  
 [38;5;240m  │[0m       ╰──────── module level directive may not be preserved
 [38;5;240m  │[0m 
 [38;5;240m  │[0m [38;5;115mHelp[0m: For more information, see https://rolldown.rs/in-depth/directives#other-directives
[38;5;246m───╯[0m

[33m[MODULE_LEVEL_DIRECTIVE] [0mThe semantics of the module level directive "use client" in "../../node_modules/.pnpm/@base-ui+react@1.8.0_@types+react@19.2.18_react-dom@19.2.8_react@19.2.8__react@19.2.8/node_modules/@base-ui/react/dialog/root/DialogRoot.mjs" may not be preserved when bundling.
   [38;5;246m╭[0m[38;5;246m─[0m[38;5;246m[[0m ../../node_modules/.pnpm/@base-ui+react@1.8.0_@types+react@19.2.18_react-dom@19.2.8_react@19.2.8__react@19.2.8/node_modules/@base-ui/react/dialog/root/DialogRoot.mjs:1:1 [38;5;246m][0m
   [38;5;246m│[0m
 [38;5;246m1 │[0m 'use client';
 [38;5;240m  │[0m ──────┬──────  
 [38;5;240m  │[0m       ╰──────── module level directive may not be preserved
 [38;5;240m  │[0m 
 [38;5;240m  │[0m [38;5;115mHelp[0m: For more information, see https://rolldown.rs/in-depth/directives#other-directives
[38;5;246m───╯[0m

[33m[MODULE_LEVEL_DIRECTIVE] [0mThe semantics of the module level directive "use client" in "../../node_modules/.pnpm/@base-ui+react@1.8.0_@types+react@19.2.18_react-dom@19.2.8_react@19.2.8__react@19.2.8/node_modules/@base-ui/react/dialog/portal/DialogPortal.mjs" may not be preserved when bundling.
   [38;5;246m╭[0m[38;5;246m─[0m[38;5;246m[[0m ../../node_modules/.pnpm/@base-ui+react@1.8.0_@types+react@19.2.18_react-dom@19.2.8_react@19.2.8__react@19.2.8/node_modules/@base-ui/react/dialog/portal/DialogPortal.mjs:1:1 [38;5;246m][0m
   [38;5;246m│[0m
 [38;5;246m1 │[0m 'use client';
 [38;5;240m  │[0m ──────┬──────  
 [38;5;240m  │[0m       ╰──────── module level directive may not be preserved
 [38;5;240m  │[0m 
 [38;5;240m  │[0m [38;5;115mHelp[0m: For more information, see https://rolldown.rs/in-depth/directives#other-directives
[38;5;246m───╯[0m

[33m[MODULE_LEVEL_DIRECTIVE] [0mThe semantics of the module level directive "use client" in "../../node_modules/.pnpm/@base-ui+react@1.8.0_@types+react@19.2.18_react-dom@19.2.8_react@19.2.8__react@19.2.8/node_modules/@base-ui/react/dialog/viewport/DialogViewport.mjs" may not be preserved when bundling.
   [38;5;246m╭[0m[38;5;246m─[0m[38;5;246m[[0m ../../node_modules/.pnpm/@base-ui+react@1.8.0_@types+react@19.2.18_react-dom@19.2.8_react@19.2.8__react@19.2.8/node_modules/@base-ui/react/dialog/viewport/DialogViewport.mjs:1:1 [38;5;246m][0m
   [38;5;246m│[0m
 [38;5;246m1 │[0m 'use client';
 [38;5;240m  │[0m ──────┬──────  
 [38;5;240m  │[0m       ╰──────── module level directive may not be preserved
 [38;5;240m  │[0m 
 [38;5;240m  │[0m [38;5;115mHelp[0m: For more information, see https://rolldown.rs/in-depth/directives#other-directives
[38;5;246m───╯[0m

[33m[MODULE_LEVEL_DIRECTIVE] [0mThe semantics of the module level directive "use client" in "../../node_modules/.pnpm/@base-ui+react@1.8.0_@types+react@19.2.18_react-dom@19.2.8_react@19.2.8__react@19.2.8/node_modules/@base-ui/react/internals/composite/list/useCompositeListItem.mjs" may not be preserved when bundling.
   [38;5;246m╭[0m[38;5;246m─[0m[38;5;246m[[0m ../../node_modules/.pnpm/@base-ui+react@1.8.0_@types+react@19.2.18_react-dom@19.2.8_react@19.2.8__react@19.2.8/node_modules/@base-ui/react/internals/composite/list/useCompositeListItem.mjs:1:1 [38;5;246m][0m
   [38;5;246m│[0m
 [38;5;246m1 │[0m 'use client';
 [38;5;240m  │[0m ──────┬──────  
 [38;5;240m  │[0m       ╰──────── module level directive may not be preserved
 [38;5;240m  │[0m 
 [38;5;240m  │[0m [38;5;115mHelp[0m: For more information, see https://rolldown.rs/in-depth/directives#other-directives
[38;5;246m───╯[0m

[33m[MODULE_LEVEL_DIRECTIVE] [0mThe semantics of the module level directive "use client" in "../../node_modules/.pnpm/@base-ui+react@1.8.0_@types+react@19.2.18_react-dom@19.2.8_react@19.2.8__react@19.2.8/node_modules/@base-ui/react/floating-ui-react/hooks/useHover.mjs" may not be preserved when bundling.
   [38;5;246m╭[0m[38;5;246m─[0m[38;5;246m[[0m ../../node_modules/.pnpm/@base-ui+react@1.8.0_@types+react@19.2.18_react-dom@19.2.8_react@19.2.8__react@19.2.8/node_modules/@base-ui/react/floating-ui-react/hooks/useHover.mjs:1:1 [38;5;246m][0m
   [38;5;246m│[0m
 [38;5;246m1 │[0m 'use client';
 [38;5;240m  │[0m ──────┬──────  
 [38;5;240m  │[0m       ╰──────── module level directive may not be preserved
 [38;5;240m  │[0m 
 [38;5;240m  │[0m [38;5;115mHelp[0m: For more information, see https://rolldown.rs/in-depth/directives#other-directives
[38;5;246m───╯[0m

[33m[MODULE_LEVEL_DIRECTIVE] [0mThe semantics of the module level directive "use client" in "../../node_modules/.pnpm/@base-ui+react@1.8.0_@types+react@19.2.18_react-dom@19.2.8_react@19.2.8__react@19.2.8/node_modules/@base-ui/react/dialog/title/DialogTitle.mjs" may not be preserved when bundling.
   [38;5;246m╭[0m[38;5;246m─[0m[38;5;246m[[0m ../../node_modules/.pnpm/@base-ui+react@1.8.0_@types+react@19.2.18_react-dom@19.2.8_react@19.2.8__react@19.2.8/node_modules/@base-ui/react/dialog/title/DialogTitle.mjs:1:1 [38;5;246m][0m
   [38;5;246m│[0m
 [38;5;246m1 │[0m 'use client';
 [38;5;240m  │[0m ──────┬──────  
 [38;5;240m  │[0m       ╰──────── module level directive may not be preserved
 [38;5;240m  │[0m 
 [38;5;240m  │[0m [38;5;115mHelp[0m: For more information, see https://rolldown.rs/in-depth/directives#other-directives
[38;5;246m───╯[0m

[33m[MODULE_LEVEL_DIRECTIVE] [0mThe semantics of the module level directive "use client" in "../../node_modules/.pnpm/@base-ui+utils@0.4.0_@types+react@19.2.18_react-dom@19.2.8_react@19.2.8__react@19.2.8/node_modules/@base-ui/utils/useIsoLayoutEffect.mjs" may not be preserved when bundling.
   [38;5;246m╭[0m[38;5;246m─[0m[38;5;246m[[0m ../../node_modules/.pnpm/@base-ui+utils@0.4.0_@types+react@19.2.18_react-dom@19.2.8_react@19.2.8__react@19.2.8/node_modules/@base-ui/utils/useIsoLayoutEffect.mjs:1:1 [38;5;246m][0m
   [38;5;246m│[0m
 [38;5;246m1 │[0m 'use client';
 [38;5;240m  │[0m ──────┬──────  
 [38;5;240m  │[0m       ╰──────── module level directive may not be preserved
 [38;5;240m  │[0m 
 [38;5;240m  │[0m [38;5;115mHelp[0m: For more information, see https://rolldown.rs/in-depth/directives#other-directives
[38;5;246m───╯[0m

[33m[MODULE_LEVEL_DIRECTIVE] [0mThe semantics of the module level directive "use client" in "../../node_modules/.pnpm/@base-ui+react@1.8.0_@types+react@19.2.18_react-dom@19.2.8_react@19.2.8__react@19.2.8/node_modules/@base-ui/react/dialog/trigger/DialogTrigger.mjs" may not be preserved when bundling.
   [38;5;246m╭[0m[38;5;246m─[0m[38;5;246m[[0m ../../node_modules/.pnpm/@base-ui+react@1.8.0_@types+react@19.2.18_react-dom@19.2.8_react@19.2.8__react@19.2.8/node_modules/@base-ui/react/dialog/trigger/DialogTrigger.mjs:1:1 [38;5;246m][0m
   [38;5;246m│[0m
 [38;5;246m1 │[0m 'use client';
 [38;5;240m  │[0m ──────┬──────  
 [38;5;240m  │[0m       ╰──────── module level directive may not be preserved
 [38;5;240m  │[0m 
 [38;5;240m  │[0m [38;5;115mHelp[0m: For more information, see https://rolldown.rs/in-depth/directives#other-directives
[38;5;246m───╯[0m

[33m[MODULE_LEVEL_DIRECTIVE] [0mThe semantics of the module level directive "use client" in "../../node_modules/.pnpm/@base-ui+utils@0.4.0_@types+react@19.2.18_react-dom@19.2.8_react@19.2.8__react@19.2.8/node_modules/@base-ui/utils/useValueAsRef.mjs" may not be preserved when bundling.
   [38;5;246m╭[0m[38;5;246m─[0m[38;5;246m[[0m ../../node_modules/.pnpm/@base-ui+utils@0.4.0_@types+react@19.2.18_react-dom@19.2.8_react@19.2.8__react@19.2.8/node_modules/@base-ui/utils/useValueAsRef.mjs:1:1 [38;5;246m][0m
   [38;5;246m│[0m
 [38;5;246m1 │[0m 'use client';
 [38;5;240m  │[0m ──────┬──────  
 [38;5;240m  │[0m       ╰──────── module level directive may not be preserved
 [38;5;240m  │[0m 
 [38;5;240m  │[0m [38;5;115mHelp[0m: For more information, see https://rolldown.rs/in-depth/directives#other-directives
[38;5;246m───╯[0m

[33m[MODULE_LEVEL_DIRECTIVE] [0mThe semantics of the module level directive "use client" in "../../node_modules/.pnpm/@base-ui+react@1.8.0_@types+react@19.2.18_react-dom@19.2.8_react@19.2.8__react@19.2.8/node_modules/@base-ui/react/collapsible/panel/CollapsiblePanel.mjs" may not be preserved when bundling.
   [38;5;246m╭[0m[38;5;246m─[0m[38;5;246m[[0m ../../node_modules/.pnpm/@base-ui+react@1.8.0_@types+react@19.2.18_react-dom@19.2.8_react@19.2.8__react@19.2.8/node_modules/@base-ui/react/collapsible/panel/CollapsiblePanel.mjs:1:1 [38;5;246m][0m
   [38;5;246m│[0m
 [38;5;246m1 │[0m 'use client';
 [38;5;240m  │[0m ──────┬──────  
 [38;5;240m  │[0m       ╰──────── module level directive may not be preserved
 [38;5;240m  │[0m 
 [38;5;240m  │[0m [38;5;115mHelp[0m: For more information, see https://rolldown.rs/in-depth/directives#other-directives
[38;5;246m───╯[0m

[33m[MODULE_LEVEL_DIRECTIVE] [0mThe semantics of the module level directive "use client" in "../../node_modules/.pnpm/@base-ui+react@1.8.0_@types+react@19.2.18_react-dom@19.2.8_react@19.2.8__react@19.2.8/node_modules/@base-ui/react/accordion/header/AccordionHeader.mjs" may not be preserved when bundling.
   [38;5;246m╭[0m[38;5;246m─[0m[38;5;246m[[0m ../../node_modules/.pnpm/@base-ui+react@1.8.0_@types+react@19.2.18_react-dom@19.2.8_react@19.2.8__react@19.2.8/node_modules/@base-ui/react/accordion/header/AccordionHeader.mjs:1:1 [38;5;246m][0m
   [38;5;246m│[0m
 [38;5;246m1 │[0m 'use client';
 [38;5;240m  │[0m ──────┬──────  
 [38;5;240m  │[0m       ╰──────── module level directive may not be preserved
 [38;5;240m  │[0m 
 [38;5;240m  │[0m [38;5;115mHelp[0m: For more information, see https://rolldown.rs/in-depth/directives#other-directives
[38;5;246m───╯[0m

[33m[MODULE_LEVEL_DIRECTIVE] [0mThe semantics of the module level directive "use client" in "../../node_modules/.pnpm/@base-ui+react@1.8.0_@types+react@19.2.18_react-dom@19.2.8_react@19.2.8__react@19.2.8/node_modules/@base-ui/react/accordion/panel/AccordionPanel.mjs" may not be preserved when bundling.
   [38;5;246m╭[0m[38;5;246m─[0m[38;5;246m[[0m ../../node_modules/.pnpm/@base-ui+react@1.8.0_@types+react@19.2.18_react-dom@19.2.8_react@19.2.8__react@19.2.8/node_modules/@base-ui/react/accordion/panel/AccordionPanel.mjs:1:1 [38;5;246m][0m
   [38;5;246m│[0m
 [38;5;246m1 │[0m 'use client';
 [38;5;240m  │[0m ──────┬──────  
 [38;5;240m  │[0m       ╰──────── module level directive may not be preserved
 [38;5;240m  │[0m 
 [38;5;240m  │[0m [38;5;115mHelp[0m: For more information, see https://rolldown.rs/in-depth/directives#other-directives
[38;5;246m───╯[0m

[33m[MODULE_LEVEL_DIRECTIVE] [0mThe semantics of the module level directive "use client" in "../../node_modules/.pnpm/@base-ui+react@1.8.0_@types+react@19.2.18_react-dom@19.2.8_react@19.2.8__react@19.2.8/node_modules/@base-ui/react/accordion/root/AccordionRoot.mjs" may not be preserved when bundling.
   [38;5;246m╭[0m[38;5;246m─[0m[38;5;246m[[0m ../../node_modules/.pnpm/@base-ui+react@1.8.0_@types+react@19.2.18_react-dom@19.2.8_react@19.2.8__react@19.2.8/node_modules/@base-ui/react/accordion/root/AccordionRoot.mjs:1:1 [38;5;246m][0m
   [38;5;246m│[0m
 [38;5;246m1 │[0m 'use client';
 [38;5;240m  │[0m ──────┬──────  
 [38;5;240m  │[0m       ╰──────── module level directive may not be preserved
 [38;5;240m  │[0m 
 [38;5;240m  │[0m [38;5;115mHelp[0m: For more information, see https://rolldown.rs/in-depth/directives#other-directives
[38;5;246m───╯[0m

[33m[MODULE_LEVEL_DIRECTIVE] [0mThe semantics of the module level directive "use client" in "../../node_modules/.pnpm/@base-ui+react@1.8.0_@types+react@19.2.18_react-dom@19.2.8_react@19.2.8__react@19.2.8/node_modules/@base-ui/react/accordion/item/AccordionItem.mjs" may not be preserved when bundling.
   [38;5;246m╭[0m[38;5;246m─[0m[38;5;246m[[0m ../../node_modules/.pnpm/@base-ui+react@1.8.0_@types+react@19.2.18_react-dom@19.2.8_react@19.2.8__react@19.2.8/node_modules/@base-ui/react/accordion/item/AccordionItem.mjs:1:1 [38;5;246m][0m
   [38;5;246m│[0m
 [38;5;246m1 │[0m 'use client';
 [38;5;240m  │[0m ──────┬──────  
 [38;5;240m  │[0m       ╰──────── module level directive may not be preserved
 [38;5;240m  │[0m 
 [38;5;240m  │[0m [38;5;115mHelp[0m: For more information, see https://rolldown.rs/in-depth/directives#other-directives
[38;5;246m───╯[0m

[33m[MODULE_LEVEL_DIRECTIVE] [0mThe semantics of the module level directive "use client" in "../../node_modules/.pnpm/@base-ui+react@1.8.0_@types+react@19.2.18_react-dom@19.2.8_react@19.2.8__react@19.2.8/node_modules/@base-ui/react/accordion/trigger/AccordionTrigger.mjs" may not be preserved when bundling.
   [38;5;246m╭[0m[38;5;246m─[0m[38;5;246m[[0m ../../node_modules/.pnpm/@base-ui+react@1.8.0_@types+react@19.2.18_react-dom@19.2.8_react@19.2.8__react@19.2.8/node_modules/@base-ui/react/accordion/trigger/AccordionTrigger.mjs:1:1 [38;5;246m][0m
   [38;5;246m│[0m
 [38;5;246m1 │[0m 'use client';
 [38;5;240m  │[0m ──────┬──────  
 [38;5;240m  │[0m       ╰──────── module level directive may not be preserved
 [38;5;240m  │[0m 
 [38;5;240m  │[0m [38;5;115mHelp[0m: For more information, see https://rolldown.rs/in-depth/directives#other-directives
[38;5;246m───╯[0m

[33m[MODULE_LEVEL_DIRECTIVE] [0mThe semantics of the module level directive "use client" in "../../node_modules/.pnpm/@base-ui+react@1.8.0_@types+react@19.2.18_react-dom@19.2.8_react@19.2.8__react@19.2.8/node_modules/@base-ui/react/internals/composite/root/useCompositeRoot.mjs" may not be preserved when bundling.
   [38;5;246m╭[0m[38;5;246m─[0m[38;5;246m[[0m ../../node_modules/.pnpm/@base-ui+react@1.8.0_@types+react@19.2.18_react-dom@19.2.8_react@19.2.8__react@19.2.8/node_modules/@base-ui/react/internals/composite/root/useCompositeRoot.mjs:1:1 [38;5;246m][0m
   [38;5;246m│[0m
 [38;5;246m1 │[0m 'use client';
 [38;5;240m  │[0m ──────┬──────  
 [38;5;240m  │[0m       ╰──────── module level directive may not be preserved
 [38;5;240m  │[0m 
 [38;5;240m  │[0m [38;5;115mHelp[0m: For more information, see https://rolldown.rs/in-depth/directives#other-directives
[38;5;246m───╯[0m

[33m[MODULE_LEVEL_DIRECTIVE] [0mThe semantics of the module level directive "use client" in "../../node_modules/.pnpm/@base-ui+react@1.8.0_@types+react@19.2.18_react-dom@19.2.8_react@19.2.8__react@19.2.8/node_modules/@base-ui/react/internals/composite/item/CompositeItem.mjs" may not be preserved when bundling.
   [38;5;246m╭[0m[38;5;246m─[0m[38;5;246m[[0m ../../node_modules/.pnpm/@base-ui+react@1.8.0_@types+react@19.2.18_react-dom@19.2.8_react@19.2.8__react@19.2.8/node_modules/@base-ui/react/internals/composite/item/CompositeItem.mjs:1:1 [38;5;246m][0m
   [38;5;246m│[0m
 [38;5;246m1 │[0m 'use client';
 [38;5;240m  │[0m ──────┬──────  
 [38;5;240m  │[0m       ╰──────── module level directive may not be preserved
 [38;5;240m  │[0m 
 [38;5;240m  │[0m [38;5;115mHelp[0m: For more information, see https://rolldown.rs/in-depth/directives#other-directives
[38;5;246m───╯[0m

[33m[MODULE_LEVEL_DIRECTIVE] [0mThe semantics of the module level directive "use client" in "../../node_modules/.pnpm/@base-ui+react@1.8.0_@types+react@19.2.18_react-dom@19.2.8_react@19.2.8__react@19.2.8/node_modules/@base-ui/react/checkbox-group/CheckboxGroup.mjs" may not be preserved when bundling.
   [38;5;246m╭[0m[38;5;246m─[0m[38;5;246m[[0m ../../node_modules/.pnpm/@base-ui+react@1.8.0_@types+react@19.2.18_react-dom@19.2.8_react@19.2.8__react@19.2.8/node_modules/@base-ui/react/checkbox-group/CheckboxGroup.mjs:1:1 [38;5;246m][0m
   [38;5;246m│[0m
 [38;5;246m1 │[0m 'use client';
 [38;5;240m  │[0m ──────┬──────  
 [38;5;240m  │[0m       ╰──────── module level directive may not be preserved
 [38;5;240m  │[0m 
 [38;5;240m  │[0m [38;5;115mHelp[0m: For more information, see https://rolldown.rs/in-depth/directives#other-directives
[38;5;246m───╯[0m

[33m[MODULE_LEVEL_DIRECTIVE] [0mThe semantics of the module level directive "use client" in "../../node_modules/.pnpm/@base-ui+react@1.8.0_@types+react@19.2.18_react-dom@19.2.8_react@19.2.8__react@19.2.8/node_modules/@base-ui/react/floating-ui-react/hooks/useHoverFloatingInteraction.mjs" may not be preserved when bundling.
   [38;5;246m╭[0m[38;5;246m─[0m[38;5;246m[[0m ../../node_modules/.pnpm/@base-ui+react@1.8.0_@types+react@19.2.18_react-dom@19.2.8_react@19.2.8__react@19.2.8/node_modules/@base-ui/react/floating-ui-react/hooks/useHoverFloatingInteraction.mjs:1:1 [38;5;246m][0m
   [38;5;246m│[0m
 [38;5;246m1 │[0m 'use client';
 [38;5;240m  │[0m ──────┬──────  
 [38;5;240m  │[0m       ╰──────── module level directive may not be preserved
 [38;5;240m  │[0m 
 [38;5;240m  │[0m [38;5;115mHelp[0m: For more information, see https://rolldown.rs/in-depth/directives#other-directives
[38;5;246m───╯[0m

[33m[MODULE_LEVEL_DIRECTIVE] [0mThe semantics of the module level directive "use client" in "../../node_modules/.pnpm/@base-ui+react@1.8.0_@types+react@19.2.18_react-dom@19.2.8_react@19.2.8__react@19.2.8/node_modules/@base-ui/react/floating-ui-react/components/FloatingPortal.mjs" may not be preserved when bundling.
   [38;5;246m╭[0m[38;5;246m─[0m[38;5;246m[[0m ../../node_modules/.pnpm/@base-ui+react@1.8.0_@types+react@19.2.18_react-dom@19.2.8_react@19.2.8__react@19.2.8/node_modules/@base-ui/react/floating-ui-react/components/FloatingPortal.mjs:1:1 [38;5;246m][0m
   [38;5;246m│[0m
 [38;5;246m1 │[0m 'use client';
 [38;5;240m  │[0m ──────┬──────  
 [38;5;240m  │[0m       ╰──────── module level directive may not be preserved
 [38;5;240m  │[0m 
 [38;5;240m  │[0m [38;5;115mHelp[0m: For more information, see https://rolldown.rs/in-depth/directives#other-directives
[38;5;246m───╯[0m

[33m[MODULE_LEVEL_DIRECTIVE] [0mThe semantics of the module level directive "use client" in "../../node_modules/.pnpm/@base-ui+react@1.8.0_@types+react@19.2.18_react-dom@19.2.8_react@19.2.8__react@19.2.8/node_modules/@base-ui/react/internals/composite/list/CompositeList.mjs" may not be preserved when bundling.
   [38;5;246m╭[0m[38;5;246m─[0m[38;5;246m[[0m ../../node_modules/.pnpm/@base-ui+react@1.8.0_@types+react@19.2.18_react-dom@19.2.8_react@19.2.8__react@19.2.8/node_modules/@base-ui/react/internals/composite/list/CompositeList.mjs:2:1 [38;5;246m][0m
   [38;5;246m│[0m
 [38;5;246m2 │[0m 'use client';
 [38;5;240m  │[0m ──────┬──────  
 [38;5;240m  │[0m       ╰──────── module level directive may not be preserved
 [38;5;240m  │[0m 
 [38;5;240m  │[0m [38;5;115mHelp[0m: For more information, see https://rolldown.rs/in-depth/directives#other-directives
[38;5;246m───╯[0m

[33m[MODULE_LEVEL_DIRECTIVE] [0mThe semantics of the module level directive "use client" in "../../node_modules/.pnpm/@base-ui+react@1.8.0_@types+react@19.2.18_react-dom@19.2.8_react@19.2.8__react@19.2.8/node_modules/@base-ui/react/floating-ui-react/hooks/useClientPoint.mjs" may not be preserved when bundling.
   [38;5;246m╭[0m[38;5;246m─[0m[38;5;246m[[0m ../../node_modules/.pnpm/@base-ui+react@1.8.0_@types+react@19.2.18_react-dom@19.2.8_react@19.2.8__react@19.2.8/node_modules/@base-ui/react/floating-ui-react/hooks/useClientPoint.mjs:1:1 [38;5;246m][0m
   [38;5;246m│[0m
 [38;5;246m1 │[0m 'use client';
 [38;5;240m  │[0m ──────┬──────  
 [38;5;240m  │[0m       ╰──────── module level directive may not be preserved
 [38;5;240m  │[0m 
 [38;5;240m  │[0m [38;5;115mHelp[0m: For more information, see https://rolldown.rs/in-depth/directives#other-directives
[38;5;246m───╯[0m

[33m[MODULE_LEVEL_DIRECTIVE] [0mThe semantics of the module level directive "use client" in "../../node_modules/.pnpm/@base-ui+react@1.8.0_@types+react@19.2.18_react-dom@19.2.8_react@19.2.8__react@19.2.8/node_modules/@base-ui/react/floating-ui-react/hooks/useSyncedFloatingRootContext.mjs" may not be preserved when bundling.
   [38;5;246m╭[0m[38;5;246m─[0m[38;5;246m[[0m ../../node_modules/.pnpm/@base-ui+react@1.8.0_@types+react@19.2.18_react-dom@19.2.8_react@19.2.8__react@19.2.8/node_modules/@base-ui/react/floating-ui-react/hooks/useSyncedFloatingRootContext.mjs:1:1 [38;5;246m][0m
   [38;5;246m│[0m
 [38;5;246m1 │[0m 'use client';
 [38;5;240m  │[0m ──────┬──────  
 [38;5;240m  │[0m       ╰──────── module level directive may not be preserved
 [38;5;240m  │[0m 
 [38;5;240m  │[0m [38;5;115mHelp[0m: For more information, see https://rolldown.rs/in-depth/directives#other-directives
[38;5;246m───╯[0m

[33m[MODULE_LEVEL_DIRECTIVE] [0mThe semantics of the module level directive "use client" in "../../node_modules/.pnpm/@base-ui+react@1.8.0_@types+react@19.2.18_react-dom@19.2.8_react@19.2.8__react@19.2.8/node_modules/@base-ui/react/floating-ui-react/hooks/useFocus.mjs" may not be preserved when bundling.
   [38;5;246m╭[0m[38;5;246m─[0m[38;5;246m[[0m ../../node_modules/.pnpm/@base-ui+react@1.8.0_@types+react@19.2.18_react-dom@19.2.8_react@19.2.8__react@19.2.8/node_modules/@base-ui/react/floating-ui-react/hooks/useFocus.mjs:1:1 [38;5;246m][0m
   [38;5;246m│[0m
 [38;5;246m1 │[0m 'use client';
 [38;5;240m  │[0m ──────┬──────  
 [38;5;240m  │[0m       ╰──────── module level directive may not be preserved
 [38;5;240m  │[0m 
 [38;5;240m  │[0m [38;5;115mHelp[0m: For more information, see https://rolldown.rs/in-depth/directives#other-directives
[38;5;246m───╯[0m

[33m[MODULE_LEVEL_DIRECTIVE] [0mThe semantics of the module level directive "use client" in "../../node_modules/.pnpm/@base-ui+react@1.8.0_@types+react@19.2.18_react-dom@19.2.8_react@19.2.8__react@19.2.8/node_modules/@base-ui/react/floating-ui-react/hooks/useClick.mjs" may not be preserved when bundling.
   [38;5;246m╭[0m[38;5;246m─[0m[38;5;246m[[0m ../../node_modules/.pnpm/@base-ui+react@1.8.0_@types+react@19.2.18_react-dom@19.2.8_react@19.2.8__react@19.2.8/node_modules/@base-ui/react/floating-ui-react/hooks/useClick.mjs:1:1 [38;5;246m][0m
   [38;5;246m│[0m
 [38;5;246m1 │[0m 'use client';
 [38;5;240m  │[0m ──────┬──────  
 [38;5;240m  │[0m       ╰──────── module level directive may not be preserved
 [38;5;240m  │[0m 
 [38;5;240m  │[0m [38;5;115mHelp[0m: For more information, see https://rolldown.rs/in-depth/directives#other-directives
[38;5;246m───╯[0m

[33m[MODULE_LEVEL_DIRECTIVE] [0mThe semantics of the module level directive "use client" in "../../node_modules/.pnpm/@base-ui+react@1.8.0_@types+react@19.2.18_react-dom@19.2.8_react@19.2.8__react@19.2.8/node_modules/@base-ui/react/floating-ui-react/hooks/useDismiss.mjs" may not be preserved when bundling.
   [38;5;246m╭[0m[38;5;246m─[0m[38;5;246m[[0m ../../node_modules/.pnpm/@base-ui+react@1.8.0_@types+react@19.2.18_react-dom@19.2.8_react@19.2.8__react@19.2.8/node_modules/@base-ui/react/floating-ui-react/hooks/useDismiss.mjs:1:1 [38;5;246m][0m
   [38;5;246m│[0m
 [38;5;246m1 │[0m 'use client';
 [38;5;240m  │[0m ──────┬──────  
 [38;5;240m  │[0m       ╰──────── module level directive may not be preserved
 [38;5;240m  │[0m 
 [38;5;240m  │[0m [38;5;115mHelp[0m: For more information, see https://rolldown.rs/in-depth/directives#other-directives
[38;5;246m───╯[0m

[33m[MODULE_LEVEL_DIRECTIVE] [0mThe semantics of the module level directive "use client" in "../../node_modules/.pnpm/@base-ui+react@1.8.0_@types+react@19.2.18_react-dom@19.2.8_react@19.2.8__react@19.2.8/node_modules/@base-ui/react/floating-ui-react/hooks/useHoverReferenceInteraction.mjs" may not be preserved when bundling.
   [38;5;246m╭[0m[38;5;246m─[0m[38;5;246m[[0m ../../node_modules/.pnpm/@base-ui+react@1.8.0_@types+react@19.2.18_react-dom@19.2.8_react@19.2.8__react@19.2.8/node_modules/@base-ui/react/floating-ui-react/hooks/useHoverReferenceInteraction.mjs:1:1 [38;5;246m][0m
   [38;5;246m│[0m
 [38;5;246m1 │[0m 'use client';
 [38;5;240m  │[0m ──────┬──────  
 [38;5;240m  │[0m       ╰──────── module level directive may not be preserved
 [38;5;240m  │[0m 
 [38;5;240m  │[0m [38;5;115mHelp[0m: For more information, see https://rolldown.rs/in-depth/directives#other-directives
[38;5;246m───╯[0m

[33m[MODULE_LEVEL_DIRECTIVE] [0mThe semantics of the module level directive "use client" in "../../node_modules/.pnpm/@base-ui+react@1.8.0_@types+react@19.2.18_react-dom@19.2.8_react@19.2.8__react@19.2.8/node_modules/@base-ui/react/form/Form.mjs" may not be preserved when bundling.
   [38;5;246m╭[0m[38;5;246m─[0m[38;5;246m[[0m ../../node_modules/.pnpm/@base-ui+react@1.8.0_@types+react@19.2.18_react-dom@19.2.8_react@19.2.8__react@19.2.8/node_modules/@base-ui/react/form/Form.mjs:1:1 [38;5;246m][0m
   [38;5;246m│[0m
 [38;5;246m1 │[0m 'use client';
 [38;5;240m  │[0m ──────┬──────  
 [38;5;240m  │[0m       ╰──────── module level directive may not be preserved
 [38;5;240m  │[0m 
 [38;5;240m  │[0m [38;5;115mHelp[0m: For more information, see https://rolldown.rs/in-depth/directives#other-directives
[38;5;246m───╯[0m

[33m[MODULE_LEVEL_DIRECTIVE] [0mThe semantics of the module level directive "use client" in "../../node_modules/.pnpm/@base-ui+react@1.8.0_@types+react@19.2.18_react-dom@19.2.8_react@19.2.8__react@19.2.8/node_modules/@base-ui/react/internals/composite/root/CompositeRoot.mjs" may not be preserved when bundling.
   [38;5;246m╭[0m[38;5;246m─[0m[38;5;246m[[0m ../../node_modules/.pnpm/@base-ui+react@1.8.0_@types+react@19.2.18_react-dom@19.2.8_react@19.2.8__react@19.2.8/node_modules/@base-ui/react/internals/composite/root/CompositeRoot.mjs:1:1 [38;5;246m][0m
   [38;5;246m│[0m
 [38;5;246m1 │[0m 'use client';
 [38;5;240m  │[0m ──────┬──────  
 [38;5;240m  │[0m       ╰──────── module level directive may not be preserved
 [38;5;240m  │[0m 
 [38;5;240m  │[0m [38;5;115mHelp[0m: For more information, see https://rolldown.rs/in-depth/directives#other-directives
[38;5;246m───╯[0m

[33m[MODULE_LEVEL_DIRECTIVE] [0mThe semantics of the module level directive "use client" in "../../node_modules/.pnpm/@base-ui+react@1.8.0_@types+react@19.2.18_react-dom@19.2.8_react@19.2.8__react@19.2.8/node_modules/@base-ui/react/csp-provider/CSPProvider.mjs" may not be preserved when bundling.
   [38;5;246m╭[0m[38;5;246m─[0m[38;5;246m[[0m ../../node_modules/.pnpm/@base-ui+react@1.8.0_@types+react@19.2.18_react-dom@19.2.8_react@19.2.8__react@19.2.8/node_modules/@base-ui/react/csp-provider/CSPProvider.mjs:1:1 [38;5;246m][0m
   [38;5;246m│[0m
 [38;5;246m1 │[0m 'use client';
 [38;5;240m  │[0m ──────┬──────  
 [38;5;240m  │[0m       ╰──────── module level directive may not be preserved
 [38;5;240m  │[0m 
 [38;5;240m  │[0m [38;5;115mHelp[0m: For more information, see https://rolldown.rs/in-depth/directives#other-directives
[38;5;246m───╯[0m

[33m[MODULE_LEVEL_DIRECTIVE] [0mThe semantics of the module level directive "use client" in "../../node_modules/.pnpm/@base-ui+react@1.8.0_@types+react@19.2.18_react-dom@19.2.8_react@19.2.8__react@19.2.8/node_modules/@base-ui/react/internals/use-button/useButton.mjs" may not be preserved when bundling.
   [38;5;246m╭[0m[38;5;246m─[0m[38;5;246m[[0m ../../node_modules/.pnpm/@base-ui+react@1.8.0_@types+react@19.2.18_react-dom@19.2.8_react@19.2.8__react@19.2.8/node_modules/@base-ui/react/internals/use-button/useButton.mjs:1:1 [38;5;246m][0m
   [38;5;246m│[0m
 [38;5;246m1 │[0m 'use client';
 [38;5;240m  │[0m ──────┬──────  
 [38;5;240m  │[0m       ╰──────── module level directive may not be preserved
 [38;5;240m  │[0m 
 [38;5;240m  │[0m [38;5;115mHelp[0m: For more information, see https://rolldown.rs/in-depth/directives#other-directives
[38;5;246m───╯[0m

[33m[MODULE_LEVEL_DIRECTIVE] [0mThe semantics of the module level directive "use client" in "../../node_modules/.pnpm/@base-ui+react@1.8.0_@types+react@19.2.18_react-dom@19.2.8_react@19.2.8__react@19.2.8/node_modules/@base-ui/react/tooltip/portal/TooltipPortal.mjs" may not be preserved when bundling.
   [38;5;246m╭[0m[38;5;246m─[0m[38;5;246m[[0m ../../node_modules/.pnpm/@base-ui+react@1.8.0_@types+react@19.2.18_react-dom@19.2.8_react@19.2.8__react@19.2.8/node_modules/@base-ui/react/tooltip/portal/TooltipPortal.mjs:1:1 [38;5;246m][0m
   [38;5;246m│[0m
 [38;5;246m1 │[0m 'use client';
 [38;5;240m  │[0m ──────┬──────  
 [38;5;240m  │[0m       ╰──────── module level directive may not be preserved
 [38;5;240m  │[0m 
 [38;5;240m  │[0m [38;5;115mHelp[0m: For more information, see https://rolldown.rs/in-depth/directives#other-directives
[38;5;246m───╯[0m

[33m[MODULE_LEVEL_DIRECTIVE] [0mThe semantics of the module level directive "use client" in "../../node_modules/.pnpm/@base-ui+react@1.8.0_@types+react@19.2.18_react-dom@19.2.8_react@19.2.8__react@19.2.8/node_modules/@base-ui/react/tooltip/root/TooltipRoot.mjs" may not be preserved when bundling.
   [38;5;246m╭[0m[38;5;246m─[0m[38;5;246m[[0m ../../node_modules/.pnpm/@base-ui+react@1.8.0_@types+react@19.2.18_react-dom@19.2.8_react@19.2.8__react@19.2.8/node_modules/@base-ui/react/tooltip/root/TooltipRoot.mjs:1:1 [38;5;246m][0m
   [38;5;246m│[0m
 [38;5;246m1 │[0m 'use client';
 [38;5;240m  │[0m ──────┬──────  
 [38;5;240m  │[0m       ╰──────── module level directive may not be preserved
 [38;5;240m  │[0m 
 [38;5;240m  │[0m [38;5;115mHelp[0m: For more information, see https://rolldown.rs/in-depth/directives#other-directives
[38;5;246m───╯[0m

[33m[MODULE_LEVEL_DIRECTIVE] [0mThe semantics of the module level directive "use client" in "../../node_modules/.pnpm/@base-ui+react@1.8.0_@types+react@19.2.18_react-dom@19.2.8_react@19.2.8__react@19.2.8/node_modules/@base-ui/react/tooltip/positioner/TooltipPositioner.mjs" may not be preserved when bundling.
   [38;5;246m╭[0m[38;5;246m─[0m[38;5;246m[[0m ../../node_modules/.pnpm/@base-ui+react@1.8.0_@types+react@19.2.18_react-dom@19.2.8_react@19.2.8__react@19.2.8/node_modules/@base-ui/react/tooltip/positioner/TooltipPositioner.mjs:1:1 [38;5;246m][0m
   [38;5;246m│[0m
 [38;5;246m1 │[0m 'use client';
 [38;5;240m  │[0m ──────┬──────  
 [38;5;240m  │[0m       ╰──────── module level directive may not be preserved
 [38;5;240m  │[0m 
 [38;5;240m  │[0m [38;5;115mHelp[0m: For more information, see https://rolldown.rs/in-depth/directives#other-directives
[38;5;246m───╯[0m

[33m[MODULE_LEVEL_DIRECTIVE] [0mThe semantics of the module level directive "use client" in "../../node_modules/.pnpm/@base-ui+react@1.8.0_@types+react@19.2.18_react-dom@19.2.8_react@19.2.8__react@19.2.8/node_modules/@base-ui/react/tooltip/popup/TooltipPopup.mjs" may not be preserved when bundling.
   [38;5;246m╭[0m[38;5;246m─[0m[38;5;246m[[0m ../../node_modules/.pnpm/@base-ui+react@1.8.0_@types+react@19.2.18_react-dom@19.2.8_react@19.2.8__react@19.2.8/node_modules/@base-ui/react/tooltip/popup/TooltipPopup.mjs:1:1 [38;5;246m][0m
   [38;5;246m│[0m
 [38;5;246m1 │[0m 'use client';
 [38;5;240m  │[0m ──────┬──────  
 [38;5;240m  │[0m       ╰──────── module level directive may not be preserved
 [38;5;240m  │[0m 
 [38;5;240m  │[0m [38;5;115mHelp[0m: For more information, see https://rolldown.rs/in-depth/directives#other-directives
[38;5;246m───╯[0m

[33m[MODULE_LEVEL_DIRECTIVE] [0mThe semantics of the module level directive "use client" in "../../node_modules/.pnpm/@base-ui+react@1.8.0_@types+react@19.2.18_react-dom@19.2.8_react@19.2.8__react@19.2.8/node_modules/@base-ui/react/tooltip/arrow/TooltipArrow.mjs" may not be preserved when bundling.
   [38;5;246m╭[0m[38;5;246m─[0m[38;5;246m[[0m ../../node_modules/.pnpm/@base-ui+react@1.8.0_@types+react@19.2.18_react-dom@19.2.8_react@19.2.8__react@19.2.8/node_modules/@base-ui/react/tooltip/arrow/TooltipArrow.mjs:1:1 [38;5;246m][0m
   [38;5;246m│[0m
 [38;5;246m1 │[0m 'use client';
 [38;5;240m  │[0m ──────┬──────  
 [38;5;240m  │[0m       ╰──────── module level directive may not be preserved
 [38;5;240m  │[0m 
 [38;5;240m  │[0m [38;5;115mHelp[0m: For more information, see https://rolldown.rs/in-depth/directives#other-directives
[38;5;246m───╯[0m

[33m[MODULE_LEVEL_DIRECTIVE] [0mThe semantics of the module level directive "use client" in "../../node_modules/.pnpm/@base-ui+react@1.8.0_@types+react@19.2.18_react-dom@19.2.8_react@19.2.8__react@19.2.8/node_modules/@base-ui/react/tooltip/trigger/TooltipTrigger.mjs" may not be preserved when bundling.
   [38;5;246m╭[0m[38;5;246m─[0m[38;5;246m[[0m ../../node_modules/.pnpm/@base-ui+react@1.8.0_@types+react@19.2.18_react-dom@19.2.8_react@19.2.8__react@19.2.8/node_modules/@base-ui/react/tooltip/trigger/TooltipTrigger.mjs:1:1 [38;5;246m][0m
   [38;5;246m│[0m
 [38;5;246m1 │[0m 'use client';
 [38;5;240m  │[0m ──────┬──────  
 [38;5;240m  │[0m       ╰──────── module level directive may not be preserved
 [38;5;240m  │[0m 
 [38;5;240m  │[0m [38;5;115mHelp[0m: For more information, see https://rolldown.rs/in-depth/directives#other-directives
[38;5;246m───╯[0m

[33m[MODULE_LEVEL_DIRECTIVE] [0mThe semantics of the module level directive "use client" in "../../node_modules/.pnpm/@base-ui+react@1.8.0_@types+react@19.2.18_react-dom@19.2.8_react@19.2.8__react@19.2.8/node_modules/@base-ui/react/toast/content/ToastContent.mjs" may not be preserved when bundling.
   [38;5;246m╭[0m[38;5;246m─[0m[38;5;246m[[0m ../../node_modules/.pnpm/@base-ui+react@1.8.0_@types+react@19.2.18_react-dom@19.2.8_react@19.2.8__react@19.2.8/node_modules/@base-ui/react/toast/content/ToastContent.mjs:1:1 [38;5;246m][0m
   [38;5;246m│[0m
 [38;5;246m1 │[0m 'use client';
 [38;5;240m  │[0m ──────┬──────  
 [38;5;240m  │[0m       ╰──────── module level directive may not be preserved
 [38;5;240m  │[0m 
 [38;5;240m  │[0m [38;5;115mHelp[0m: For more information, see https://rolldown.rs/in-depth/directives#other-directives
[38;5;246m───╯[0m

[33m[MODULE_LEVEL_DIRECTIVE] [0mThe semantics of the module level directive "use client" in "../../node_modules/.pnpm/@base-ui+react@1.8.0_@types+react@19.2.18_react-dom@19.2.8_react@19.2.8__react@19.2.8/node_modules/@base-ui/react/toast/title/ToastTitle.mjs" may not be preserved when bundling.
   [38;5;246m╭[0m[38;5;246m─[0m[38;5;246m[[0m ../../node_modules/.pnpm/@base-ui+react@1.8.0_@types+react@19.2.18_react-dom@19.2.8_react@19.2.8__react@19.2.8/node_modules/@base-ui/react/toast/title/ToastTitle.mjs:1:1 [38;5;246m][0m
   [38;5;246m│[0m
 [38;5;246m1 │[0m 'use client';
 [38;5;240m  │[0m ──────┬──────  
 [38;5;240m  │[0m       ╰──────── module level directive may not be preserved
 [38;5;240m  │[0m 
 [38;5;240m  │[0m [38;5;115mHelp[0m: For more information, see https://rolldown.rs/in-depth/directives#other-directives
[38;5;246m───╯[0m

[33m[MODULE_LEVEL_DIRECTIVE] [0mThe semantics of the module level directive "use client" in "../../node_modules/.pnpm/@base-ui+react@1.8.0_@types+react@19.2.18_react-dom@19.2.8_react@19.2.8__react@19.2.8/node_modules/@base-ui/react/toast/provider/ToastProvider.mjs" may not be preserved when bundling.
   [38;5;246m╭[0m[38;5;246m─[0m[38;5;246m[[0m ../../node_modules/.pnpm/@base-ui+react@1.8.0_@types+react@19.2.18_react-dom@19.2.8_react@19.2.8__react@19.2.8/node_modules/@base-ui/react/toast/provider/ToastProvider.mjs:1:1 [38;5;246m][0m
   [38;5;246m│[0m
 [38;5;246m1 │[0m 'use client';
 [38;5;240m  │[0m ──────┬──────  
 [38;5;240m  │[0m       ╰──────── module level directive may not be preserved
 [38;5;240m  │[0m 
 [38;5;240m  │[0m [38;5;115mHelp[0m: For more information, see https://rolldown.rs/in-depth/directives#other-directives
[38;5;246m───╯[0m

[33m[MODULE_LEVEL_DIRECTIVE] [0mThe semantics of the module level directive "use client" in "../../node_modules/.pnpm/@base-ui+react@1.8.0_@types+react@19.2.18_react-dom@19.2.8_react@19.2.8__react@19.2.8/node_modules/@base-ui/react/toast/action/ToastAction.mjs" may not be preserved when bundling.
   [38;5;246m╭[0m[38;5;246m─[0m[38;5;246m[[0m ../../node_modules/.pnpm/@base-ui+react@1.8.0_@types+react@19.2.18_react-dom@19.2.8_react@19.2.8__react@19.2.8/node_modules/@base-ui/react/toast/action/ToastAction.mjs:1:1 [38;5;246m][0m
   [38;5;246m│[0m
 [38;5;246m1 │[0m 'use client';
 [38;5;240m  │[0m ──────┬──────  
 [38;5;240m  │[0m       ╰──────── module level directive may not be preserved
 [38;5;240m  │[0m 
 [38;5;240m  │[0m [38;5;115mHelp[0m: For more information, see https://rolldown.rs/in-depth/directives#other-directives
[38;5;246m───╯[0m

[33m[MODULE_LEVEL_DIRECTIVE] [0mThe semantics of the module level directive "use client" in "../../node_modules/.pnpm/@base-ui+react@1.8.0_@types+react@19.2.18_react-dom@19.2.8_react@19.2.8__react@19.2.8/node_modules/@base-ui/react/toast/close/ToastClose.mjs" may not be preserved when bundling.
   [38;5;246m╭[0m[38;5;246m─[0m[38;5;246m[[0m ../../node_modules/.pnpm/@base-ui+react@1.8.0_@types+react@19.2.18_react-dom@19.2.8_react@19.2.8__react@19.2.8/node_modules/@base-ui/react/toast/close/ToastClose.mjs:1:1 [38;5;246m][0m
   [38;5;246m│[0m
 [38;5;246m1 │[0m 'use client';
 [38;5;240m  │[0m ──────┬──────  
 [38;5;240m  │[0m       ╰──────── module level directive may not be preserved
 [38;5;240m  │[0m 
 [38;5;240m  │[0m [38;5;115mHelp[0m: For more information, see https://rolldown.rs/in-depth/directives#other-directives
[38;5;246m───╯[0m

[33m[MODULE_LEVEL_DIRECTIVE] [0mThe semantics of the module level directive "use client" in "../../node_modules/.pnpm/@base-ui+react@1.8.0_@types+react@19.2.18_react-dom@19.2.8_react@19.2.8__react@19.2.8/node_modules/@base-ui/react/toast/portal/ToastPortal.mjs" may not be preserved when bundling.
   [38;5;246m╭[0m[38;5;246m─[0m[38;5;246m[[0m ../../node_modules/.pnpm/@base-ui+react@1.8.0_@types+react@19.2.18_react-dom@19.2.8_react@19.2.8__react@19.2.8/node_modules/@base-ui/react/toast/portal/ToastPortal.mjs:1:1 [38;5;246m][0m
   [38;5;246m│[0m
 [38;5;246m1 │[0m 'use client';
 [38;5;240m  │[0m ──────┬──────  
 [38;5;240m  │[0m       ╰──────── module level directive may not be preserved
 [38;5;240m  │[0m 
 [38;5;240m  │[0m [38;5;115mHelp[0m: For more information, see https://rolldown.rs/in-depth/directives#other-directives
[38;5;246m───╯[0m

[33m[MODULE_LEVEL_DIRECTIVE] [0mThe semantics of the module level directive "use client" in "../../node_modules/.pnpm/@base-ui+react@1.8.0_@types+react@19.2.18_react-dom@19.2.8_react@19.2.8__react@19.2.8/node_modules/@base-ui/react/avatar/fallback/AvatarFallback.mjs" may not be preserved when bundling.
   [38;5;246m╭[0m[38;5;246m─[0m[38;5;246m[[0m ../../node_modules/.pnpm/@base-ui+react@1.8.0_@types+react@19.2.18_react-dom@19.2.8_react@19.2.8__react@19.2.8/node_modules/@base-ui/react/avatar/fallback/AvatarFallback.mjs:1:1 [38;5;246m][0m
   [38;5;246m│[0m
 [38;5;246m1 │[0m 'use client';
 [38;5;240m  │[0m ──────┬──────  
 [38;5;240m  │[0m       ╰──────── module level directive may not be preserved
 [38;5;240m  │[0m 
 [38;5;240m  │[0m [38;5;115mHelp[0m: For more information, see https://rolldown.rs/in-depth/directives#other-directives
[38;5;246m───╯[0m

[33m[MODULE_LEVEL_DIRECTIVE] [0mThe semantics of the module level directive "use client" in "../../node_modules/.pnpm/@base-ui+react@1.8.0_@types+react@19.2.18_react-dom@19.2.8_react@19.2.8__react@19.2.8/node_modules/@base-ui/react/toast/positioner/ToastPositioner.mjs" may not be preserved when bundling.
   [38;5;246m╭[0m[38;5;246m─[0m[38;5;246m[[0m ../../node_modules/.pnpm/@base-ui+react@1.8.0_@types+react@19.2.18_react-dom@19.2.8_react@19.2.8__react@19.2.8/node_modules/@base-ui/react/toast/positioner/ToastPositioner.mjs:1:1 [38;5;246m][0m
   [38;5;246m│[0m
 [38;5;246m1 │[0m 'use client';
 [38;5;240m  │[0m ──────┬──────  
 [38;5;240m  │[0m       ╰──────── module level directive may not be preserved
 [38;5;240m  │[0m 
 [38;5;240m  │[0m [38;5;115mHelp[0m: For more information, see https://rolldown.rs/in-depth/directives#other-directives
[38;5;246m───╯[0m

[33m[MODULE_LEVEL_DIRECTIVE] [0mThe semantics of the module level directive "use client" in "../../node_modules/.pnpm/@base-ui+react@1.8.0_@types+react@19.2.18_react-dom@19.2.8_react@19.2.8__react@19.2.8/node_modules/@base-ui/react/toast/useToastManager.mjs" may not be preserved when bundling.
   [38;5;246m╭[0m[38;5;246m─[0m[38;5;246m[[0m ../../node_modules/.pnpm/@base-ui+react@1.8.0_@types+react@19.2.18_react-dom@19.2.8_react@19.2.8__react@19.2.8/node_modules/@base-ui/react/toast/useToastManager.mjs:1:1 [38;5;246m][0m
   [38;5;246m│[0m
 [38;5;246m1 │[0m 'use client';
 [38;5;240m  │[0m ──────┬──────  
 [38;5;240m  │[0m       ╰──────── module level directive may not be preserved
 [38;5;240m  │[0m 
 [38;5;240m  │[0m [38;5;115mHelp[0m: For more information, see https://rolldown.rs/in-depth/directives#other-directives
[38;5;246m───╯[0m

[33m[MODULE_LEVEL_DIRECTIVE] [0mThe semantics of the module level directive "use client" in "../../node_modules/.pnpm/@base-ui+react@1.8.0_@types+react@19.2.18_react-dom@19.2.8_react@19.2.8__react@19.2.8/node_modules/@base-ui/react/toast/arrow/ToastArrow.mjs" may not be preserved when bundling.
   [38;5;246m╭[0m[38;5;246m─[0m[38;5;246m[[0m ../../node_modules/.pnpm/@base-ui+react@1.8.0_@types+react@19.2.18_react-dom@19.2.8_react@19.2.8__react@19.2.8/node_modules/@base-ui/react/toast/arrow/ToastArrow.mjs:1:1 [38;5;246m][0m
   [38;5;246m│[0m
 [38;5;246m1 │[0m 'use client';
 [38;5;240m  │[0m ──────┬──────  
 [38;5;240m  │[0m       ╰──────── module level directive may not be preserved
 [38;5;240m  │[0m 
 [38;5;240m  │[0m [38;5;115mHelp[0m: For more information, see https://rolldown.rs/in-depth/directives#other-directives
[38;5;246m───╯[0m

[33m[MODULE_LEVEL_DIRECTIVE] [0mThe semantics of the module level directive "use client" in "../../node_modules/.pnpm/@base-ui+react@1.8.0_@types+react@19.2.18_react-dom@19.2.8_react@19.2.8__react@19.2.8/node_modules/@base-ui/react/toggle-group/ToggleGroupContext.mjs" may not be preserved when bundling.
   [38;5;246m╭[0m[38;5;246m─[0m[38;5;246m[[0m ../../node_modules/.pnpm/@base-ui+react@1.8.0_@types+react@19.2.18_react-dom@19.2.8_react@19.2.8__react@19.2.8/node_modules/@base-ui/react/toggle-group/ToggleGroupContext.mjs:1:1 [38;5;246m][0m
   [38;5;246m│[0m
 [38;5;246m1 │[0m 'use client';
 [38;5;240m  │[0m ──────┬──────  
 [38;5;240m  │[0m       ╰──────── module level directive may not be preserved
 [38;5;240m  │[0m 
 [38;5;240m  │[0m [38;5;115mHelp[0m: For more information, see https://rolldown.rs/in-depth/directives#other-directives
[38;5;246m───╯[0m

[33m[MODULE_LEVEL_DIRECTIVE] [0mThe semantics of the module level directive "use client" in "../../node_modules/.pnpm/@base-ui+react@1.8.0_@types+react@19.2.18_react-dom@19.2.8_react@19.2.8__react@19.2.8/node_modules/@base-ui/react/avatar/root/AvatarRoot.mjs" may not be preserved when bundling.
   [38;5;246m╭[0m[38;5;246m─[0m[38;5;246m[[0m ../../node_modules/.pnpm/@base-ui+react@1.8.0_@types+react@19.2.18_react-dom@19.2.8_react@19.2.8__react@19.2.8/node_modules/@base-ui/react/avatar/root/AvatarRoot.mjs:1:1 [38;5;246m][0m
   [38;5;246m│[0m
 [38;5;246m1 │[0m 'use client';
 [38;5;240m  │[0m ──────┬──────  
 [38;5;240m  │[0m       ╰──────── module level directive may not be preserved
 [38;5;240m  │[0m 
 [38;5;240m  │[0m [38;5;115mHelp[0m: For more information, see https://rolldown.rs/in-depth/directives#other-directives
[38;5;246m───╯[0m

[33m[MODULE_LEVEL_DIRECTIVE] [0mThe semantics of the module level directive "use client" in "../../node_modules/.pnpm/@base-ui+react@1.8.0_@types+react@19.2.18_react-dom@19.2.8_react@19.2.8__react@19.2.8/node_modules/@base-ui/react/fieldset/legend/FieldsetLegend.mjs" may not be preserved when bundling.
   [38;5;246m╭[0m[38;5;246m─[0m[38;5;246m[[0m ../../node_modules/.pnpm/@base-ui+react@1.8.0_@types+react@19.2.18_react-dom@19.2.8_react@19.2.8__react@19.2.8/node_modules/@base-ui/react/fieldset/legend/FieldsetLegend.mjs:1:1 [38;5;246m][0m
   [38;5;246m│[0m
 [38;5;246m1 │[0m 'use client';
 [38;5;240m  │[0m ──────┬──────  
 [38;5;240m  │[0m       ╰──────── module level directive may not be preserved
 [38;5;240m  │[0m 
 [38;5;240m  │[0m [38;5;115mHelp[0m: For more information, see https://rolldown.rs/in-depth/directives#other-directives
[38;5;246m───╯[0m

[33m[MODULE_LEVEL_DIRECTIVE] [0mThe semantics of the module level directive "use client" in "../../node_modules/.pnpm/@base-ui+react@1.8.0_@types+react@19.2.18_react-dom@19.2.8_react@19.2.8__react@19.2.8/node_modules/@base-ui/react/switch/thumb/SwitchThumb.mjs" may not be preserved when bundling.
   [38;5;246m╭[0m[38;5;246m─[0m[38;5;246m[[0m ../../node_modules/.pnpm/@base-ui+react@1.8.0_@types+react@19.2.18_react-dom@19.2.8_react@19.2.8__react@19.2.8/node_modules/@base-ui/react/switch/thumb/SwitchThumb.mjs:1:1 [38;5;246m][0m
   [38;5;246m│[0m
 [38;5;246m1 │[0m 'use client';
 [38;5;240m  │[0m ──────┬──────  
 [38;5;240m  │[0m       ╰──────── module level directive may not be preserved
 [38;5;240m  │[0m 
 [38;5;240m  │[0m [38;5;115mHelp[0m: For more information, see https://rolldown.rs/in-depth/directives#other-directives
[38;5;246m───╯[0m

[33m[MODULE_LEVEL_DIRECTIVE] [0mThe semantics of the module level directive "use client" in "../../node_modules/.pnpm/@base-ui+react@1.8.0_@types+react@19.2.18_react-dom@19.2.8_react@19.2.8__react@19.2.8/node_modules/@base-ui/react/avatar/image/AvatarImage.mjs" may not be preserved when bundling.
   [38;5;246m╭[0m[38;5;246m─[0m[38;5;246m[[0m ../../node_modules/.pnpm/@base-ui+react@1.8.0_@types+react@19.2.18_react-dom@19.2.8_react@19.2.8__react@19.2.8/node_modules/@base-ui/react/avatar/image/AvatarImage.mjs:1:1 [38;5;246m][0m
   [38;5;246m│[0m
 [38;5;246m1 │[0m 'use client';
 [38;5;240m  │[0m ──────┬──────  
 [38;5;240m  │[0m       ╰──────── module level directive may not be preserved
 [38;5;240m  │[0m 
 [38;5;240m  │[0m [38;5;115mHelp[0m: For more information, see https://rolldown.rs/in-depth/directives#other-directives
[38;5;246m───╯[0m

[33m[MODULE_LEVEL_DIRECTIVE] [0mThe semantics of the module level directive "use client" in "../../node_modules/.pnpm/@base-ui+utils@0.4.0_@types+react@19.2.18_react-dom@19.2.8_react@19.2.8__react@19.2.8/node_modules/@base-ui/utils/useControlled.mjs" may not be preserved when bundling.
   [38;5;246m╭[0m[38;5;246m─[0m[38;5;246m[[0m ../../node_modules/.pnpm/@base-ui+utils@0.4.0_@types+react@19.2.18_react-dom@19.2.8_react@19.2.8__react@19.2.8/node_modules/@base-ui/utils/useControlled.mjs:1:1 [38;5;246m][0m
   [38;5;246m│[0m
 [38;5;246m1 │[0m 'use client';
 [38;5;240m  │[0m ──────┬──────  
 [38;5;240m  │[0m       ╰──────── module level directive may not be preserved
 [38;5;240m  │[0m 
 [38;5;240m  │[0m [38;5;115mHelp[0m: For more information, see https://rolldown.rs/in-depth/directives#other-directives
[38;5;246m───╯[0m

[33m[MODULE_LEVEL_DIRECTIVE] [0mThe semantics of the module level directive "use client" in "../../node_modules/.pnpm/@base-ui+react@1.8.0_@types+react@19.2.18_react-dom@19.2.8_react@19.2.8__react@19.2.8/node_modules/@base-ui/react/toolbar/root/ToolbarRootContext.mjs" may not be preserved when bundling.
   [38;5;246m╭[0m[38;5;246m─[0m[38;5;246m[[0m ../../node_modules/.pnpm/@base-ui+react@1.8.0_@types+react@19.2.18_react-dom@19.2.8_react@19.2.8__react@19.2.8/node_modules/@base-ui/react/toolbar/root/ToolbarRootContext.mjs:1:1 [38;5;246m][0m
   [38;5;246m│[0m
 [38;5;246m1 │[0m 'use client';
 [38;5;240m  │[0m ──────┬──────  
 [38;5;240m  │[0m       ╰──────── module level directive may not be preserved
 [38;5;240m  │[0m 
 [38;5;240m  │[0m [38;5;115mHelp[0m: For more information, see https://rolldown.rs/in-depth/directives#other-directives
[38;5;246m───╯[0m

[33m[MODULE_LEVEL_DIRECTIVE] [0mThe semantics of the module level directive "use client" in "../../node_modules/.pnpm/@base-ui+react@1.8.0_@types+react@19.2.18_react-dom@19.2.8_react@19.2.8__react@19.2.8/node_modules/@base-ui/react/switch/root/SwitchRoot.mjs" may not be preserved when bundling.
   [38;5;246m╭[0m[38;5;246m─[0m[38;5;246m[[0m ../../node_modules/.pnpm/@base-ui+react@1.8.0_@types+react@19.2.18_react-dom@19.2.8_react@19.2.8__react@19.2.8/node_modules/@base-ui/react/switch/root/SwitchRoot.mjs:1:1 [38;5;246m][0m
   [38;5;246m│[0m
 [38;5;246m1 │[0m 'use client';
 [38;5;240m  │[0m ──────┬──────  
 [38;5;240m  │[0m       ╰──────── module level directive may not be preserved
 [38;5;240m  │[0m 
 [38;5;240m  │[0m [38;5;115mHelp[0m: For more information, see https://rolldown.rs/in-depth/directives#other-directives
[38;5;246m───╯[0m

[33m[MODULE_LEVEL_DIRECTIVE] [0mThe semantics of the module level directive "use client" in "../../node_modules/.pnpm/@base-ui+utils@0.4.0_@types+react@19.2.18_react-dom@19.2.8_react@19.2.8__react@19.2.8/node_modules/@base-ui/utils/useAnimationFrame.mjs" may not be preserved when bundling.
   [38;5;246m╭[0m[38;5;246m─[0m[38;5;246m[[0m ../../node_modules/.pnpm/@base-ui+utils@0.4.0_@types+react@19.2.18_react-dom@19.2.8_react@19.2.8__react@19.2.8/node_modules/@base-ui/utils/useAnimationFrame.mjs:1:1 [38;5;246m][0m
   [38;5;246m│[0m
 [38;5;246m1 │[0m 'use client';
 [38;5;240m  │[0m ──────┬──────  
 [38;5;240m  │[0m       ╰──────── module level directive may not be preserved
 [38;5;240m  │[0m 
 [38;5;240m  │[0m [38;5;115mHelp[0m: For more information, see https://rolldown.rs/in-depth/directives#other-directives
[38;5;246m───╯[0m

[33m[MODULE_LEVEL_DIRECTIVE] [0mThe semantics of the module level directive "use client" in "../../node_modules/.pnpm/@base-ui+react@1.8.0_@types+react@19.2.18_react-dom@19.2.8_react@19.2.8__react@19.2.8/node_modules/@base-ui/react/scroll-area/scrollbar/ScrollAreaScrollbar.mjs" may not be preserved when bundling.
   [38;5;246m╭[0m[38;5;246m─[0m[38;5;246m[[0m ../../node_modules/.pnpm/@base-ui+react@1.8.0_@types+react@19.2.18_react-dom@19.2.8_react@19.2.8__react@19.2.8/node_modules/@base-ui/react/scroll-area/scrollbar/ScrollAreaScrollbar.mjs:1:1 [38;5;246m][0m
   [38;5;246m│[0m
 [38;5;246m1 │[0m 'use client';
 [38;5;240m  │[0m ──────┬──────  
 [38;5;240m  │[0m       ╰──────── module level directive may not be preserved
 [38;5;240m  │[0m 
 [38;5;240m  │[0m [38;5;115mHelp[0m: For more information, see https://rolldown.rs/in-depth/directives#other-directives
[38;5;246m───╯[0m

[33m[MODULE_LEVEL_DIRECTIVE] [0mThe semantics of the module level directive "use client" in "../../node_modules/.pnpm/@base-ui+react@1.8.0_@types+react@19.2.18_react-dom@19.2.8_react@19.2.8__react@19.2.8/node_modules/@base-ui/react/toolbar/group/ToolbarGroupContext.mjs" may not be preserved when bundling.
   [38;5;246m╭[0m[38;5;246m─[0m[38;5;246m[[0m ../../node_modules/.pnpm/@base-ui+react@1.8.0_@types+react@19.2.18_react-dom@19.2.8_react@19.2.8__react@19.2.8/node_modules/@base-ui/react/toolbar/group/ToolbarGroupContext.mjs:1:1 [38;5;246m][0m
   [38;5;246m│[0m
 [38;5;246m1 │[0m 'use client';
 [38;5;240m  │[0m ──────┬──────  
 [38;5;240m  │[0m       ╰──────── module level directive may not be preserved
 [38;5;240m  │[0m 
 [38;5;240m  │[0m [38;5;115mHelp[0m: For more information, see https://rolldown.rs/in-depth/directives#other-directives
[38;5;246m───╯[0m

[33m[MODULE_LEVEL_DIRECTIVE] [0mThe semantics of the module level directive "use client" in "../../node_modules/.pnpm/@base-ui+react@1.8.0_@types+react@19.2.18_react-dom@19.2.8_react@19.2.8__react@19.2.8/node_modules/@base-ui/react/utils/FocusGuard.mjs" may not be preserved when bundling.
   [38;5;246m╭[0m[38;5;246m─[0m[38;5;246m[[0m ../../node_modules/.pnpm/@base-ui+react@1.8.0_@types+react@19.2.18_react-dom@19.2.8_react@19.2.8__react@19.2.8/node_modules/@base-ui/react/utils/FocusGuard.mjs:1:1 [38;5;246m][0m
   [38;5;246m│[0m
 [38;5;246m1 │[0m 'use client';
 [38;5;240m  │[0m ──────┬──────  
 [38;5;240m  │[0m       ╰──────── module level directive may not be preserved
 [38;5;240m  │[0m 
 [38;5;240m  │[0m [38;5;115mHelp[0m: For more information, see https://rolldown.rs/in-depth/directives#other-directives
[38;5;246m───╯[0m

[33m[MODULE_LEVEL_DIRECTIVE] [0mThe semantics of the module level directive "use client" in "../../node_modules/.pnpm/@base-ui+react@1.8.0_@types+react@19.2.18_react-dom@19.2.8_react@19.2.8__react@19.2.8/node_modules/@base-ui/react/menu/backdrop/MenuBackdrop.mjs" may not be preserved when bundling.
   [38;5;246m╭[0m[38;5;246m─[0m[38;5;246m[[0m ../../node_modules/.pnpm/@base-ui+react@1.8.0_@types+react@19.2.18_react-dom@19.2.8_react@19.2.8__react@19.2.8/node_modules/@base-ui/react/menu/backdrop/MenuBackdrop.mjs:1:1 [38;5;246m][0m
   [38;5;246m│[0m
 [38;5;246m1 │[0m 'use client';
 [38;5;240m  │[0m ──────┬──────  
 [38;5;240m  │[0m       ╰──────── module level directive may not be preserved
 [38;5;240m  │[0m 
 [38;5;240m  │[0m [38;5;115mHelp[0m: For more information, see https://rolldown.rs/in-depth/directives#other-directives
[38;5;246m───╯[0m

[33m[MODULE_LEVEL_DIRECTIVE] [0mThe semantics of the module level directive "use client" in "../../node_modules/.pnpm/@base-ui+utils@0.4.0_@types+react@19.2.18_react-dom@19.2.8_react@19.2.8__react@19.2.8/node_modules/@base-ui/utils/useTimeout.mjs" may not be preserved when bundling.
   [38;5;246m╭[0m[38;5;246m─[0m[38;5;246m[[0m ../../node_modules/.pnpm/@base-ui+utils@0.4.0_@types+react@19.2.18_react-dom@19.2.8_react@19.2.8__react@19.2.8/node_modules/@base-ui/utils/useTimeout.mjs:1:1 [38;5;246m][0m
   [38;5;246m│[0m
 [38;5;246m1 │[0m 'use client';
 [38;5;240m  │[0m ──────┬──────  
 [38;5;240m  │[0m       ╰──────── module level directive may not be preserved
 [38;5;240m  │[0m 
 [38;5;240m  │[0m [38;5;115mHelp[0m: For more information, see https://rolldown.rs/in-depth/directives#other-directives
[38;5;246m───╯[0m

[33m[MODULE_LEVEL_DIRECTIVE] [0mThe semantics of the module level directive "use client" in "../../node_modules/.pnpm/@base-ui+utils@0.4.0_@types+react@19.2.18_react-dom@19.2.8_react@19.2.8__react@19.2.8/node_modules/@base-ui/utils/useRefWithInit.mjs" may not be preserved when bundling.
   [38;5;246m╭[0m[38;5;246m─[0m[38;5;246m[[0m ../../node_modules/.pnpm/@base-ui+utils@0.4.0_@types+react@19.2.18_react-dom@19.2.8_react@19.2.8__react@19.2.8/node_modules/@base-ui/utils/useRefWithInit.mjs:1:1 [38;5;246m][0m
   [38;5;246m│[0m
 [38;5;246m1 │[0m 'use client';
 [38;5;240m  │[0m ──────┬──────  
 [38;5;240m  │[0m       ╰──────── module level directive may not be preserved
 [38;5;240m  │[0m 
 [38;5;240m  │[0m [38;5;115mHelp[0m: For more information, see https://rolldown.rs/in-depth/directives#other-directives
[38;5;246m───╯[0m

[33m[MODULE_LEVEL_DIRECTIVE] [0mThe semantics of the module level directive "use client" in "../../node_modules/.pnpm/@base-ui+react@1.8.0_@types+react@19.2.18_react-dom@19.2.8_react@19.2.8__react@19.2.8/node_modules/@base-ui/react/menu/checkbox-item-indicator/MenuCheckboxItemIndicator.mjs" may not be preserved when bundling.
   [38;5;246m╭[0m[38;5;246m─[0m[38;5;246m[[0m ../../node_modules/.pnpm/@base-ui+react@1.8.0_@types+react@19.2.18_react-dom@19.2.8_react@19.2.8__react@19.2.8/node_modules/@base-ui/react/menu/checkbox-item-indicator/MenuCheckboxItemIndicator.mjs:1:1 [38;5;246m][0m
   [38;5;246m│[0m
 [38;5;246m1 │[0m 'use client';
 [38;5;240m  │[0m ──────┬──────  
 [38;5;240m  │[0m       ╰──────── module level directive may not be preserved
 [38;5;240m  │[0m 
 [38;5;240m  │[0m [38;5;115mHelp[0m: For more information, see https://rolldown.rs/in-depth/directives#other-directives
[38;5;246m───╯[0m

[33m[MODULE_LEVEL_DIRECTIVE] [0mThe semantics of the module level directive "use client" in "../../node_modules/.pnpm/@base-ui+react@1.8.0_@types+react@19.2.18_react-dom@19.2.8_react@19.2.8__react@19.2.8/node_modules/@base-ui/react/menu/checkbox-item/MenuCheckboxItem.mjs" may not be preserved when bundling.
   [38;5;246m╭[0m[38;5;246m─[0m[38;5;246m[[0m ../../node_modules/.pnpm/@base-ui+react@1.8.0_@types+react@19.2.18_react-dom@19.2.8_react@19.2.8__react@19.2.8/node_modules/@base-ui/react/menu/checkbox-item/MenuCheckboxItem.mjs:1:1 [38;5;246m][0m
   [38;5;246m│[0m
 [38;5;246m1 │[0m 'use client';
 [38;5;240m  │[0m ──────┬──────  
 [38;5;240m  │[0m       ╰──────── module level directive may not be preserved
 [38;5;240m  │[0m 
 [38;5;240m  │[0m [38;5;115mHelp[0m: For more information, see https://rolldown.rs/in-depth/directives#other-directives
[38;5;246m───╯[0m

[33m[MODULE_LEVEL_DIRECTIVE] [0mThe semantics of the module level directive "use client" in "../../node_modules/.pnpm/@base-ui+react@1.8.0_@types+react@19.2.18_react-dom@19.2.8_react@19.2.8__react@19.2.8/node_modules/@base-ui/react/scroll-area/thumb/ScrollAreaThumb.mjs" may not be preserved when bundling.
   [38;5;246m╭[0m[38;5;246m─[0m[38;5;246m[[0m ../../node_modules/.pnpm/@base-ui+react@1.8.0_@types+react@19.2.18_react-dom@19.2.8_react@19.2.8__react@19.2.8/node_modules/@base-ui/react/scroll-area/thumb/ScrollAreaThumb.mjs:1:1 [38;5;246m][0m
   [38;5;246m│[0m
 [38;5;246m1 │[0m 'use client';
 [38;5;240m  │[0m ──────┬──────  
 [38;5;240m  │[0m       ╰──────── module level directive may not be preserved
 [38;5;240m  │[0m 
 [38;5;240m  │[0m [38;5;115mHelp[0m: For more information, see https://rolldown.rs/in-depth/directives#other-directives
[38;5;246m───╯[0m

[33m[MODULE_LEVEL_DIRECTIVE] [0mThe semantics of the module level directive "use client" in "../../node_modules/.pnpm/@base-ui+react@1.8.0_@types+react@19.2.18_react-dom@19.2.8_react@19.2.8__react@19.2.8/node_modules/@base-ui/react/meter/label/MeterLabel.mjs" may not be preserved when bundling.
   [38;5;246m╭[0m[38;5;246m─[0m[38;5;246m[[0m ../../node_modules/.pnpm/@base-ui+react@1.8.0_@types+react@19.2.18_react-dom@19.2.8_react@19.2.8__react@19.2.8/node_modules/@base-ui/react/meter/label/MeterLabel.mjs:1:1 [38;5;246m][0m
   [38;5;246m│[0m
 [38;5;246m1 │[0m 'use client';
 [38;5;240m  │[0m ──────┬──────  
 [38;5;240m  │[0m       ╰──────── module level directive may not be preserved
 [38;5;240m  │[0m 
 [38;5;240m  │[0m [38;5;115mHelp[0m: For more information, see https://rolldown.rs/in-depth/directives#other-directives
[38;5;246m───╯[0m

[33m[MODULE_LEVEL_DIRECTIVE] [0mThe semantics of the module level directive "use client" in "../../node_modules/.pnpm/@base-ui+react@1.8.0_@types+react@19.2.18_react-dom@19.2.8_react@19.2.8__react@19.2.8/node_modules/@base-ui/react/scroll-area/viewport/ScrollAreaViewport.mjs" may not be preserved when bundling.
   [38;5;246m╭[0m[38;5;246m─[0m[38;5;246m[[0m ../../node_modules/.pnpm/@base-ui+react@1.8.0_@types+react@19.2.18_react-dom@19.2.8_react@19.2.8__react@19.2.8/node_modules/@base-ui/react/scroll-area/viewport/ScrollAreaViewport.mjs:1:1 [38;5;246m][0m
   [38;5;246m│[0m
 [38;5;246m1 │[0m 'use client';
 [38;5;240m  │[0m ──────┬──────  
 [38;5;240m  │[0m       ╰──────── module level directive may not be preserved
 [38;5;240m  │[0m 
 [38;5;240m  │[0m [38;5;115mHelp[0m: For more information, see https://rolldown.rs/in-depth/directives#other-directives
[38;5;246m───╯[0m

[33m[MODULE_LEVEL_DIRECTIVE] [0mThe semantics of the module level directive "use client" in "../../node_modules/.pnpm/@base-ui+react@1.8.0_@types+react@19.2.18_react-dom@19.2.8_react@19.2.8__react@19.2.8/node_modules/@base-ui/react/scroll-area/root/ScrollAreaRoot.mjs" may not be preserved when bundling.
   [38;5;246m╭[0m[38;5;246m─[0m[38;5;246m[[0m ../../node_modules/.pnpm/@base-ui+react@1.8.0_@types+react@19.2.18_react-dom@19.2.8_react@19.2.8__react@19.2.8/node_modules/@base-ui/react/scroll-area/root/ScrollAreaRoot.mjs:1:1 [38;5;246m][0m
   [38;5;246m│[0m
 [38;5;246m1 │[0m 'use client';
 [38;5;240m  │[0m ──────┬──────  
 [38;5;240m  │[0m       ╰──────── module level directive may not be preserved
 [38;5;240m  │[0m 
 [38;5;240m  │[0m [38;5;115mHelp[0m: For more information, see https://rolldown.rs/in-depth/directives#other-directives
[38;5;246m───╯[0m

[33m[MODULE_LEVEL_DIRECTIVE] [0mThe semantics of the module level directive "use client" in "../../node_modules/.pnpm/@base-ui+utils@0.4.0_@types+react@19.2.18_react-dom@19.2.8_react@19.2.8__react@19.2.8/node_modules/@base-ui/utils/useId.mjs" may not be preserved when bundling.
   [38;5;246m╭[0m[38;5;246m─[0m[38;5;246m[[0m ../../node_modules/.pnpm/@base-ui+utils@0.4.0_@types+react@19.2.18_react-dom@19.2.8_react@19.2.8__react@19.2.8/node_modules/@base-ui/utils/useId.mjs:1:1 [38;5;246m][0m
   [38;5;246m│[0m
 [38;5;246m1 │[0m 'use client';
 [38;5;240m  │[0m ──────┬──────  
 [38;5;240m  │[0m       ╰──────── module level directive may not be preserved
 [38;5;240m  │[0m 
 [38;5;240m  │[0m [38;5;115mHelp[0m: For more information, see https://rolldown.rs/in-depth/directives#other-directives
[38;5;246m───╯[0m

[33m[MODULE_LEVEL_DIRECTIVE] [0mThe semantics of the module level directive "use client" in "../../node_modules/.pnpm/@base-ui+react@1.8.0_@types+react@19.2.18_react-dom@19.2.8_react@19.2.8__react@19.2.8/node_modules/@base-ui/react/internals/useBaseUiId.mjs" may not be preserved when bundling.
   [38;5;246m╭[0m[38;5;246m─[0m[38;5;246m[[0m ../../node_modules/.pnpm/@base-ui+react@1.8.0_@types+react@19.2.18_react-dom@19.2.8_react@19.2.8__react@19.2.8/node_modules/@base-ui/react/internals/useBaseUiId.mjs:1:1 [38;5;246m][0m
   [38;5;246m│[0m
 [38;5;246m1 │[0m 'use client';
 [38;5;240m  │[0m ──────┬──────  
 [38;5;240m  │[0m       ╰──────── module level directive may not be preserved
 [38;5;240m  │[0m 
 [38;5;240m  │[0m [38;5;115mHelp[0m: For more information, see https://rolldown.rs/in-depth/directives#other-directives
[38;5;246m───╯[0m

[33m[MODULE_LEVEL_DIRECTIVE] [0mThe semantics of the module level directive "use client" in "../../node_modules/.pnpm/@base-ui+react@1.8.0_@types+react@19.2.18_react-dom@19.2.8_react@19.2.8__react@19.2.8/node_modules/@base-ui/react/menubar/MenubarContext.mjs" may not be preserved when bundling.
   [38;5;246m╭[0m[38;5;246m─[0m[38;5;246m[[0m ../../node_modules/.pnpm/@base-ui+react@1.8.0_@types+react@19.2.18_react-dom@19.2.8_react@19.2.8__react@19.2.8/node_modules/@base-ui/react/menubar/MenubarContext.mjs:1:1 [38;5;246m][0m
   [38;5;246m│[0m
 [38;5;246m1 │[0m 'use client';
 [38;5;240m  │[0m ──────┬──────  
 [38;5;240m  │[0m       ╰──────── module level directive may not be preserved
 [38;5;240m  │[0m 
 [38;5;240m  │[0m [38;5;115mHelp[0m: For more information, see https://rolldown.rs/in-depth/directives#other-directives
[38;5;246m───╯[0m

[33m[MODULE_LEVEL_DIRECTIVE] [0mThe semantics of the module level directive "use client" in "../../node_modules/.pnpm/@base-ui+react@1.8.0_@types+react@19.2.18_react-dom@19.2.8_react@19.2.8__react@19.2.8/node_modules/@base-ui/react/menu/group/MenuGroup.mjs" may not be preserved when bundling.
   [38;5;246m╭[0m[38;5;246m─[0m[38;5;246m[[0m ../../node_modules/.pnpm/@base-ui+react@1.8.0_@types+react@19.2.18_react-dom@19.2.8_react@19.2.8__react@19.2.8/node_modules/@base-ui/react/menu/group/MenuGroup.mjs:1:1 [38;5;246m][0m
   [38;5;246m│[0m
 [38;5;246m1 │[0m 'use client';
 [38;5;240m  │[0m ──────┬──────  
 [38;5;240m  │[0m       ╰──────── module level directive may not be preserved
 [38;5;240m  │[0m 
 [38;5;240m  │[0m [38;5;115mHelp[0m: For more information, see https://rolldown.rs/in-depth/directives#other-directives
[38;5;246m───╯[0m

[33m[MODULE_LEVEL_DIRECTIVE] [0mThe semantics of the module level directive "use client" in "../../node_modules/.pnpm/@base-ui+react@1.8.0_@types+react@19.2.18_react-dom@19.2.8_react@19.2.8__react@19.2.8/node_modules/@base-ui/react/tooltip/provider/TooltipProvider.mjs" may not be preserved when bundling.
   [38;5;246m╭[0m[38;5;246m─[0m[38;5;246m[[0m ../../node_modules/.pnpm/@base-ui+react@1.8.0_@types+react@19.2.18_react-dom@19.2.8_react@19.2.8__react@19.2.8/node_modules/@base-ui/react/tooltip/provider/TooltipProvider.mjs:1:1 [38;5;246m][0m
   [38;5;246m│[0m
 [38;5;246m1 │[0m 'use client';
 [38;5;240m  │[0m ──────┬──────  
 [38;5;240m  │[0m       ╰──────── module level directive may not be preserved
 [38;5;240m  │[0m 
 [38;5;240m  │[0m [38;5;115mHelp[0m: For more information, see https://rolldown.rs/in-depth/directives#other-directives
[38;5;246m───╯[0m

[33m[MODULE_LEVEL_DIRECTIVE] [0mThe semantics of the module level directive "use client" in "../../node_modules/.pnpm/@base-ui+react@1.8.0_@types+react@19.2.18_react-dom@19.2.8_react@19.2.8__react@19.2.8/node_modules/@base-ui/react/fieldset/root/FieldsetRoot.mjs" may not be preserved when bundling.
   [38;5;246m╭[0m[38;5;246m─[0m[38;5;246m[[0m ../../node_modules/.pnpm/@base-ui+react@1.8.0_@types+react@19.2.18_react-dom@19.2.8_react@19.2.8__react@19.2.8/node_modules/@base-ui/react/fieldset/root/FieldsetRoot.mjs:1:1 [38;5;246m][0m
   [38;5;246m│[0m
 [38;5;246m1 │[0m 'use client';
 [38;5;240m  │[0m ──────┬──────  
 [38;5;240m  │[0m       ╰──────── module level directive may not be preserved
 [38;5;240m  │[0m 
 [38;5;240m  │[0m [38;5;115mHelp[0m: For more information, see https://rolldown.rs/in-depth/directives#other-directives
[38;5;246m───╯[0m

[33m[MODULE_LEVEL_DIRECTIVE] [0mThe semantics of the module level directive "use client" in "../../node_modules/.pnpm/@base-ui+react@1.8.0_@types+react@19.2.18_react-dom@19.2.8_react@19.2.8__react@19.2.8/node_modules/@base-ui/react/menu/arrow/MenuArrow.mjs" may not be preserved when bundling.
   [38;5;246m╭[0m[38;5;246m─[0m[38;5;246m[[0m ../../node_modules/.pnpm/@base-ui+react@1.8.0_@types+react@19.2.18_react-dom@19.2.8_react@19.2.8__react@19.2.8/node_modules/@base-ui/react/menu/arrow/MenuArrow.mjs:1:1 [38;5;246m][0m
   [38;5;246m│[0m
 [38;5;246m1 │[0m 'use client';
 [38;5;240m  │[0m ──────┬──────  
 [38;5;240m  │[0m       ╰──────── module level directive may not be preserved
 [38;5;240m  │[0m 
 [38;5;240m  │[0m [38;5;115mHelp[0m: For more information, see https://rolldown.rs/in-depth/directives#other-directives
[38;5;246m───╯[0m

[33m[MODULE_LEVEL_DIRECTIVE] [0mThe semantics of the module level directive "use client" in "../../node_modules/.pnpm/@base-ui+react@1.8.0_@types+react@19.2.18_react-dom@19.2.8_react@19.2.8__react@19.2.8/node_modules/@base-ui/react/tooltip/viewport/TooltipViewport.mjs" may not be preserved when bundling.
   [38;5;246m╭[0m[38;5;246m─[0m[38;5;246m[[0m ../../node_modules/.pnpm/@base-ui+react@1.8.0_@types+react@19.2.18_react-dom@19.2.8_react@19.2.8__react@19.2.8/node_modules/@base-ui/react/tooltip/viewport/TooltipViewport.mjs:1:1 [38;5;246m][0m
   [38;5;246m│[0m
 [38;5;246m1 │[0m 'use client';
 [38;5;240m  │[0m ──────┬──────  
 [38;5;240m  │[0m       ╰──────── module level directive may not be preserved
 [38;5;240m  │[0m 
 [38;5;240m  │[0m [38;5;115mHelp[0m: For more information, see https://rolldown.rs/in-depth/directives#other-directives
[38;5;246m───╯[0m

[33m[MODULE_LEVEL_DIRECTIVE] [0mThe semantics of the module level directive "use client" in "../../node_modules/.pnpm/@base-ui+react@1.8.0_@types+react@19.2.18_react-dom@19.2.8_react@19.2.8__react@19.2.8/node_modules/@base-ui/react/scroll-area/content/ScrollAreaContent.mjs" may not be preserved when bundling.
   [38;5;246m╭[0m[38;5;246m─[0m[38;5;246m[[0m ../../node_modules/.pnpm/@base-ui+react@1.8.0_@types+react@19.2.18_react-dom@19.2.8_react@19.2.8__react@19.2.8/node_modules/@base-ui/react/scroll-area/content/ScrollAreaContent.mjs:1:1 [38;5;246m][0m
   [38;5;246m│[0m
 [38;5;246m1 │[0m 'use client';
 [38;5;240m  │[0m ──────┬──────  
 [38;5;240m  │[0m       ╰──────── module level directive may not be preserved
 [38;5;240m  │[0m 
 [38;5;240m  │[0m [38;5;115mHelp[0m: For more information, see https://rolldown.rs/in-depth/directives#other-directives
[38;5;246m───╯[0m

[33m[MODULE_LEVEL_DIRECTIVE] [0mThe semantics of the module level directive "use client" in "../../node_modules/.pnpm/@base-ui+react@1.8.0_@types+react@19.2.18_react-dom@19.2.8_react@19.2.8__react@19.2.8/node_modules/@base-ui/react/context-menu/positioner/ContextMenuPositioner.mjs" may not be preserved when bundling.
   [38;5;246m╭[0m[38;5;246m─[0m[38;5;246m[[0m ../../node_modules/.pnpm/@base-ui+react@1.8.0_@types+react@19.2.18_react-dom@19.2.8_react@19.2.8__react@19.2.8/node_modules/@base-ui/react/context-menu/positioner/ContextMenuPositioner.mjs:1:1 [38;5;246m][0m
   [38;5;246m│[0m
 [38;5;246m1 │[0m 'use client';
 [38;5;240m  │[0m ──────┬──────  
 [38;5;240m  │[0m       ╰──────── module level directive may not be preserved
 [38;5;240m  │[0m 
 [38;5;240m  │[0m [38;5;115mHelp[0m: For more information, see https://rolldown.rs/in-depth/directives#other-directives
[38;5;246m───╯[0m

[33m[MODULE_LEVEL_DIRECTIVE] [0mThe semantics of the module level directive "use client" in "../../node_modules/.pnpm/@base-ui+react@1.8.0_@types+react@19.2.18_react-dom@19.2.8_react@19.2.8__react@19.2.8/node_modules/@base-ui/react/meter/value/MeterValue.mjs" may not be preserved when bundling.
   [38;5;246m╭[0m[38;5;246m─[0m[38;5;246m[[0m ../../node_modules/.pnpm/@base-ui+react@1.8.0_@types+react@19.2.18_react-dom@19.2.8_react@19.2.8__react@19.2.8/node_modules/@base-ui/react/meter/value/MeterValue.mjs:1:1 [38;5;246m][0m
   [38;5;246m│[0m
 [38;5;246m1 │[0m 'use client';
 [38;5;240m  │[0m ──────┬──────  
 [38;5;240m  │[0m       ╰──────── module level directive may not be preserved
 [38;5;240m  │[0m 
 [38;5;240m  │[0m [38;5;115mHelp[0m: For more information, see https://rolldown.rs/in-depth/directives#other-directives
[38;5;246m───╯[0m

[33m[MODULE_LEVEL_DIRECTIVE] [0mThe semantics of the module level directive "use client" in "../../node_modules/.pnpm/@base-ui+react@1.8.0_@types+react@19.2.18_react-dom@19.2.8_react@19.2.8__react@19.2.8/node_modules/@base-ui/react/menu/group-label/MenuGroupLabel.mjs" may not be preserved when bundling.
   [38;5;246m╭[0m[38;5;246m─[0m[38;5;246m[[0m ../../node_modules/.pnpm/@base-ui+react@1.8.0_@types+react@19.2.18_react-dom@19.2.8_react@19.2.8__react@19.2.8/node_modules/@base-ui/react/menu/group-label/MenuGroupLabel.mjs:1:1 [38;5;246m][0m
   [38;5;246m│[0m
 [38;5;246m1 │[0m 'use client';
 [38;5;240m  │[0m ──────┬──────  
 [38;5;240m  │[0m       ╰──────── module level directive may not be preserved
 [38;5;240m  │[0m 
 [38;5;240m  │[0m [38;5;115mHelp[0m: For more information, see https://rolldown.rs/in-depth/directives#other-directives
[38;5;246m───╯[0m

[33m[MODULE_LEVEL_DIRECTIVE] [0mThe semantics of the module level directive "use client" in "../../node_modules/.pnpm/@base-ui+react@1.8.0_@types+react@19.2.18_react-dom@19.2.8_react@19.2.8__react@19.2.8/node_modules/@base-ui/react/toast/viewport/ToastViewport.mjs" may not be preserved when bundling.
   [38;5;246m╭[0m[38;5;246m─[0m[38;5;246m[[0m ../../node_modules/.pnpm/@base-ui+react@1.8.0_@types+react@19.2.18_react-dom@19.2.8_react@19.2.8__react@19.2.8/node_modules/@base-ui/react/toast/viewport/ToastViewport.mjs:1:1 [38;5;246m][0m
   [38;5;246m│[0m
 [38;5;246m1 │[0m 'use client';
 [38;5;240m  │[0m ──────┬──────  
 [38;5;240m  │[0m       ╰──────── module level directive may not be preserved
 [38;5;240m  │[0m 
 [38;5;240m  │[0m [38;5;115mHelp[0m: For more information, see https://rolldown.rs/in-depth/directives#other-directives
[38;5;246m───╯[0m

[33m[MODULE_LEVEL_DIRECTIVE] [0mThe semantics of the module level directive "use client" in "../../node_modules/.pnpm/@base-ui+react@1.8.0_@types+react@19.2.18_react-dom@19.2.8_react@19.2.8__react@19.2.8/node_modules/@base-ui/react/toast/description/ToastDescription.mjs" may not be preserved when bundling.
   [38;5;246m╭[0m[38;5;246m─[0m[38;5;246m[[0m ../../node_modules/.pnpm/@base-ui+react@1.8.0_@types+react@19.2.18_react-dom@19.2.8_react@19.2.8__react@19.2.8/node_modules/@base-ui/react/toast/description/ToastDescription.mjs:1:1 [38;5;246m][0m
   [38;5;246m│[0m
 [38;5;246m1 │[0m 'use client';
 [38;5;240m  │[0m ──────┬──────  
 [38;5;240m  │[0m       ╰──────── module level directive may not be preserved
 [38;5;240m  │[0m 
 [38;5;240m  │[0m [38;5;115mHelp[0m: For more information, see https://rolldown.rs/in-depth/directives#other-directives
[38;5;246m───╯[0m

[33m[MODULE_LEVEL_DIRECTIVE] [0mThe semantics of the module level directive "use client" in "../../node_modules/.pnpm/@base-ui+react@1.8.0_@types+react@19.2.18_react-dom@19.2.8_react@19.2.8__react@19.2.8/node_modules/@base-ui/react/menu/item/MenuItem.mjs" may not be preserved when bundling.
   [38;5;246m╭[0m[38;5;246m─[0m[38;5;246m[[0m ../../node_modules/.pnpm/@base-ui+react@1.8.0_@types+react@19.2.18_react-dom@19.2.8_react@19.2.8__react@19.2.8/node_modules/@base-ui/react/menu/item/MenuItem.mjs:1:1 [38;5;246m][0m
   [38;5;246m│[0m
 [38;5;246m1 │[0m 'use client';
 [38;5;240m  │[0m ──────┬──────  
 [38;5;240m  │[0m       ╰──────── module level directive may not be preserved
 [38;5;240m  │[0m 
 [38;5;240m  │[0m [38;5;115mHelp[0m: For more information, see https://rolldown.rs/in-depth/directives#other-directives
[38;5;246m───╯[0m

[33m[MODULE_LEVEL_DIRECTIVE] [0mThe semantics of the module level directive "use client" in "../../node_modules/.pnpm/@base-ui+react@1.8.0_@types+react@19.2.18_react-dom@19.2.8_react@19.2.8__react@19.2.8/node_modules/@base-ui/react/menu/portal/MenuPortal.mjs" may not be preserved when bundling.
   [38;5;246m╭[0m[38;5;246m─[0m[38;5;246m[[0m ../../node_modules/.pnpm/@base-ui+react@1.8.0_@types+react@19.2.18_react-dom@19.2.8_react@19.2.8__react@19.2.8/node_modules/@base-ui/react/menu/portal/MenuPortal.mjs:1:1 [38;5;246m][0m
   [38;5;246m│[0m
 [38;5;246m1 │[0m 'use client';
 [38;5;240m  │[0m ──────┬──────  
 [38;5;240m  │[0m       ╰──────── module level directive may not be preserved
 [38;5;240m  │[0m 
 [38;5;240m  │[0m [38;5;115mHelp[0m: For more information, see https://rolldown.rs/in-depth/directives#other-directives
[38;5;246m───╯[0m

[33m[MODULE_LEVEL_DIRECTIVE] [0mThe semantics of the module level directive "use client" in "../../node_modules/.pnpm/@base-ui+react@1.8.0_@types+react@19.2.18_react-dom@19.2.8_react@19.2.8__react@19.2.8/node_modules/@base-ui/react/collapsible/root/useCollapsibleRoot.mjs" may not be preserved when bundling.
   [38;5;246m╭[0m[38;5;246m─[0m[38;5;246m[[0m ../../node_modules/.pnpm/@base-ui+react@1.8.0_@types+react@19.2.18_react-dom@19.2.8_react@19.2.8__react@19.2.8/node_modules/@base-ui/react/collapsible/root/useCollapsibleRoot.mjs:1:1 [38;5;246m][0m
   [38;5;246m│[0m
 [38;5;246m1 │[0m 'use client';
 [38;5;240m  │[0m ──────┬──────  
 [38;5;240m  │[0m       ╰──────── module level directive may not be preserved
 [38;5;240m  │[0m 
 [38;5;240m  │[0m [38;5;115mHelp[0m: For more information, see https://rolldown.rs/in-depth/directives#other-directives
[38;5;246m───╯[0m

[33m[MODULE_LEVEL_DIRECTIVE] [0mThe semantics of the module level directive "use client" in "../../node_modules/.pnpm/@base-ui+react@1.8.0_@types+react@19.2.18_react-dom@19.2.8_react@19.2.8__react@19.2.8/node_modules/@base-ui/react/internals/field-root-context/FieldRootContext.mjs" may not be preserved when bundling.
   [38;5;246m╭[0m[38;5;246m─[0m[38;5;246m[[0m ../../node_modules/.pnpm/@base-ui+react@1.8.0_@types+react@19.2.18_react-dom@19.2.8_react@19.2.8__react@19.2.8/node_modules/@base-ui/react/internals/field-root-context/FieldRootContext.mjs:1:1 [38;5;246m][0m
   [38;5;246m│[0m
 [38;5;246m1 │[0m 'use client';
 [38;5;240m  │[0m ──────┬──────  
 [38;5;240m  │[0m       ╰──────── module level directive may not be preserved
 [38;5;240m  │[0m 
 [38;5;240m  │[0m [38;5;115mHelp[0m: For more information, see https://rolldown.rs/in-depth/directives#other-directives
[38;5;246m───╯[0m

[33m[MODULE_LEVEL_DIRECTIVE] [0mThe semantics of the module level directive "use client" in "../../node_modules/.pnpm/@base-ui+react@1.8.0_@types+react@19.2.18_react-dom@19.2.8_react@19.2.8__react@19.2.8/node_modules/@base-ui/react/toast/root/ToastRoot.mjs" may not be preserved when bundling.
   [38;5;246m╭[0m[38;5;246m─[0m[38;5;246m[[0m ../../node_modules/.pnpm/@base-ui+react@1.8.0_@types+react@19.2.18_react-dom@19.2.8_react@19.2.8__react@19.2.8/node_modules/@base-ui/react/toast/root/ToastRoot.mjs:1:1 [38;5;246m][0m
   [38;5;246m│[0m
 [38;5;246m1 │[0m 'use client';
 [38;5;240m  │[0m ──────┬──────  
 [38;5;240m  │[0m       ╰──────── module level directive may not be preserved
 [38;5;240m  │[0m 
 [38;5;240m  │[0m [38;5;115mHelp[0m: For more information, see https://rolldown.rs/in-depth/directives#other-directives
[38;5;246m───╯[0m

[33m[MODULE_LEVEL_DIRECTIVE] [0mThe semantics of the module level directive "use client" in "../../node_modules/.pnpm/@base-ui+react@1.8.0_@types+react@19.2.18_react-dom@19.2.8_react@19.2.8__react@19.2.8/node_modules/@base-ui/react/field/item/FieldItem.mjs" may not be preserved when bundling.
   [38;5;246m╭[0m[38;5;246m─[0m[38;5;246m[[0m ../../node_modules/.pnpm/@base-ui+react@1.8.0_@types+react@19.2.18_react-dom@19.2.8_react@19.2.8__react@19.2.8/node_modules/@base-ui/react/field/item/FieldItem.mjs:1:1 [38;5;246m][0m
   [38;5;246m│[0m
 [38;5;246m1 │[0m 'use client';
 [38;5;240m  │[0m ──────┬──────  
 [38;5;240m  │[0m       ╰──────── module level directive may not be preserved
 [38;5;240m  │[0m 
 [38;5;240m  │[0m [38;5;115mHelp[0m: For more information, see https://rolldown.rs/in-depth/directives#other-directives
[38;5;246m───╯[0m

[33m[MODULE_LEVEL_DIRECTIVE] [0mThe semantics of the module level directive "use client" in "../../node_modules/.pnpm/@base-ui+react@1.8.0_@types+react@19.2.18_react-dom@19.2.8_react@19.2.8__react@19.2.8/node_modules/@base-ui/react/menu/popup/MenuPopup.mjs" may not be preserved when bundling.
   [38;5;246m╭[0m[38;5;246m─[0m[38;5;246m[[0m ../../node_modules/.pnpm/@base-ui+react@1.8.0_@types+react@19.2.18_react-dom@19.2.8_react@19.2.8__react@19.2.8/node_modules/@base-ui/react/menu/popup/MenuPopup.mjs:1:1 [38;5;246m][0m
   [38;5;246m│[0m
 [38;5;246m1 │[0m 'use client';
 [38;5;240m  │[0m ──────┬──────  
 [38;5;240m  │[0m       ╰──────── module level directive may not be preserved
 [38;5;240m  │[0m 
 [38;5;240m  │[0m [38;5;115mHelp[0m: For more information, see https://rolldown.rs/in-depth/directives#other-directives
[38;5;246m───╯[0m

[33m[MODULE_LEVEL_DIRECTIVE] [0mThe semantics of the module level directive "use client" in "../../node_modules/.pnpm/@base-ui+react@1.8.0_@types+react@19.2.18_react-dom@19.2.8_react@19.2.8__react@19.2.8/node_modules/@base-ui/react/radio/root/RadioRoot.mjs" may not be preserved when bundling.
   [38;5;246m╭[0m[38;5;246m─[0m[38;5;246m[[0m ../../node_modules/.pnpm/@base-ui+react@1.8.0_@types+react@19.2.18_react-dom@19.2.8_react@19.2.8__react@19.2.8/node_modules/@base-ui/react/radio/root/RadioRoot.mjs:1:1 [38;5;246m][0m
   [38;5;246m│[0m
 [38;5;246m1 │[0m 'use client';
 [38;5;240m  │[0m ──────┬──────  
 [38;5;240m  │[0m       ╰──────── module level directive may not be preserved
 [38;5;240m  │[0m 
 [38;5;240m  │[0m [38;5;115mHelp[0m: For more information, see https://rolldown.rs/in-depth/directives#other-directives
[38;5;246m───╯[0m

[33m[MODULE_LEVEL_DIRECTIVE] [0mThe semantics of the module level directive "use client" in "../../node_modules/.pnpm/@base-ui+react@1.8.0_@types+react@19.2.18_react-dom@19.2.8_react@19.2.8__react@19.2.8/node_modules/@base-ui/react/menu/link-item/MenuLinkItem.mjs" may not be preserved when bundling.
   [38;5;246m╭[0m[38;5;246m─[0m[38;5;246m[[0m ../../node_modules/.pnpm/@base-ui+react@1.8.0_@types+react@19.2.18_react-dom@19.2.8_react@19.2.8__react@19.2.8/node_modules/@base-ui/react/menu/link-item/MenuLinkItem.mjs:1:1 [38;5;246m][0m
   [38;5;246m│[0m
 [38;5;246m1 │[0m 'use client';
 [38;5;240m  │[0m ──────┬──────  
 [38;5;240m  │[0m       ╰──────── module level directive may not be preserved
 [38;5;240m  │[0m 
 [38;5;240m  │[0m [38;5;115mHelp[0m: For more information, see https://rolldown.rs/in-depth/directives#other-directives
[38;5;246m───╯[0m

[33m[MODULE_LEVEL_DIRECTIVE] [0mThe semantics of the module level directive "use client" in "../../node_modules/.pnpm/@base-ui+react@1.8.0_@types+react@19.2.18_react-dom@19.2.8_react@19.2.8__react@19.2.8/node_modules/@base-ui/react/field/root/FieldRoot.mjs" may not be preserved when bundling.
   [38;5;246m╭[0m[38;5;246m─[0m[38;5;246m[[0m ../../node_modules/.pnpm/@base-ui+react@1.8.0_@types+react@19.2.18_react-dom@19.2.8_react@19.2.8__react@19.2.8/node_modules/@base-ui/react/field/root/FieldRoot.mjs:1:1 [38;5;246m][0m
   [38;5;246m│[0m
 [38;5;246m1 │[0m 'use client';
 [38;5;240m  │[0m ──────┬──────  
 [38;5;240m  │[0m       ╰──────── module level directive may not be preserved
 [38;5;240m  │[0m 
 [38;5;240m  │[0m [38;5;115mHelp[0m: For more information, see https://rolldown.rs/in-depth/directives#other-directives
[38;5;246m───╯[0m

[33m[MODULE_LEVEL_DIRECTIVE] [0mThe semantics of the module level directive "use client" in "../../node_modules/.pnpm/@base-ui+react@1.8.0_@types+react@19.2.18_react-dom@19.2.8_react@19.2.8__react@19.2.8/node_modules/@base-ui/react/menu/radio-group/MenuRadioGroup.mjs" may not be preserved when bundling.
   [38;5;246m╭[0m[38;5;246m─[0m[38;5;246m[[0m ../../node_modules/.pnpm/@base-ui+react@1.8.0_@types+react@19.2.18_react-dom@19.2.8_react@19.2.8__react@19.2.8/node_modules/@base-ui/react/menu/radio-group/MenuRadioGroup.mjs:1:1 [38;5;246m][0m
   [38;5;246m│[0m
 [38;5;246m1 │[0m 'use client';
 [38;5;240m  │[0m ──────┬──────  
 [38;5;240m  │[0m       ╰──────── module level directive may not be preserved
 [38;5;240m  │[0m 
 [38;5;240m  │[0m [38;5;115mHelp[0m: For more information, see https://rolldown.rs/in-depth/directives#other-directives
[38;5;246m───╯[0m

[33m[MODULE_LEVEL_DIRECTIVE] [0mThe semantics of the module level directive "use client" in "../../node_modules/.pnpm/@base-ui+react@1.8.0_@types+react@19.2.18_react-dom@19.2.8_react@19.2.8__react@19.2.8/node_modules/@base-ui/react/field/control/FieldControl.mjs" may not be preserved when bundling.
   [38;5;246m╭[0m[38;5;246m─[0m[38;5;246m[[0m ../../node_modules/.pnpm/@base-ui+react@1.8.0_@types+react@19.2.18_react-dom@19.2.8_react@19.2.8__react@19.2.8/node_modules/@base-ui/react/field/control/FieldControl.mjs:1:1 [38;5;246m][0m
   [38;5;246m│[0m
 [38;5;246m1 │[0m 'use client';
 [38;5;240m  │[0m ──────┬──────  
 [38;5;240m  │[0m       ╰──────── module level directive may not be preserved
 [38;5;240m  │[0m 
 [38;5;240m  │[0m [38;5;115mHelp[0m: For more information, see https://rolldown.rs/in-depth/directives#other-directives
[38;5;246m───╯[0m

[33m[MODULE_LEVEL_DIRECTIVE] [0mThe semantics of the module level directive "use client" in "../../node_modules/.pnpm/@base-ui+react@1.8.0_@types+react@19.2.18_react-dom@19.2.8_react@19.2.8__react@19.2.8/node_modules/@base-ui/react/field/error/FieldError.mjs" may not be preserved when bundling.
   [38;5;246m╭[0m[38;5;246m─[0m[38;5;246m[[0m ../../node_modules/.pnpm/@base-ui+react@1.8.0_@types+react@19.2.18_react-dom@19.2.8_react@19.2.8__react@19.2.8/node_modules/@base-ui/react/field/error/FieldError.mjs:1:1 [38;5;246m][0m
   [38;5;246m│[0m
 [38;5;246m1 │[0m 'use client';
 [38;5;240m  │[0m ──────┬──────  
 [38;5;240m  │[0m       ╰──────── module level directive may not be preserved
 [38;5;240m  │[0m 
 [38;5;240m  │[0m [38;5;115mHelp[0m: For more information, see https://rolldown.rs/in-depth/directives#other-directives
[38;5;246m───╯[0m

[33m[MODULE_LEVEL_DIRECTIVE] [0mThe semantics of the module level directive "use client" in "../../node_modules/.pnpm/@base-ui+react@1.8.0_@types+react@19.2.18_react-dom@19.2.8_react@19.2.8__react@19.2.8/node_modules/@base-ui/react/field/description/FieldDescription.mjs" may not be preserved when bundling.
   [38;5;246m╭[0m[38;5;246m─[0m[38;5;246m[[0m ../../node_modules/.pnpm/@base-ui+react@1.8.0_@types+react@19.2.18_react-dom@19.2.8_react@19.2.8__react@19.2.8/node_modules/@base-ui/react/field/description/FieldDescription.mjs:1:1 [38;5;246m][0m
   [38;5;246m│[0m
 [38;5;246m1 │[0m 'use client';
 [38;5;240m  │[0m ──────┬──────  
 [38;5;240m  │[0m       ╰──────── module level directive may not be preserved
 [38;5;240m  │[0m 
 [38;5;240m  │[0m [38;5;115mHelp[0m: For more information, see https://rolldown.rs/in-depth/directives#other-directives
[38;5;246m───╯[0m

[33m[MODULE_LEVEL_DIRECTIVE] [0mThe semantics of the module level directive "use client" in "../../node_modules/.pnpm/@base-ui+react@1.8.0_@types+react@19.2.18_react-dom@19.2.8_react@19.2.8__react@19.2.8/node_modules/@base-ui/react/menu/positioner/MenuPositioner.mjs" may not be preserved when bundling.
   [38;5;246m╭[0m[38;5;246m─[0m[38;5;246m[[0m ../../node_modules/.pnpm/@base-ui+react@1.8.0_@types+react@19.2.18_react-dom@19.2.8_react@19.2.8__react@19.2.8/node_modules/@base-ui/react/menu/positioner/MenuPositioner.mjs:1:1 [38;5;246m][0m
   [38;5;246m│[0m
 [38;5;246m1 │[0m 'use client';
 [38;5;240m  │[0m ──────┬──────  
 [38;5;240m  │[0m       ╰──────── module level directive may not be preserved
 [38;5;240m  │[0m 
 [38;5;240m  │[0m [38;5;115mHelp[0m: For more information, see https://rolldown.rs/in-depth/directives#other-directives
[38;5;246m───╯[0m

[33m[MODULE_LEVEL_DIRECTIVE] [0mThe semantics of the module level directive "use client" in "../../node_modules/.pnpm/@base-ui+react@1.8.0_@types+react@19.2.18_react-dom@19.2.8_react@19.2.8__react@19.2.8/node_modules/@base-ui/react/menu/radio-item/MenuRadioItem.mjs" may not be preserved when bundling.
   [38;5;246m╭[0m[38;5;246m─[0m[38;5;246m[[0m ../../node_modules/.pnpm/@base-ui+react@1.8.0_@types+react@19.2.18_react-dom@19.2.8_react@19.2.8__react@19.2.8/node_modules/@base-ui/react/menu/radio-item/MenuRadioItem.mjs:1:1 [38;5;246m][0m
   [38;5;246m│[0m
 [38;5;246m1 │[0m 'use client';
 [38;5;240m  │[0m ──────┬──────  
 [38;5;240m  │[0m       ╰──────── module level directive may not be preserved
 [38;5;240m  │[0m 
 [38;5;240m  │[0m [38;5;115mHelp[0m: For more information, see https://rolldown.rs/in-depth/directives#other-directives
[38;5;246m───╯[0m

[33m[MODULE_LEVEL_DIRECTIVE] [0mThe semantics of the module level directive "use client" in "../../node_modules/.pnpm/@base-ui+react@1.8.0_@types+react@19.2.18_react-dom@19.2.8_react@19.2.8__react@19.2.8/node_modules/@base-ui/react/field/label/FieldLabel.mjs" may not be preserved when bundling.
   [38;5;246m╭[0m[38;5;246m─[0m[38;5;246m[[0m ../../node_modules/.pnpm/@base-ui+react@1.8.0_@types+react@19.2.18_react-dom@19.2.8_react@19.2.8__react@19.2.8/node_modules/@base-ui/react/field/label/FieldLabel.mjs:1:1 [38;5;246m][0m
   [38;5;246m│[0m
 [38;5;246m1 │[0m 'use client';
 [38;5;240m  │[0m ──────┬──────  
 [38;5;240m  │[0m       ╰──────── module level directive may not be preserved
 [38;5;240m  │[0m 
 [38;5;240m  │[0m [38;5;115mHelp[0m: For more information, see https://rolldown.rs/in-depth/directives#other-directives
[38;5;246m───╯[0m

[33m[MODULE_LEVEL_DIRECTIVE] [0mThe semantics of the module level directive "use client" in "../../node_modules/.pnpm/@base-ui+react@1.8.0_@types+react@19.2.18_react-dom@19.2.8_react@19.2.8__react@19.2.8/node_modules/@base-ui/react/radio/indicator/RadioIndicator.mjs" may not be preserved when bundling.
   [38;5;246m╭[0m[38;5;246m─[0m[38;5;246m[[0m ../../node_modules/.pnpm/@base-ui+react@1.8.0_@types+react@19.2.18_react-dom@19.2.8_react@19.2.8__react@19.2.8/node_modules/@base-ui/react/radio/indicator/RadioIndicator.mjs:1:1 [38;5;246m][0m
   [38;5;246m│[0m
 [38;5;246m1 │[0m 'use client';
 [38;5;240m  │[0m ──────┬──────  
 [38;5;240m  │[0m       ╰──────── module level directive may not be preserved
 [38;5;240m  │[0m 
 [38;5;240m  │[0m [38;5;115mHelp[0m: For more information, see https://rolldown.rs/in-depth/directives#other-directives
[38;5;246m───╯[0m

[33m[MODULE_LEVEL_DIRECTIVE] [0mThe semantics of the module level directive "use client" in "../../node_modules/.pnpm/@base-ui+react@1.8.0_@types+react@19.2.18_react-dom@19.2.8_react@19.2.8__react@19.2.8/node_modules/@base-ui/react/menu/radio-item-indicator/MenuRadioItemIndicator.mjs" may not be preserved when bundling.
   [38;5;246m╭[0m[38;5;246m─[0m[38;5;246m[[0m ../../node_modules/.pnpm/@base-ui+react@1.8.0_@types+react@19.2.18_react-dom@19.2.8_react@19.2.8__react@19.2.8/node_modules/@base-ui/react/menu/radio-item-indicator/MenuRadioItemIndicator.mjs:1:1 [38;5;246m][0m
   [38;5;246m│[0m
 [38;5;246m1 │[0m 'use client';
 [38;5;240m  │[0m ──────┬──────  
 [38;5;240m  │[0m       ╰──────── module level directive may not be preserved
 [38;5;240m  │[0m 
 [38;5;240m  │[0m [38;5;115mHelp[0m: For more information, see https://rolldown.rs/in-depth/directives#other-directives
[38;5;246m───╯[0m

[33m[MODULE_LEVEL_DIRECTIVE] [0mThe semantics of the module level directive "use client" in "../../node_modules/.pnpm/@base-ui+react@1.8.0_@types+react@19.2.18_react-dom@19.2.8_react@19.2.8__react@19.2.8/node_modules/@base-ui/react/collapsible/root/CollapsibleRootContext.mjs" may not be preserved when bundling.
   [38;5;246m╭[0m[38;5;246m─[0m[38;5;246m[[0m ../../node_modules/.pnpm/@base-ui+react@1.8.0_@types+react@19.2.18_react-dom@19.2.8_react@19.2.8__react@19.2.8/node_modules/@base-ui/react/collapsible/root/CollapsibleRootContext.mjs:1:1 [38;5;246m][0m
   [38;5;246m│[0m
 [38;5;246m1 │[0m 'use client';
 [38;5;240m  │[0m ──────┬──────  
 [38;5;240m  │[0m       ╰──────── module level directive may not be preserved
 [38;5;240m  │[0m 
 [38;5;240m  │[0m [38;5;115mHelp[0m: For more information, see https://rolldown.rs/in-depth/directives#other-directives
[38;5;246m───╯[0m

[33m[MODULE_LEVEL_DIRECTIVE] [0mThe semantics of the module level directive "use client" in "../../node_modules/.pnpm/@base-ui+react@1.8.0_@types+react@19.2.18_react-dom@19.2.8_react@19.2.8__react@19.2.8/node_modules/@base-ui/react/field/validity/FieldValidity.mjs" may not be preserved when bundling.
   [38;5;246m╭[0m[38;5;246m─[0m[38;5;246m[[0m ../../node_modules/.pnpm/@base-ui+react@1.8.0_@types+react@19.2.18_react-dom@19.2.8_react@19.2.8__react@19.2.8/node_modules/@base-ui/react/field/validity/FieldValidity.mjs:1:1 [38;5;246m][0m
   [38;5;246m│[0m
 [38;5;246m1 │[0m 'use client';
 [38;5;240m  │[0m ──────┬──────  
 [38;5;240m  │[0m       ╰──────── module level directive may not be preserved
 [38;5;240m  │[0m 
 [38;5;240m  │[0m [38;5;115mHelp[0m: For more information, see https://rolldown.rs/in-depth/directives#other-directives
[38;5;246m───╯[0m

[33m[MODULE_LEVEL_DIRECTIVE] [0mThe semantics of the module level directive "use client" in "../../node_modules/.pnpm/@base-ui+react@1.8.0_@types+react@19.2.18_react-dom@19.2.8_react@19.2.8__react@19.2.8/node_modules/@base-ui/react/menu/submenu-root/MenuSubmenuRoot.mjs" may not be preserved when bundling.
   [38;5;246m╭[0m[38;5;246m─[0m[38;5;246m[[0m ../../node_modules/.pnpm/@base-ui+react@1.8.0_@types+react@19.2.18_react-dom@19.2.8_react@19.2.8__react@19.2.8/node_modules/@base-ui/react/menu/submenu-root/MenuSubmenuRoot.mjs:1:1 [38;5;246m][0m
   [38;5;246m│[0m
 [38;5;246m1 │[0m 'use client';
 [38;5;240m  │[0m ──────┬──────  
 [38;5;240m  │[0m       ╰──────── module level directive may not be preserved
 [38;5;240m  │[0m 
 [38;5;240m  │[0m [38;5;115mHelp[0m: For more information, see https://rolldown.rs/in-depth/directives#other-directives
[38;5;246m───╯[0m

[33m[MODULE_LEVEL_DIRECTIVE] [0mThe semantics of the module level directive "use client" in "../../node_modules/.pnpm/@base-ui+react@1.8.0_@types+react@19.2.18_react-dom@19.2.8_react@19.2.8__react@19.2.8/node_modules/@base-ui/react/scroll-area/corner/ScrollAreaCorner.mjs" may not be preserved when bundling.
   [38;5;246m╭[0m[38;5;246m─[0m[38;5;246m[[0m ../../node_modules/.pnpm/@base-ui+react@1.8.0_@types+react@19.2.18_react-dom@19.2.8_react@19.2.8__react@19.2.8/node_modules/@base-ui/react/scroll-area/corner/ScrollAreaCorner.mjs:1:1 [38;5;246m][0m
   [38;5;246m│[0m
 [38;5;246m1 │[0m 'use client';
 [38;5;240m  │[0m ──────┬──────  
 [38;5;240m  │[0m       ╰──────── module level directive may not be preserved
 [38;5;240m  │[0m 
 [38;5;240m  │[0m [38;5;115mHelp[0m: For more information, see https://rolldown.rs/in-depth/directives#other-directives
[38;5;246m───╯[0m

[33m[MODULE_LEVEL_DIRECTIVE] [0mThe semantics of the module level directive "use client" in "../../node_modules/.pnpm/@base-ui+react@1.8.0_@types+react@19.2.18_react-dom@19.2.8_react@19.2.8__react@19.2.8/node_modules/@base-ui/react/fieldset/root/FieldsetRootContext.mjs" may not be preserved when bundling.
   [38;5;246m╭[0m[38;5;246m─[0m[38;5;246m[[0m ../../node_modules/.pnpm/@base-ui+react@1.8.0_@types+react@19.2.18_react-dom@19.2.8_react@19.2.8__react@19.2.8/node_modules/@base-ui/react/fieldset/root/FieldsetRootContext.mjs:1:1 [38;5;246m][0m
   [38;5;246m│[0m
 [38;5;246m1 │[0m 'use client';
 [38;5;240m  │[0m ──────┬──────  
 [38;5;240m  │[0m       ╰──────── module level directive may not be preserved
 [38;5;240m  │[0m 
 [38;5;240m  │[0m [38;5;115mHelp[0m: For more information, see https://rolldown.rs/in-depth/directives#other-directives
[38;5;246m───╯[0m

[33m[MODULE_LEVEL_DIRECTIVE] [0mThe semantics of the module level directive "use client" in "../../node_modules/.pnpm/@base-ui+react@1.8.0_@types+react@19.2.18_react-dom@19.2.8_react@19.2.8__react@19.2.8/node_modules/@base-ui/react/internals/form-context/FormContext.mjs" may not be preserved when bundling.
   [38;5;246m╭[0m[38;5;246m─[0m[38;5;246m[[0m ../../node_modules/.pnpm/@base-ui+react@1.8.0_@types+react@19.2.18_react-dom@19.2.8_react@19.2.8__react@19.2.8/node_modules/@base-ui/react/internals/form-context/FormContext.mjs:1:1 [38;5;246m][0m
   [38;5;246m│[0m
 [38;5;246m1 │[0m 'use client';
 [38;5;240m  │[0m ──────┬──────  
 [38;5;240m  │[0m       ╰──────── module level directive may not be preserved
 [38;5;240m  │[0m 
 [38;5;240m  │[0m [38;5;115mHelp[0m: For more information, see https://rolldown.rs/in-depth/directives#other-directives
[38;5;246m───╯[0m

[33m[MODULE_LEVEL_DIRECTIVE] [0mThe semantics of the module level directive "use client" in "../../node_modules/.pnpm/@base-ui+react@1.8.0_@types+react@19.2.18_react-dom@19.2.8_react@19.2.8__react@19.2.8/node_modules/@base-ui/react/meter/root/MeterRoot.mjs" may not be preserved when bundling.
   [38;5;246m╭[0m[38;5;246m─[0m[38;5;246m[[0m ../../node_modules/.pnpm/@base-ui+react@1.8.0_@types+react@19.2.18_react-dom@19.2.8_react@19.2.8__react@19.2.8/node_modules/@base-ui/react/meter/root/MeterRoot.mjs:1:1 [38;5;246m][0m
   [38;5;246m│[0m
 [38;5;246m1 │[0m 'use client';
 [38;5;240m  │[0m ──────┬──────  
 [38;5;240m  │[0m       ╰──────── module level directive may not be preserved
 [38;5;240m  │[0m 
 [38;5;240m  │[0m [38;5;115mHelp[0m: For more information, see https://rolldown.rs/in-depth/directives#other-directives
[38;5;246m───╯[0m

[33m[MODULE_LEVEL_DIRECTIVE] [0mThe semantics of the module level directive "use client" in "../../node_modules/.pnpm/@base-ui+react@1.8.0_@types+react@19.2.18_react-dom@19.2.8_react@19.2.8__react@19.2.8/node_modules/@base-ui/react/internals/labelable-provider/LabelableContext.mjs" may not be preserved when bundling.
   [38;5;246m╭[0m[38;5;246m─[0m[38;5;246m[[0m ../../node_modules/.pnpm/@base-ui+react@1.8.0_@types+react@19.2.18_react-dom@19.2.8_react@19.2.8__react@19.2.8/node_modules/@base-ui/react/internals/labelable-provider/LabelableContext.mjs:1:1 [38;5;246m][0m
   [38;5;246m│[0m
 [38;5;246m1 │[0m 'use client';
 [38;5;240m  │[0m ──────┬──────  
 [38;5;240m  │[0m       ╰──────── module level directive may not be preserved
 [38;5;240m  │[0m 
 [38;5;240m  │[0m [38;5;115mHelp[0m: For more information, see https://rolldown.rs/in-depth/directives#other-directives
[38;5;246m───╯[0m

[33m[MODULE_LEVEL_DIRECTIVE] [0mThe semantics of the module level directive "use client" in "../../node_modules/.pnpm/@base-ui+react@1.8.0_@types+react@19.2.18_react-dom@19.2.8_react@19.2.8__react@19.2.8/node_modules/@base-ui/react/meter/track/MeterTrack.mjs" may not be preserved when bundling.
   [38;5;246m╭[0m[38;5;246m─[0m[38;5;246m[[0m ../../node_modules/.pnpm/@base-ui+react@1.8.0_@types+react@19.2.18_react-dom@19.2.8_react@19.2.8__react@19.2.8/node_modules/@base-ui/react/meter/track/MeterTrack.mjs:1:1 [38;5;246m][0m
   [38;5;246m│[0m
 [38;5;246m1 │[0m 'use client';
 [38;5;240m  │[0m ──────┬──────  
 [38;5;240m  │[0m       ╰──────── module level directive may not be preserved
 [38;5;240m  │[0m 
 [38;5;240m  │[0m [38;5;115mHelp[0m: For more information, see https://rolldown.rs/in-depth/directives#other-directives
[38;5;246m───╯[0m

[33m[MODULE_LEVEL_DIRECTIVE] [0mThe semantics of the module level directive "use client" in "../../node_modules/.pnpm/@base-ui+react@1.8.0_@types+react@19.2.18_react-dom@19.2.8_react@19.2.8__react@19.2.8/node_modules/@base-ui/react/meter/indicator/MeterIndicator.mjs" may not be preserved when bundling.
   [38;5;246m╭[0m[38;5;246m─[0m[38;5;246m[[0m ../../node_modules/.pnpm/@base-ui+react@1.8.0_@types+react@19.2.18_react-dom@19.2.8_react@19.2.8__react@19.2.8/node_modules/@base-ui/react/meter/indicator/MeterIndicator.mjs:1:1 [38;5;246m][0m
   [38;5;246m│[0m
 [38;5;246m1 │[0m 'use client';
 [38;5;240m  │[0m ──────┬──────  
 [38;5;240m  │[0m       ╰──────── module level directive may not be preserved
 [38;5;240m  │[0m 
 [38;5;240m  │[0m [38;5;115mHelp[0m: For more information, see https://rolldown.rs/in-depth/directives#other-directives
[38;5;246m───╯[0m

[33m[MODULE_LEVEL_DIRECTIVE] [0mThe semantics of the module level directive "use client" in "../../node_modules/.pnpm/@base-ui+react@1.8.0_@types+react@19.2.18_react-dom@19.2.8_react@19.2.8__react@19.2.8/node_modules/@base-ui/react/internals/useValueChanged.mjs" may not be preserved when bundling.
   [38;5;246m╭[0m[38;5;246m─[0m[38;5;246m[[0m ../../node_modules/.pnpm/@base-ui+react@1.8.0_@types+react@19.2.18_react-dom@19.2.8_react@19.2.8__react@19.2.8/node_modules/@base-ui/react/internals/useValueChanged.mjs:1:1 [38;5;246m][0m
   [38;5;246m│[0m
 [38;5;246m1 │[0m 'use client';
 [38;5;240m  │[0m ──────┬──────  
 [38;5;240m  │[0m       ╰──────── module level directive may not be preserved
 [38;5;240m  │[0m 
 [38;5;240m  │[0m [38;5;115mHelp[0m: For more information, see https://rolldown.rs/in-depth/directives#other-directives
[38;5;246m───╯[0m

[33m[MODULE_LEVEL_DIRECTIVE] [0mThe semantics of the module level directive "use client" in "../../node_modules/.pnpm/@base-ui+react@1.8.0_@types+react@19.2.18_react-dom@19.2.8_react@19.2.8__react@19.2.8/node_modules/@base-ui/react/context-menu/root/ContextMenuRoot.mjs" may not be preserved when bundling.
   [38;5;246m╭[0m[38;5;246m─[0m[38;5;246m[[0m ../../node_modules/.pnpm/@base-ui+react@1.8.0_@types+react@19.2.18_react-dom@19.2.8_react@19.2.8__react@19.2.8/node_modules/@base-ui/react/context-menu/root/ContextMenuRoot.mjs:1:1 [38;5;246m][0m
   [38;5;246m│[0m
 [38;5;246m1 │[0m 'use client';
 [38;5;240m  │[0m ──────┬──────  
 [38;5;240m  │[0m       ╰──────── module level directive may not be preserved
 [38;5;240m  │[0m 
 [38;5;240m  │[0m [38;5;115mHelp[0m: For more information, see https://rolldown.rs/in-depth/directives#other-directives
[38;5;246m───╯[0m

[33m[MODULE_LEVEL_DIRECTIVE] [0mThe semantics of the module level directive "use client" in "../../node_modules/.pnpm/@base-ui+react@1.8.0_@types+react@19.2.18_react-dom@19.2.8_react@19.2.8__react@19.2.8/node_modules/@base-ui/react/context-menu/trigger/ContextMenuTrigger.mjs" may not be preserved when bundling.
   [38;5;246m╭[0m[38;5;246m─[0m[38;5;246m[[0m ../../node_modules/.pnpm/@base-ui+react@1.8.0_@types+react@19.2.18_react-dom@19.2.8_react@19.2.8__react@19.2.8/node_modules/@base-ui/react/context-menu/trigger/ContextMenuTrigger.mjs:1:1 [38;5;246m][0m
   [38;5;246m│[0m
 [38;5;246m1 │[0m 'use client';
 [38;5;240m  │[0m ──────┬──────  
 [38;5;240m  │[0m       ╰──────── module level directive may not be preserved
 [38;5;240m  │[0m 
 [38;5;240m  │[0m [38;5;115mHelp[0m: For more information, see https://rolldown.rs/in-depth/directives#other-directives
[38;5;246m───╯[0m

[33m[MODULE_LEVEL_DIRECTIVE] [0mThe semantics of the module level directive "use client" in "../../node_modules/.pnpm/@base-ui+react@1.8.0_@types+react@19.2.18_react-dom@19.2.8_react@19.2.8__react@19.2.8/node_modules/@base-ui/react/preview-card/root/PreviewCardRoot.mjs" may not be preserved when bundling.
   [38;5;246m╭[0m[38;5;246m─[0m[38;5;246m[[0m ../../node_modules/.pnpm/@base-ui+react@1.8.0_@types+react@19.2.18_react-dom@19.2.8_react@19.2.8__react@19.2.8/node_modules/@base-ui/react/preview-card/root/PreviewCardRoot.mjs:1:1 [38;5;246m][0m
   [38;5;246m│[0m
 [38;5;246m1 │[0m 'use client';
 [38;5;240m  │[0m ──────┬──────  
 [38;5;240m  │[0m       ╰──────── module level directive may not be preserved
 [38;5;240m  │[0m 
 [38;5;240m  │[0m [38;5;115mHelp[0m: For more information, see https://rolldown.rs/in-depth/directives#other-directives
[38;5;246m───╯[0m

[33m[MODULE_LEVEL_DIRECTIVE] [0mThe semantics of the module level directive "use client" in "../../node_modules/.pnpm/@base-ui+react@1.8.0_@types+react@19.2.18_react-dom@19.2.8_react@19.2.8__react@19.2.8/node_modules/@base-ui/react/dialog/root/useRenderDialogRoot.mjs" may not be preserved when bundling.
   [38;5;246m╭[0m[38;5;246m─[0m[38;5;246m[[0m ../../node_modules/.pnpm/@base-ui+react@1.8.0_@types+react@19.2.18_react-dom@19.2.8_react@19.2.8__react@19.2.8/node_modules/@base-ui/react/dialog/root/useRenderDialogRoot.mjs:1:1 [38;5;246m][0m
   [38;5;246m│[0m
 [38;5;246m1 │[0m 'use client';
 [38;5;240m  │[0m ──────┬──────  
 [38;5;240m  │[0m       ╰──────── module level directive may not be preserved
 [38;5;240m  │[0m 
 [38;5;240m  │[0m [38;5;115mHelp[0m: For more information, see https://rolldown.rs/in-depth/directives#other-directives
[38;5;246m───╯[0m

[33m[MODULE_LEVEL_DIRECTIVE] [0mThe semantics of the module level directive "use client" in "../../node_modules/.pnpm/@base-ui+react@1.8.0_@types+react@19.2.18_react-dom@19.2.8_react@19.2.8__react@19.2.8/node_modules/@base-ui/react/preview-card/portal/PreviewCardPortal.mjs" may not be preserved when bundling.
   [38;5;246m╭[0m[38;5;246m─[0m[38;5;246m[[0m ../../node_modules/.pnpm/@base-ui+react@1.8.0_@types+react@19.2.18_react-dom@19.2.8_react@19.2.8__react@19.2.8/node_modules/@base-ui/react/preview-card/portal/PreviewCardPortal.mjs:1:1 [38;5;246m][0m
   [38;5;246m│[0m
 [38;5;246m1 │[0m 'use client';
 [38;5;240m  │[0m ──────┬──────  
 [38;5;240m  │[0m       ╰──────── module level directive may not be preserved
 [38;5;240m  │[0m 
 [38;5;240m  │[0m [38;5;115mHelp[0m: For more information, see https://rolldown.rs/in-depth/directives#other-directives
[38;5;246m───╯[0m

[33m[MODULE_LEVEL_DIRECTIVE] [0mThe semantics of the module level directive "use client" in "../../node_modules/.pnpm/@base-ui+react@1.8.0_@types+react@19.2.18_react-dom@19.2.8_react@19.2.8__react@19.2.8/node_modules/@base-ui/react/preview-card/positioner/PreviewCardPositioner.mjs" may not be preserved when bundling.
   [38;5;246m╭[0m[38;5;246m─[0m[38;5;246m[[0m ../../node_modules/.pnpm/@base-ui+react@1.8.0_@types+react@19.2.18_react-dom@19.2.8_react@19.2.8__react@19.2.8/node_modules/@base-ui/react/preview-card/positioner/PreviewCardPositioner.mjs:1:1 [38;5;246m][0m
   [38;5;246m│[0m
 [38;5;246m1 │[0m 'use client';
 [38;5;240m  │[0m ──────┬──────  
 [38;5;240m  │[0m       ╰──────── module level directive may not be preserved
 [38;5;240m  │[0m 
 [38;5;240m  │[0m [38;5;115mHelp[0m: For more information, see https://rolldown.rs/in-depth/directives#other-directives
[38;5;246m───╯[0m

[33m[MODULE_LEVEL_DIRECTIVE] [0mThe semantics of the module level directive "use client" in "../../node_modules/.pnpm/@base-ui+react@1.8.0_@types+react@19.2.18_react-dom@19.2.8_react@19.2.8__react@19.2.8/node_modules/@base-ui/react/dialog/portal/DialogPortalContext.mjs" may not be preserved when bundling.
   [38;5;246m╭[0m[38;5;246m─[0m[38;5;246m[[0m ../../node_modules/.pnpm/@base-ui+react@1.8.0_@types+react@19.2.18_react-dom@19.2.8_react@19.2.8__react@19.2.8/node_modules/@base-ui/react/dialog/portal/DialogPortalContext.mjs:1:1 [38;5;246m][0m
   [38;5;246m│[0m
 [38;5;246m1 │[0m 'use client';
 [38;5;240m  │[0m ──────┬──────  
 [38;5;240m  │[0m       ╰──────── module level directive may not be preserved
 [38;5;240m  │[0m 
 [38;5;240m  │[0m [38;5;115mHelp[0m: For more information, see https://rolldown.rs/in-depth/directives#other-directives
[38;5;246m───╯[0m

[33m[MODULE_LEVEL_DIRECTIVE] [0mThe semantics of the module level directive "use client" in "../../node_modules/.pnpm/@base-ui+react@1.8.0_@types+react@19.2.18_react-dom@19.2.8_react@19.2.8__react@19.2.8/node_modules/@base-ui/react/preview-card/popup/PreviewCardPopup.mjs" may not be preserved when bundling.
   [38;5;246m╭[0m[38;5;246m─[0m[38;5;246m[[0m ../../node_modules/.pnpm/@base-ui+react@1.8.0_@types+react@19.2.18_react-dom@19.2.8_react@19.2.8__react@19.2.8/node_modules/@base-ui/react/preview-card/popup/PreviewCardPopup.mjs:1:1 [38;5;246m][0m
   [38;5;246m│[0m
 [38;5;246m1 │[0m 'use client';
 [38;5;240m  │[0m ──────┬──────  
 [38;5;240m  │[0m       ╰──────── module level directive may not be preserved
 [38;5;240m  │[0m 
 [38;5;240m  │[0m [38;5;115mHelp[0m: For more information, see https://rolldown.rs/in-depth/directives#other-directives
[38;5;246m───╯[0m

[33m[MODULE_LEVEL_DIRECTIVE] [0mThe semantics of the module level directive "use client" in "../../node_modules/.pnpm/@base-ui+react@1.8.0_@types+react@19.2.18_react-dom@19.2.8_react@19.2.8__react@19.2.8/node_modules/@base-ui/react/number-field/scrub-area-cursor/NumberFieldScrubAreaCursor.mjs" may not be preserved when bundling.
   [38;5;246m╭[0m[38;5;246m─[0m[38;5;246m[[0m ../../node_modules/.pnpm/@base-ui+react@1.8.0_@types+react@19.2.18_react-dom@19.2.8_react@19.2.8__react@19.2.8/node_modules/@base-ui/react/number-field/scrub-area-cursor/NumberFieldScrubAreaCursor.mjs:1:1 [38;5;246m][0m
   [38;5;246m│[0m
 [38;5;246m1 │[0m 'use client';
 [38;5;240m  │[0m ──────┬──────  
 [38;5;240m  │[0m       ╰──────── module level directive may not be preserved
 [38;5;240m  │[0m 
 [38;5;240m  │[0m [38;5;115mHelp[0m: For more information, see https://rolldown.rs/in-depth/directives#other-directives
[38;5;246m───╯[0m

[33m[MODULE_LEVEL_DIRECTIVE] [0mThe semantics of the module level directive "use client" in "../../node_modules/.pnpm/@base-ui+react@1.8.0_@types+react@19.2.18_react-dom@19.2.8_react@19.2.8__react@19.2.8/node_modules/@base-ui/react/preview-card/arrow/PreviewCardArrow.mjs" may not be preserved when bundling.
   [38;5;246m╭[0m[38;5;246m─[0m[38;5;246m[[0m ../../node_modules/.pnpm/@base-ui+react@1.8.0_@types+react@19.2.18_react-dom@19.2.8_react@19.2.8__react@19.2.8/node_modules/@base-ui/react/preview-card/arrow/PreviewCardArrow.mjs:1:1 [38;5;246m][0m
   [38;5;246m│[0m
 [38;5;246m1 │[0m 'use client';
 [38;5;240m  │[0m ──────┬──────  
 [38;5;240m  │[0m       ╰──────── module level directive may not be preserved
 [38;5;240m  │[0m 
 [38;5;240m  │[0m [38;5;115mHelp[0m: For more information, see https://rolldown.rs/in-depth/directives#other-directives
[38;5;246m───╯[0m

[33m[MODULE_LEVEL_DIRECTIVE] [0mThe semantics of the module level directive "use client" in "../../node_modules/.pnpm/@base-ui+react@1.8.0_@types+react@19.2.18_react-dom@19.2.8_react@19.2.8__react@19.2.8/node_modules/@base-ui/react/preview-card/backdrop/PreviewCardBackdrop.mjs" may not be preserved when bundling.
   [38;5;246m╭[0m[38;5;246m─[0m[38;5;246m[[0m ../../node_modules/.pnpm/@base-ui+react@1.8.0_@types+react@19.2.18_react-dom@19.2.8_react@19.2.8__react@19.2.8/node_modules/@base-ui/react/preview-card/backdrop/PreviewCardBackdrop.mjs:1:1 [38;5;246m][0m
   [38;5;246m│[0m
 [38;5;246m1 │[0m 'use client';
 [38;5;240m  │[0m ──────┬──────  
 [38;5;240m  │[0m       ╰──────── module level directive may not be preserved
 [38;5;240m  │[0m 
 [38;5;240m  │[0m [38;5;115mHelp[0m: For more information, see https://rolldown.rs/in-depth/directives#other-directives
[38;5;246m───╯[0m

[33m[MODULE_LEVEL_DIRECTIVE] [0mThe semantics of the module level directive "use client" in "../../node_modules/.pnpm/@base-ui+react@1.8.0_@types+react@19.2.18_react-dom@19.2.8_react@19.2.8__react@19.2.8/node_modules/@base-ui/react/checkbox/indicator/CheckboxIndicator.mjs" may not be preserved when bundling.
   [38;5;246m╭[0m[38;5;246m─[0m[38;5;246m[[0m ../../node_modules/.pnpm/@base-ui+react@1.8.0_@types+react@19.2.18_react-dom@19.2.8_react@19.2.8__react@19.2.8/node_modules/@base-ui/react/checkbox/indicator/CheckboxIndicator.mjs:1:1 [38;5;246m][0m
   [38;5;246m│[0m
 [38;5;246m1 │[0m 'use client';
 [38;5;240m  │[0m ──────┬──────  
 [38;5;240m  │[0m       ╰──────── module level directive may not be preserved
 [38;5;240m  │[0m 
 [38;5;240m  │[0m [38;5;115mHelp[0m: For more information, see https://rolldown.rs/in-depth/directives#other-directives
[38;5;246m───╯[0m

[33m[MODULE_LEVEL_DIRECTIVE] [0mThe semantics of the module level directive "use client" in "../../node_modules/.pnpm/@base-ui+react@1.8.0_@types+react@19.2.18_react-dom@19.2.8_react@19.2.8__react@19.2.8/node_modules/@base-ui/react/preview-card/viewport/PreviewCardViewport.mjs" may not be preserved when bundling.
   [38;5;246m╭[0m[38;5;246m─[0m[38;5;246m[[0m ../../node_modules/.pnpm/@base-ui+react@1.8.0_@types+react@19.2.18_react-dom@19.2.8_react@19.2.8__react@19.2.8/node_modules/@base-ui/react/preview-card/viewport/PreviewCardViewport.mjs:1:1 [38;5;246m][0m
   [38;5;246m│[0m
 [38;5;246m1 │[0m 'use client';
 [38;5;240m  │[0m ──────┬──────  
 [38;5;240m  │[0m       ╰──────── module level directive may not be preserved
 [38;5;240m  │[0m 
 [38;5;240m  │[0m [38;5;115mHelp[0m: For more information, see https://rolldown.rs/in-depth/directives#other-directives
[38;5;246m───╯[0m

[33m[MODULE_LEVEL_DIRECTIVE] [0mThe semantics of the module level directive "use client" in "../../node_modules/.pnpm/@base-ui+react@1.8.0_@types+react@19.2.18_react-dom@19.2.8_react@19.2.8__react@19.2.8/node_modules/@base-ui/react/progress/track/ProgressTrack.mjs" may not be preserved when bundling.
   [38;5;246m╭[0m[38;5;246m─[0m[38;5;246m[[0m ../../node_modules/.pnpm/@base-ui+react@1.8.0_@types+react@19.2.18_react-dom@19.2.8_react@19.2.8__react@19.2.8/node_modules/@base-ui/react/progress/track/ProgressTrack.mjs:1:1 [38;5;246m][0m
   [38;5;246m│[0m
 [38;5;246m1 │[0m 'use client';
 [38;5;240m  │[0m ──────┬──────  
 [38;5;240m  │[0m       ╰──────── module level directive may not be preserved
 [38;5;240m  │[0m 
 [38;5;240m  │[0m [38;5;115mHelp[0m: For more information, see https://rolldown.rs/in-depth/directives#other-directives
[38;5;246m───╯[0m

[33m[MODULE_LEVEL_DIRECTIVE] [0mThe semantics of the module level directive "use client" in "../../node_modules/.pnpm/@base-ui+react@1.8.0_@types+react@19.2.18_react-dom@19.2.8_react@19.2.8__react@19.2.8/node_modules/@base-ui/react/progress/indicator/ProgressIndicator.mjs" may not be preserved when bundling.
   [38;5;246m╭[0m[38;5;246m─[0m[38;5;246m[[0m ../../node_modules/.pnpm/@base-ui+react@1.8.0_@types+react@19.2.18_react-dom@19.2.8_react@19.2.8__react@19.2.8/node_modules/@base-ui/react/progress/indicator/ProgressIndicator.mjs:1:1 [38;5;246m][0m
   [38;5;246m│[0m
 [38;5;246m1 │[0m 'use client';
 [38;5;240m  │[0m ──────┬──────  
 [38;5;240m  │[0m       ╰──────── module level directive may not be preserved
 [38;5;240m  │[0m 
 [38;5;240m  │[0m [38;5;115mHelp[0m: For more information, see https://rolldown.rs/in-depth/directives#other-directives
[38;5;246m───╯[0m

[33m[MODULE_LEVEL_DIRECTIVE] [0mThe semantics of the module level directive "use client" in "../../node_modules/.pnpm/@base-ui+react@1.8.0_@types+react@19.2.18_react-dom@19.2.8_react@19.2.8__react@19.2.8/node_modules/@base-ui/react/popover/backdrop/PopoverBackdrop.mjs" may not be preserved when bundling.
   [38;5;246m╭[0m[38;5;246m─[0m[38;5;246m[[0m ../../node_modules/.pnpm/@base-ui+react@1.8.0_@types+react@19.2.18_react-dom@19.2.8_react@19.2.8__react@19.2.8/node_modules/@base-ui/react/popover/backdrop/PopoverBackdrop.mjs:1:1 [38;5;246m][0m
   [38;5;246m│[0m
 [38;5;246m1 │[0m 'use client';
 [38;5;240m  │[0m ──────┬──────  
 [38;5;240m  │[0m       ╰──────── module level directive may not be preserved
 [38;5;240m  │[0m 
 [38;5;240m  │[0m [38;5;115mHelp[0m: For more information, see https://rolldown.rs/in-depth/directives#other-directives
[38;5;246m───╯[0m

[33m[MODULE_LEVEL_DIRECTIVE] [0mThe semantics of the module level directive "use client" in "../../node_modules/.pnpm/@base-ui+react@1.8.0_@types+react@19.2.18_react-dom@19.2.8_react@19.2.8__react@19.2.8/node_modules/@base-ui/react/progress/label/ProgressLabel.mjs" may not be preserved when bundling.
   [38;5;246m╭[0m[38;5;246m─[0m[38;5;246m[[0m ../../node_modules/.pnpm/@base-ui+react@1.8.0_@types+react@19.2.18_react-dom@19.2.8_react@19.2.8__react@19.2.8/node_modules/@base-ui/react/progress/label/ProgressLabel.mjs:1:1 [38;5;246m][0m
   [38;5;246m│[0m
 [38;5;246m1 │[0m 'use client';
 [38;5;240m  │[0m ──────┬──────  
 [38;5;240m  │[0m       ╰──────── module level directive may not be preserved
 [38;5;240m  │[0m 
 [38;5;240m  │[0m [38;5;115mHelp[0m: For more information, see https://rolldown.rs/in-depth/directives#other-directives
[38;5;246m───╯[0m

[33m[MODULE_LEVEL_DIRECTIVE] [0mThe semantics of the module level directive "use client" in "../../node_modules/.pnpm/@base-ui+react@1.8.0_@types+react@19.2.18_react-dom@19.2.8_react@19.2.8__react@19.2.8/node_modules/@base-ui/react/progress/value/ProgressValue.mjs" may not be preserved when bundling.
   [38;5;246m╭[0m[38;5;246m─[0m[38;5;246m[[0m ../../node_modules/.pnpm/@base-ui+react@1.8.0_@types+react@19.2.18_react-dom@19.2.8_react@19.2.8__react@19.2.8/node_modules/@base-ui/react/progress/value/ProgressValue.mjs:1:1 [38;5;246m][0m
   [38;5;246m│[0m
 [38;5;246m1 │[0m 'use client';
 [38;5;240m  │[0m ──────┬──────  
 [38;5;240m  │[0m       ╰──────── module level directive may not be preserved
 [38;5;240m  │[0m 
 [38;5;240m  │[0m [38;5;115mHelp[0m: For more information, see https://rolldown.rs/in-depth/directives#other-directives
[38;5;246m───╯[0m

[33m[MODULE_LEVEL_DIRECTIVE] [0mThe semantics of the module level directive "use client" in "../../node_modules/.pnpm/@base-ui+react@1.8.0_@types+react@19.2.18_react-dom@19.2.8_react@19.2.8__react@19.2.8/node_modules/@base-ui/react/toolbar/separator/ToolbarSeparator.mjs" may not be preserved when bundling.
   [38;5;246m╭[0m[38;5;246m─[0m[38;5;246m[[0m ../../node_modules/.pnpm/@base-ui+react@1.8.0_@types+react@19.2.18_react-dom@19.2.8_react@19.2.8__react@19.2.8/node_modules/@base-ui/react/toolbar/separator/ToolbarSeparator.mjs:1:1 [38;5;246m][0m
   [38;5;246m│[0m
 [38;5;246m1 │[0m 'use client';
 [38;5;240m  │[0m ──────┬──────  
 [38;5;240m  │[0m       ╰──────── module level directive may not be preserved
 [38;5;240m  │[0m 
 [38;5;240m  │[0m [38;5;115mHelp[0m: For more information, see https://rolldown.rs/in-depth/directives#other-directives
[38;5;246m───╯[0m

[33m[MODULE_LEVEL_DIRECTIVE] [0mThe semantics of the module level directive "use client" in "../../node_modules/.pnpm/@base-ui+react@1.8.0_@types+react@19.2.18_react-dom@19.2.8_react@19.2.8__react@19.2.8/node_modules/@base-ui/react/number-field/group/NumberFieldGroup.mjs" may not be preserved when bundling.
   [38;5;246m╭[0m[38;5;246m─[0m[38;5;246m[[0m ../../node_modules/.pnpm/@base-ui+react@1.8.0_@types+react@19.2.18_react-dom@19.2.8_react@19.2.8__react@19.2.8/node_modules/@base-ui/react/number-field/group/NumberFieldGroup.mjs:1:1 [38;5;246m][0m
   [38;5;246m│[0m
 [38;5;246m1 │[0m 'use client';
 [38;5;240m  │[0m ──────┬──────  
 [38;5;240m  │[0m       ╰──────── module level directive may not be preserved
 [38;5;240m  │[0m 
 [38;5;240m  │[0m [38;5;115mHelp[0m: For more information, see https://rolldown.rs/in-depth/directives#other-directives
[38;5;246m───╯[0m

[33m[MODULE_LEVEL_DIRECTIVE] [0mThe semantics of the module level directive "use client" in "../../node_modules/.pnpm/@base-ui+react@1.8.0_@types+react@19.2.18_react-dom@19.2.8_react@19.2.8__react@19.2.8/node_modules/@base-ui/react/popover/popup/PopoverPopup.mjs" may not be preserved when bundling.
   [38;5;246m╭[0m[38;5;246m─[0m[38;5;246m[[0m ../../node_modules/.pnpm/@base-ui+react@1.8.0_@types+react@19.2.18_react-dom@19.2.8_react@19.2.8__react@19.2.8/node_modules/@base-ui/react/popover/popup/PopoverPopup.mjs:1:1 [38;5;246m][0m
   [38;5;246m│[0m
 [38;5;246m1 │[0m 'use client';
 [38;5;240m  │[0m ──────┬──────  
 [38;5;240m  │[0m       ╰──────── module level directive may not be preserved
 [38;5;240m  │[0m 
 [38;5;240m  │[0m [38;5;115mHelp[0m: For more information, see https://rolldown.rs/in-depth/directives#other-directives
[38;5;246m───╯[0m

[33m[MODULE_LEVEL_DIRECTIVE] [0mThe semantics of the module level directive "use client" in "../../node_modules/.pnpm/@base-ui+react@1.8.0_@types+react@19.2.18_react-dom@19.2.8_react@19.2.8__react@19.2.8/node_modules/@base-ui/react/number-field/increment/NumberFieldIncrement.mjs" may not be preserved when bundling.
   [38;5;246m╭[0m[38;5;246m─[0m[38;5;246m[[0m ../../node_modules/.pnpm/@base-ui+react@1.8.0_@types+react@19.2.18_react-dom@19.2.8_react@19.2.8__react@19.2.8/node_modules/@base-ui/react/number-field/increment/NumberFieldIncrement.mjs:1:1 [38;5;246m][0m
   [38;5;246m│[0m
 [38;5;246m1 │[0m 'use client';
 [38;5;240m  │[0m ──────┬──────  
 [38;5;240m  │[0m       ╰──────── module level directive may not be preserved
 [38;5;240m  │[0m 
 [38;5;240m  │[0m [38;5;115mHelp[0m: For more information, see https://rolldown.rs/in-depth/directives#other-directives
[38;5;246m───╯[0m

[33m[MODULE_LEVEL_DIRECTIVE] [0mThe semantics of the module level directive "use client" in "../../node_modules/.pnpm/@base-ui+react@1.8.0_@types+react@19.2.18_react-dom@19.2.8_react@19.2.8__react@19.2.8/node_modules/@base-ui/react/collapsible/panel/useCollapsiblePanel.mjs" may not be preserved when bundling.
   [38;5;246m╭[0m[38;5;246m─[0m[38;5;246m[[0m ../../node_modules/.pnpm/@base-ui+react@1.8.0_@types+react@19.2.18_react-dom@19.2.8_react@19.2.8__react@19.2.8/node_modules/@base-ui/react/collapsible/panel/useCollapsiblePanel.mjs:1:1 [38;5;246m][0m
   [38;5;246m│[0m
 [38;5;246m1 │[0m 'use client';
 [38;5;240m  │[0m ──────┬──────  
 [38;5;240m  │[0m       ╰──────── module level directive may not be preserved
 [38;5;240m  │[0m 
 [38;5;240m  │[0m [38;5;115mHelp[0m: For more information, see https://rolldown.rs/in-depth/directives#other-directives
[38;5;246m───╯[0m

[33m[MODULE_LEVEL_DIRECTIVE] [0mThe semantics of the module level directive "use client" in "../../node_modules/.pnpm/@base-ui+react@1.8.0_@types+react@19.2.18_react-dom@19.2.8_react@19.2.8__react@19.2.8/node_modules/@base-ui/react/internals/composite/item/useCompositeItem.mjs" may not be preserved when bundling.
   [38;5;246m╭[0m[38;5;246m─[0m[38;5;246m[[0m ../../node_modules/.pnpm/@base-ui+react@1.8.0_@types+react@19.2.18_react-dom@19.2.8_react@19.2.8__react@19.2.8/node_modules/@base-ui/react/internals/composite/item/useCompositeItem.mjs:1:1 [38;5;246m][0m
   [38;5;246m│[0m
 [38;5;246m1 │[0m 'use client';
 [38;5;240m  │[0m ──────┬──────  
 [38;5;240m  │[0m       ╰──────── module level directive may not be preserved
 [38;5;240m  │[0m 
 [38;5;240m  │[0m [38;5;115mHelp[0m: For more information, see https://rolldown.rs/in-depth/directives#other-directives
[38;5;246m───╯[0m

[33m[MODULE_LEVEL_DIRECTIVE] [0mThe semantics of the module level directive "use client" in "../../node_modules/.pnpm/@base-ui+react@1.8.0_@types+react@19.2.18_react-dom@19.2.8_react@19.2.8__react@19.2.8/node_modules/@base-ui/react/internals/labelable-provider/useLabelableId.mjs" may not be preserved when bundling.
   [38;5;246m╭[0m[38;5;246m─[0m[38;5;246m[[0m ../../node_modules/.pnpm/@base-ui+react@1.8.0_@types+react@19.2.18_react-dom@19.2.8_react@19.2.8__react@19.2.8/node_modules/@base-ui/react/internals/labelable-provider/useLabelableId.mjs:1:1 [38;5;246m][0m
   [38;5;246m│[0m
 [38;5;246m1 │[0m 'use client';
 [38;5;240m  │[0m ──────┬──────  
 [38;5;240m  │[0m       ╰──────── module level directive may not be preserved
 [38;5;240m  │[0m 
 [38;5;240m  │[0m [38;5;115mHelp[0m: For more information, see https://rolldown.rs/in-depth/directives#other-directives
[38;5;246m───╯[0m

[33m[MODULE_LEVEL_DIRECTIVE] [0mThe semantics of the module level directive "use client" in "../../node_modules/.pnpm/@base-ui+react@1.8.0_@types+react@19.2.18_react-dom@19.2.8_react@19.2.8__react@19.2.8/node_modules/@base-ui/react/checkbox/root/CheckboxRoot.mjs" may not be preserved when bundling.
   [38;5;246m╭[0m[38;5;246m─[0m[38;5;246m[[0m ../../node_modules/.pnpm/@base-ui+react@1.8.0_@types+react@19.2.18_react-dom@19.2.8_react@19.2.8__react@19.2.8/node_modules/@base-ui/react/checkbox/root/CheckboxRoot.mjs:1:1 [38;5;246m][0m
   [38;5;246m│[0m
 [38;5;246m1 │[0m 'use client';
 [38;5;240m  │[0m ──────┬──────  
 [38;5;240m  │[0m       ╰──────── module level directive may not be preserved
 [38;5;240m  │[0m 
 [38;5;240m  │[0m [38;5;115mHelp[0m: For more information, see https://rolldown.rs/in-depth/directives#other-directives
[38;5;246m───╯[0m

[33m[MODULE_LEVEL_DIRECTIVE] [0mThe semantics of the module level directive "use client" in "../../node_modules/.pnpm/@base-ui+react@1.8.0_@types+react@19.2.18_react-dom@19.2.8_react@19.2.8__react@19.2.8/node_modules/@base-ui/react/popover/title/PopoverTitle.mjs" may not be preserved when bundling.
   [38;5;246m╭[0m[38;5;246m─[0m[38;5;246m[[0m ../../node_modules/.pnpm/@base-ui+react@1.8.0_@types+react@19.2.18_react-dom@19.2.8_react@19.2.8__react@19.2.8/node_modules/@base-ui/react/popover/title/PopoverTitle.mjs:1:1 [38;5;246m][0m
   [38;5;246m│[0m
 [38;5;246m1 │[0m 'use client';
 [38;5;240m  │[0m ──────┬──────  
 [38;5;240m  │[0m       ╰──────── module level directive may not be preserved
 [38;5;240m  │[0m 
 [38;5;240m  │[0m [38;5;115mHelp[0m: For more information, see https://rolldown.rs/in-depth/directives#other-directives
[38;5;246m───╯[0m

[33m[MODULE_LEVEL_DIRECTIVE] [0mThe semantics of the module level directive "use client" in "../../node_modules/.pnpm/@base-ui+react@1.8.0_@types+react@19.2.18_react-dom@19.2.8_react@19.2.8__react@19.2.8/node_modules/@base-ui/react/field/root/useFieldValidation.mjs" may not be preserved when bundling.
   [38;5;246m╭[0m[38;5;246m─[0m[38;5;246m[[0m ../../node_modules/.pnpm/@base-ui+react@1.8.0_@types+react@19.2.18_react-dom@19.2.8_react@19.2.8__react@19.2.8/node_modules/@base-ui/react/field/root/useFieldValidation.mjs:1:1 [38;5;246m][0m
   [38;5;246m│[0m
 [38;5;246m1 │[0m 'use client';
 [38;5;240m  │[0m ──────┬──────  
 [38;5;240m  │[0m       ╰──────── module level directive may not be preserved
 [38;5;240m  │[0m 
 [38;5;240m  │[0m [38;5;115mHelp[0m: For more information, see https://rolldown.rs/in-depth/directives#other-directives
[38;5;246m───╯[0m

[33m[MODULE_LEVEL_DIRECTIVE] [0mThe semantics of the module level directive "use client" in "../../node_modules/.pnpm/@base-ui+react@1.8.0_@types+react@19.2.18_react-dom@19.2.8_react@19.2.8__react@19.2.8/node_modules/@base-ui/react/popover/description/PopoverDescription.mjs" may not be preserved when bundling.
   [38;5;246m╭[0m[38;5;246m─[0m[38;5;246m[[0m ../../node_modules/.pnpm/@base-ui+react@1.8.0_@types+react@19.2.18_react-dom@19.2.8_react@19.2.8__react@19.2.8/node_modules/@base-ui/react/popover/description/PopoverDescription.mjs:1:1 [38;5;246m][0m
   [38;5;246m│[0m
 [38;5;246m1 │[0m 'use client';
 [38;5;240m  │[0m ──────┬──────  
 [38;5;240m  │[0m       ╰──────── module level directive may not be preserved
 [38;5;240m  │[0m 
 [38;5;240m  │[0m [38;5;115mHelp[0m: For more information, see https://rolldown.rs/in-depth/directives#other-directives
[38;5;246m───╯[0m

[33m[MODULE_LEVEL_DIRECTIVE] [0mThe semantics of the module level directive "use client" in "../../node_modules/.pnpm/@base-ui+react@1.8.0_@types+react@19.2.18_react-dom@19.2.8_react@19.2.8__react@19.2.8/node_modules/@base-ui/react/floating-ui-react/hooks/useHoverInteractionSharedState.mjs" may not be preserved when bundling.
   [38;5;246m╭[0m[38;5;246m─[0m[38;5;246m[[0m ../../node_modules/.pnpm/@base-ui+react@1.8.0_@types+react@19.2.18_react-dom@19.2.8_react@19.2.8__react@19.2.8/node_modules/@base-ui/react/floating-ui-react/hooks/useHoverInteractionSharedState.mjs:1:1 [38;5;246m][0m
   [38;5;246m│[0m
 [38;5;246m1 │[0m 'use client';
 [38;5;240m  │[0m ──────┬──────  
 [38;5;240m  │[0m       ╰──────── module level directive may not be preserved
 [38;5;240m  │[0m 
 [38;5;240m  │[0m [38;5;115mHelp[0m: For more information, see https://rolldown.rs/in-depth/directives#other-directives
[38;5;246m───╯[0m

[33m[MODULE_LEVEL_DIRECTIVE] [0mThe semantics of the module level directive "use client" in "../../node_modules/.pnpm/@base-ui+react@1.8.0_@types+react@19.2.18_react-dom@19.2.8_react@19.2.8__react@19.2.8/node_modules/@base-ui/react/radio-group/RadioGroupContext.mjs" may not be preserved when bundling.
   [38;5;246m╭[0m[38;5;246m─[0m[38;5;246m[[0m ../../node_modules/.pnpm/@base-ui+react@1.8.0_@types+react@19.2.18_react-dom@19.2.8_react@19.2.8__react@19.2.8/node_modules/@base-ui/react/radio-group/RadioGroupContext.mjs:1:1 [38;5;246m][0m
   [38;5;246m│[0m
 [38;5;246m1 │[0m 'use client';
 [38;5;240m  │[0m ──────┬──────  
 [38;5;240m  │[0m       ╰──────── module level directive may not be preserved
 [38;5;240m  │[0m 
 [38;5;240m  │[0m [38;5;115mHelp[0m: For more information, see https://rolldown.rs/in-depth/directives#other-directives
[38;5;246m───╯[0m

[33m[MODULE_LEVEL_DIRECTIVE] [0mThe semantics of the module level directive "use client" in "../../node_modules/.pnpm/@base-ui+react@1.8.0_@types+react@19.2.18_react-dom@19.2.8_react@19.2.8__react@19.2.8/node_modules/@base-ui/react/popover/root/PopoverRoot.mjs" may not be preserved when bundling.
   [38;5;246m╭[0m[38;5;246m─[0m[38;5;246m[[0m ../../node_modules/.pnpm/@base-ui+react@1.8.0_@types+react@19.2.18_react-dom@19.2.8_react@19.2.8__react@19.2.8/node_modules/@base-ui/react/popover/root/PopoverRoot.mjs:1:1 [38;5;246m][0m
   [38;5;246m│[0m
 [38;5;246m1 │[0m 'use client';
 [38;5;240m  │[0m ──────┬──────  
 [38;5;240m  │[0m       ╰──────── module level directive may not be preserved
 [38;5;240m  │[0m 
 [38;5;240m  │[0m [38;5;115mHelp[0m: For more information, see https://rolldown.rs/in-depth/directives#other-directives
[38;5;246m───╯[0m

[33m[MODULE_LEVEL_DIRECTIVE] [0mThe semantics of the module level directive "use client" in "../../node_modules/.pnpm/@base-ui+react@1.8.0_@types+react@19.2.18_react-dom@19.2.8_react@19.2.8__react@19.2.8/node_modules/@base-ui/react/toolbar/group/ToolbarGroup.mjs" may not be preserved when bundling.
   [38;5;246m╭[0m[38;5;246m─[0m[38;5;246m[[0m ../../node_modules/.pnpm/@base-ui+react@1.8.0_@types+react@19.2.18_react-dom@19.2.8_react@19.2.8__react@19.2.8/node_modules/@base-ui/react/toolbar/group/ToolbarGroup.mjs:1:1 [38;5;246m][0m
   [38;5;246m│[0m
 [38;5;246m1 │[0m 'use client';
 [38;5;240m  │[0m ──────┬──────  
 [38;5;240m  │[0m       ╰──────── module level directive may not be preserved
 [38;5;240m  │[0m 
 [38;5;240m  │[0m [38;5;115mHelp[0m: For more information, see https://rolldown.rs/in-depth/directives#other-directives
[38;5;246m───╯[0m

[33m[MODULE_LEVEL_DIRECTIVE] [0mThe semantics of the module level directive "use client" in "../../node_modules/.pnpm/@base-ui+react@1.8.0_@types+react@19.2.18_react-dom@19.2.8_react@19.2.8__react@19.2.8/node_modules/@base-ui/react/checkbox-group/useCheckboxGroupParent.mjs" may not be preserved when bundling.
   [38;5;246m╭[0m[38;5;246m─[0m[38;5;246m[[0m ../../node_modules/.pnpm/@base-ui+react@1.8.0_@types+react@19.2.18_react-dom@19.2.8_react@19.2.8__react@19.2.8/node_modules/@base-ui/react/checkbox-group/useCheckboxGroupParent.mjs:1:1 [38;5;246m][0m
   [38;5;246m│[0m
 [38;5;246m1 │[0m 'use client';
 [38;5;240m  │[0m ──────┬──────  
 [38;5;240m  │[0m       ╰──────── module level directive may not be preserved
 [38;5;240m  │[0m 
 [38;5;240m  │[0m [38;5;115mHelp[0m: For more information, see https://rolldown.rs/in-depth/directives#other-directives
[38;5;246m───╯[0m

[33m[MODULE_LEVEL_DIRECTIVE] [0mThe semantics of the module level directive "use client" in "../../node_modules/.pnpm/@base-ui+react@1.8.0_@types+react@19.2.18_react-dom@19.2.8_react@19.2.8__react@19.2.8/node_modules/@base-ui/react/toolbar/root/ToolbarRoot.mjs" may not be preserved when bundling.
   [38;5;246m╭[0m[38;5;246m─[0m[38;5;246m[[0m ../../node_modules/.pnpm/@base-ui+react@1.8.0_@types+react@19.2.18_react-dom@19.2.8_react@19.2.8__react@19.2.8/node_modules/@base-ui/react/toolbar/root/ToolbarRoot.mjs:1:1 [38;5;246m][0m
   [38;5;246m│[0m
 [38;5;246m1 │[0m 'use client';
 [38;5;240m  │[0m ──────┬──────  
 [38;5;240m  │[0m       ╰──────── module level directive may not be preserved
 [38;5;240m  │[0m 
 [38;5;240m  │[0m [38;5;115mHelp[0m: For more information, see https://rolldown.rs/in-depth/directives#other-directives
[38;5;246m───╯[0m

[33m[MODULE_LEVEL_DIRECTIVE] [0mThe semantics of the module level directive "use client" in "../../node_modules/.pnpm/@base-ui+react@1.8.0_@types+react@19.2.18_react-dom@19.2.8_react@19.2.8__react@19.2.8/node_modules/@base-ui/react/popover/close/PopoverClose.mjs" may not be preserved when bundling.
   [38;5;246m╭[0m[38;5;246m─[0m[38;5;246m[[0m ../../node_modules/.pnpm/@base-ui+react@1.8.0_@types+react@19.2.18_react-dom@19.2.8_react@19.2.8__react@19.2.8/node_modules/@base-ui/react/popover/close/PopoverClose.mjs:1:1 [38;5;246m][0m
   [38;5;246m│[0m
 [38;5;246m1 │[0m 'use client';
 [38;5;240m  │[0m ──────┬──────  
 [38;5;240m  │[0m       ╰──────── module level directive may not be preserved
 [38;5;240m  │[0m 
 [38;5;240m  │[0m [38;5;115mHelp[0m: For more information, see https://rolldown.rs/in-depth/directives#other-directives
[38;5;246m───╯[0m

[33m[MODULE_LEVEL_DIRECTIVE] [0mThe semantics of the module level directive "use client" in "../../node_modules/.pnpm/@base-ui+react@1.8.0_@types+react@19.2.18_react-dom@19.2.8_react@19.2.8__react@19.2.8/node_modules/@base-ui/react/utils/useOpenInteractionType.mjs" may not be preserved when bundling.
   [38;5;246m╭[0m[38;5;246m─[0m[38;5;246m[[0m ../../node_modules/.pnpm/@base-ui+react@1.8.0_@types+react@19.2.18_react-dom@19.2.8_react@19.2.8__react@19.2.8/node_modules/@base-ui/react/utils/useOpenInteractionType.mjs:1:1 [38;5;246m][0m
   [38;5;246m│[0m
 [38;5;246m1 │[0m 'use client';
 [38;5;240m  │[0m ──────┬──────  
 [38;5;240m  │[0m       ╰──────── module level directive may not be preserved
 [38;5;240m  │[0m 
 [38;5;240m  │[0m [38;5;115mHelp[0m: For more information, see https://rolldown.rs/in-depth/directives#other-directives
[38;5;246m───╯[0m

[33m[MODULE_LEVEL_DIRECTIVE] [0mThe semantics of the module level directive "use client" in "../../node_modules/.pnpm/@base-ui+react@1.8.0_@types+react@19.2.18_react-dom@19.2.8_react@19.2.8__react@19.2.8/node_modules/@base-ui/react/menu/root/MenuRoot.mjs" may not be preserved when bundling.
   [38;5;246m╭[0m[38;5;246m─[0m[38;5;246m[[0m ../../node_modules/.pnpm/@base-ui+react@1.8.0_@types+react@19.2.18_react-dom@19.2.8_react@19.2.8__react@19.2.8/node_modules/@base-ui/react/menu/root/MenuRoot.mjs:1:1 [38;5;246m][0m
   [38;5;246m│[0m
 [38;5;246m1 │[0m 'use client';
 [38;5;240m  │[0m ──────┬──────  
 [38;5;240m  │[0m       ╰──────── module level directive may not be preserved
 [38;5;240m  │[0m 
 [38;5;240m  │[0m [38;5;115mHelp[0m: For more information, see https://rolldown.rs/in-depth/directives#other-directives
[38;5;246m───╯[0m

[33m[MODULE_LEVEL_DIRECTIVE] [0mThe semantics of the module level directive "use client" in "../../node_modules/.pnpm/@base-ui+react@1.8.0_@types+react@19.2.18_react-dom@19.2.8_react@19.2.8__react@19.2.8/node_modules/@base-ui/react/accordion/root/AccordionRootContext.mjs" may not be preserved when bundling.
   [38;5;246m╭[0m[38;5;246m─[0m[38;5;246m[[0m ../../node_modules/.pnpm/@base-ui+react@1.8.0_@types+react@19.2.18_react-dom@19.2.8_react@19.2.8__react@19.2.8/node_modules/@base-ui/react/accordion/root/AccordionRootContext.mjs:1:1 [38;5;246m][0m
   [38;5;246m│[0m
 [38;5;246m1 │[0m 'use client';
 [38;5;240m  │[0m ──────┬──────  
 [38;5;240m  │[0m       ╰──────── module level directive may not be preserved
 [38;5;240m  │[0m 
 [38;5;240m  │[0m [38;5;115mHelp[0m: For more information, see https://rolldown.rs/in-depth/directives#other-directives
[38;5;246m───╯[0m

[33m[MODULE_LEVEL_DIRECTIVE] [0mThe semantics of the module level directive "use client" in "../../node_modules/.pnpm/@base-ui+react@1.8.0_@types+react@19.2.18_react-dom@19.2.8_react@19.2.8__react@19.2.8/node_modules/@base-ui/react/popover/trigger/PopoverTrigger.mjs" may not be preserved when bundling.
   [38;5;246m╭[0m[38;5;246m─[0m[38;5;246m[[0m ../../node_modules/.pnpm/@base-ui+react@1.8.0_@types+react@19.2.18_react-dom@19.2.8_react@19.2.8__react@19.2.8/node_modules/@base-ui/react/popover/trigger/PopoverTrigger.mjs:1:1 [38;5;246m][0m
   [38;5;246m│[0m
 [38;5;246m1 │[0m 'use client';
 [38;5;240m  │[0m ──────┬──────  
 [38;5;240m  │[0m       ╰──────── module level directive may not be preserved
 [38;5;240m  │[0m 
 [38;5;240m  │[0m [38;5;115mHelp[0m: For more information, see https://rolldown.rs/in-depth/directives#other-directives
[38;5;246m───╯[0m

[33m[MODULE_LEVEL_DIRECTIVE] [0mThe semantics of the module level directive "use client" in "../../node_modules/.pnpm/@base-ui+react@1.8.0_@types+react@19.2.18_react-dom@19.2.8_react@19.2.8__react@19.2.8/node_modules/@base-ui/react/number-field/decrement/NumberFieldDecrement.mjs" may not be preserved when bundling.
   [38;5;246m╭[0m[38;5;246m─[0m[38;5;246m[[0m ../../node_modules/.pnpm/@base-ui+react@1.8.0_@types+react@19.2.18_react-dom@19.2.8_react@19.2.8__react@19.2.8/node_modules/@base-ui/react/number-field/decrement/NumberFieldDecrement.mjs:1:1 [38;5;246m][0m
   [38;5;246m│[0m
 [38;5;246m1 │[0m 'use client';
 [38;5;240m  │[0m ──────┬──────  
 [38;5;240m  │[0m       ╰──────── module level directive may not be preserved
 [38;5;240m  │[0m 
 [38;5;240m  │[0m [38;5;115mHelp[0m: For more information, see https://rolldown.rs/in-depth/directives#other-directives
[38;5;246m───╯[0m

[33m[MODULE_LEVEL_DIRECTIVE] [0mThe semantics of the module level directive "use client" in "../../node_modules/.pnpm/@base-ui+react@1.8.0_@types+react@19.2.18_react-dom@19.2.8_react@19.2.8__react@19.2.8/node_modules/@base-ui/react/popover/viewport/PopoverViewport.mjs" may not be preserved when bundling.
   [38;5;246m╭[0m[38;5;246m─[0m[38;5;246m[[0m ../../node_modules/.pnpm/@base-ui+react@1.8.0_@types+react@19.2.18_react-dom@19.2.8_react@19.2.8__react@19.2.8/node_modules/@base-ui/react/popover/viewport/PopoverViewport.mjs:1:1 [38;5;246m][0m
   [38;5;246m│[0m
 [38;5;246m1 │[0m 'use client';
 [38;5;240m  │[0m ──────┬──────  
 [38;5;240m  │[0m       ╰──────── module level directive may not be preserved
 [38;5;240m  │[0m 
 [38;5;240m  │[0m [38;5;115mHelp[0m: For more information, see https://rolldown.rs/in-depth/directives#other-directives
[38;5;246m───╯[0m

[33m[MODULE_LEVEL_DIRECTIVE] [0mThe semantics of the module level directive "use client" in "../../node_modules/.pnpm/@base-ui+react@1.8.0_@types+react@19.2.18_react-dom@19.2.8_react@19.2.8__react@19.2.8/node_modules/@base-ui/react/toolbar/button/ToolbarButton.mjs" may not be preserved when bundling.
   [38;5;246m╭[0m[38;5;246m─[0m[38;5;246m[[0m ../../node_modules/.pnpm/@base-ui+react@1.8.0_@types+react@19.2.18_react-dom@19.2.8_react@19.2.8__react@19.2.8/node_modules/@base-ui/react/toolbar/button/ToolbarButton.mjs:1:1 [38;5;246m][0m
   [38;5;246m│[0m
 [38;5;246m1 │[0m 'use client';
 [38;5;240m  │[0m ──────┬──────  
 [38;5;240m  │[0m       ╰──────── module level directive may not be preserved
 [38;5;240m  │[0m 
 [38;5;240m  │[0m [38;5;115mHelp[0m: For more information, see https://rolldown.rs/in-depth/directives#other-directives
[38;5;246m───╯[0m

[33m[MODULE_LEVEL_DIRECTIVE] [0mThe semantics of the module level directive "use client" in "../../node_modules/.pnpm/@base-ui+react@1.8.0_@types+react@19.2.18_react-dom@19.2.8_react@19.2.8__react@19.2.8/node_modules/@base-ui/react/menu/viewport/MenuViewport.mjs" may not be preserved when bundling.
   [38;5;246m╭[0m[38;5;246m─[0m[38;5;246m[[0m ../../node_modules/.pnpm/@base-ui+react@1.8.0_@types+react@19.2.18_react-dom@19.2.8_react@19.2.8__react@19.2.8/node_modules/@base-ui/react/menu/viewport/MenuViewport.mjs:1:1 [38;5;246m][0m
   [38;5;246m│[0m
 [38;5;246m1 │[0m 'use client';
 [38;5;240m  │[0m ──────┬──────  
 [38;5;240m  │[0m       ╰──────── module level directive may not be preserved
 [38;5;240m  │[0m 
 [38;5;240m  │[0m [38;5;115mHelp[0m: For more information, see https://rolldown.rs/in-depth/directives#other-directives
[38;5;246m───╯[0m

[33m[MODULE_LEVEL_DIRECTIVE] [0mThe semantics of the module level directive "use client" in "../../node_modules/.pnpm/@base-ui+react@1.8.0_@types+react@19.2.18_react-dom@19.2.8_react@19.2.8__react@19.2.8/node_modules/@base-ui/react/menu/trigger/MenuTrigger.mjs" may not be preserved when bundling.
   [38;5;246m╭[0m[38;5;246m─[0m[38;5;246m[[0m ../../node_modules/.pnpm/@base-ui+react@1.8.0_@types+react@19.2.18_react-dom@19.2.8_react@19.2.8__react@19.2.8/node_modules/@base-ui/react/menu/trigger/MenuTrigger.mjs:1:1 [38;5;246m][0m
   [38;5;246m│[0m
 [38;5;246m1 │[0m 'use client';
 [38;5;240m  │[0m ──────┬──────  
 [38;5;240m  │[0m       ╰──────── module level directive may not be preserved
 [38;5;240m  │[0m 
 [38;5;240m  │[0m [38;5;115mHelp[0m: For more information, see https://rolldown.rs/in-depth/directives#other-directives
[38;5;246m───╯[0m

[33m[MODULE_LEVEL_DIRECTIVE] [0mThe semantics of the module level directive "use client" in "../../node_modules/.pnpm/@base-ui+react@1.8.0_@types+react@19.2.18_react-dom@19.2.8_react@19.2.8__react@19.2.8/node_modules/@base-ui/react/internals/composite/root/CompositeRootContext.mjs" may not be preserved when bundling.
   [38;5;246m╭[0m[38;5;246m─[0m[38;5;246m[[0m ../../node_modules/.pnpm/@base-ui+react@1.8.0_@types+react@19.2.18_react-dom@19.2.8_react@19.2.8__react@19.2.8/node_modules/@base-ui/react/internals/composite/root/CompositeRootContext.mjs:1:1 [38;5;246m][0m
   [38;5;246m│[0m
 [38;5;246m1 │[0m 'use client';
 [38;5;240m  │[0m ──────┬──────  
 [38;5;240m  │[0m       ╰──────── module level directive may not be preserved
 [38;5;240m  │[0m 
 [38;5;240m  │[0m [38;5;115mHelp[0m: For more information, see https://rolldown.rs/in-depth/directives#other-directives
[38;5;246m───╯[0m

[33m[MODULE_LEVEL_DIRECTIVE] [0mThe semantics of the module level directive "use client" in "../../node_modules/.pnpm/@base-ui+react@1.8.0_@types+react@19.2.18_react-dom@19.2.8_react@19.2.8__react@19.2.8/node_modules/@base-ui/react/popover/portal/PopoverPortal.mjs" may not be preserved when bundling.
   [38;5;246m╭[0m[38;5;246m─[0m[38;5;246m[[0m ../../node_modules/.pnpm/@base-ui+react@1.8.0_@types+react@19.2.18_react-dom@19.2.8_react@19.2.8__react@19.2.8/node_modules/@base-ui/react/popover/portal/PopoverPortal.mjs:1:1 [38;5;246m][0m
   [38;5;246m│[0m
 [38;5;246m1 │[0m 'use client';
 [38;5;240m  │[0m ──────┬──────  
 [38;5;240m  │[0m       ╰──────── module level directive may not be preserved
 [38;5;240m  │[0m 
 [38;5;240m  │[0m [38;5;115mHelp[0m: For more information, see https://rolldown.rs/in-depth/directives#other-directives
[38;5;246m───╯[0m

[33m[MODULE_LEVEL_DIRECTIVE] [0mThe semantics of the module level directive "use client" in "../../node_modules/.pnpm/@base-ui+react@1.8.0_@types+react@19.2.18_react-dom@19.2.8_react@19.2.8__react@19.2.8/node_modules/@base-ui/react/toolbar/link/ToolbarLink.mjs" may not be preserved when bundling.
   [38;5;246m╭[0m[38;5;246m─[0m[38;5;246m[[0m ../../node_modules/.pnpm/@base-ui+react@1.8.0_@types+react@19.2.18_react-dom@19.2.8_react@19.2.8__react@19.2.8/node_modules/@base-ui/react/toolbar/link/ToolbarLink.mjs:1:1 [38;5;246m][0m
   [38;5;246m│[0m
 [38;5;246m1 │[0m 'use client';
 [38;5;240m  │[0m ──────┬──────  
 [38;5;240m  │[0m       ╰──────── module level directive may not be preserved
 [38;5;240m  │[0m 
 [38;5;240m  │[0m [38;5;115mHelp[0m: For more information, see https://rolldown.rs/in-depth/directives#other-directives
[38;5;246m───╯[0m

[33m[MODULE_LEVEL_DIRECTIVE] [0mThe semantics of the module level directive "use client" in "../../node_modules/.pnpm/@base-ui+react@1.8.0_@types+react@19.2.18_react-dom@19.2.8_react@19.2.8__react@19.2.8/node_modules/@base-ui/react/internals/field-register-control/useRegisterFieldControl.mjs" may not be preserved when bundling.
   [38;5;246m╭[0m[38;5;246m─[0m[38;5;246m[[0m ../../node_modules/.pnpm/@base-ui+react@1.8.0_@types+react@19.2.18_react-dom@19.2.8_react@19.2.8__react@19.2.8/node_modules/@base-ui/react/internals/field-register-control/useRegisterFieldControl.mjs:1:1 [38;5;246m][0m
   [38;5;246m│[0m
 [38;5;246m1 │[0m 'use client';
 [38;5;240m  │[0m ──────┬──────  
 [38;5;240m  │[0m       ╰──────── module level directive may not be preserved
 [38;5;240m  │[0m 
 [38;5;240m  │[0m [38;5;115mHelp[0m: For more information, see https://rolldown.rs/in-depth/directives#other-directives
[38;5;246m───╯[0m

[33m[MODULE_LEVEL_DIRECTIVE] [0mThe semantics of the module level directive "use client" in "../../node_modules/.pnpm/@base-ui+react@1.8.0_@types+react@19.2.18_react-dom@19.2.8_react@19.2.8__react@19.2.8/node_modules/@base-ui/react/checkbox-group/CheckboxGroupContext.mjs" may not be preserved when bundling.
   [38;5;246m╭[0m[38;5;246m─[0m[38;5;246m[[0m ../../node_modules/.pnpm/@base-ui+react@1.8.0_@types+react@19.2.18_react-dom@19.2.8_react@19.2.8__react@19.2.8/node_modules/@base-ui/react/checkbox-group/CheckboxGroupContext.mjs:1:1 [38;5;246m][0m
   [38;5;246m│[0m
 [38;5;246m1 │[0m 'use client';
 [38;5;240m  │[0m ──────┬──────  
 [38;5;240m  │[0m       ╰──────── module level directive may not be preserved
 [38;5;240m  │[0m 
 [38;5;240m  │[0m [38;5;115mHelp[0m: For more information, see https://rolldown.rs/in-depth/directives#other-directives
[38;5;246m───╯[0m

[33m[MODULE_LEVEL_DIRECTIVE] [0mThe semantics of the module level directive "use client" in "../../node_modules/.pnpm/@base-ui+react@1.8.0_@types+react@19.2.18_react-dom@19.2.8_react@19.2.8__react@19.2.8/node_modules/@base-ui/react/progress/root/ProgressRoot.mjs" may not be preserved when bundling.
   [38;5;246m╭[0m[38;5;246m─[0m[38;5;246m[[0m ../../node_modules/.pnpm/@base-ui+react@1.8.0_@types+react@19.2.18_react-dom@19.2.8_react@19.2.8__react@19.2.8/node_modules/@base-ui/react/progress/root/ProgressRoot.mjs:1:1 [38;5;246m][0m
   [38;5;246m│[0m
 [38;5;246m1 │[0m 'use client';
 [38;5;240m  │[0m ──────┬──────  
 [38;5;240m  │[0m       ╰──────── module level directive may not be preserved
 [38;5;240m  │[0m 
 [38;5;240m  │[0m [38;5;115mHelp[0m: For more information, see https://rolldown.rs/in-depth/directives#other-directives
[38;5;246m───╯[0m

[33m[MODULE_LEVEL_DIRECTIVE] [0mThe semantics of the module level directive "use client" in "../../node_modules/.pnpm/@base-ui+react@1.8.0_@types+react@19.2.18_react-dom@19.2.8_react@19.2.8__react@19.2.8/node_modules/@base-ui/react/popover/positioner/PopoverPositioner.mjs" may not be preserved when bundling.
   [38;5;246m╭[0m[38;5;246m─[0m[38;5;246m[[0m ../../node_modules/.pnpm/@base-ui+react@1.8.0_@types+react@19.2.18_react-dom@19.2.8_react@19.2.8__react@19.2.8/node_modules/@base-ui/react/popover/positioner/PopoverPositioner.mjs:1:1 [38;5;246m][0m
   [38;5;246m│[0m
 [38;5;246m1 │[0m 'use client';
 [38;5;240m  │[0m ──────┬──────  
 [38;5;240m  │[0m       ╰──────── module level directive may not be preserved
 [38;5;240m  │[0m 
 [38;5;240m  │[0m [38;5;115mHelp[0m: For more information, see https://rolldown.rs/in-depth/directives#other-directives
[38;5;246m───╯[0m

[33m[MODULE_LEVEL_DIRECTIVE] [0mThe semantics of the module level directive "use client" in "../../node_modules/.pnpm/@base-ui+react@1.8.0_@types+react@19.2.18_react-dom@19.2.8_react@19.2.8__react@19.2.8/node_modules/@base-ui/react/popover/arrow/PopoverArrow.mjs" may not be preserved when bundling.
   [38;5;246m╭[0m[38;5;246m─[0m[38;5;246m[[0m ../../node_modules/.pnpm/@base-ui+react@1.8.0_@types+react@19.2.18_react-dom@19.2.8_react@19.2.8__react@19.2.8/node_modules/@base-ui/react/popover/arrow/PopoverArrow.mjs:1:1 [38;5;246m][0m
   [38;5;246m│[0m
 [38;5;246m1 │[0m 'use client';
 [38;5;240m  │[0m ──────┬──────  
 [38;5;240m  │[0m       ╰──────── module level directive may not be preserved
 [38;5;240m  │[0m 
 [38;5;240m  │[0m [38;5;115mHelp[0m: For more information, see https://rolldown.rs/in-depth/directives#other-directives
[38;5;246m───╯[0m

[33m[MODULE_LEVEL_DIRECTIVE] [0mThe semantics of the module level directive "use client" in "../../node_modules/.pnpm/@base-ui+react@1.8.0_@types+react@19.2.18_react-dom@19.2.8_react@19.2.8__react@19.2.8/node_modules/@base-ui/react/toolbar/input/ToolbarInput.mjs" may not be preserved when bundling.
   [38;5;246m╭[0m[38;5;246m─[0m[38;5;246m[[0m ../../node_modules/.pnpm/@base-ui+react@1.8.0_@types+react@19.2.18_react-dom@19.2.8_react@19.2.8__react@19.2.8/node_modules/@base-ui/react/toolbar/input/ToolbarInput.mjs:1:1 [38;5;246m][0m
   [38;5;246m│[0m
 [38;5;246m1 │[0m 'use client';
 [38;5;240m  │[0m ──────┬──────  
 [38;5;240m  │[0m       ╰──────── module level directive may not be preserved
 [38;5;240m  │[0m 
 [38;5;240m  │[0m [38;5;115mHelp[0m: For more information, see https://rolldown.rs/in-depth/directives#other-directives
[38;5;246m───╯[0m

[33m[MODULE_LEVEL_DIRECTIVE] [0mThe semantics of the module level directive "use client" in "../../node_modules/.pnpm/@base-ui+react@1.8.0_@types+react@19.2.18_react-dom@19.2.8_react@19.2.8__react@19.2.8/node_modules/@base-ui/react/menu/submenu-trigger/MenuSubmenuTrigger.mjs" may not be preserved when bundling.
   [38;5;246m╭[0m[38;5;246m─[0m[38;5;246m[[0m ../../node_modules/.pnpm/@base-ui+react@1.8.0_@types+react@19.2.18_react-dom@19.2.8_react@19.2.8__react@19.2.8/node_modules/@base-ui/react/menu/submenu-trigger/MenuSubmenuTrigger.mjs:1:1 [38;5;246m][0m
   [38;5;246m│[0m
 [38;5;246m1 │[0m 'use client';
 [38;5;240m  │[0m ──────┬──────  
 [38;5;240m  │[0m       ╰──────── module level directive may not be preserved
 [38;5;240m  │[0m 
 [38;5;240m  │[0m [38;5;115mHelp[0m: For more information, see https://rolldown.rs/in-depth/directives#other-directives
[38;5;246m───╯[0m

[33m[MODULE_LEVEL_DIRECTIVE] [0mThe semantics of the module level directive "use client" in "../../node_modules/.pnpm/@base-ui+react@1.8.0_@types+react@19.2.18_react-dom@19.2.8_react@19.2.8__react@19.2.8/node_modules/@base-ui/react/internals/useOpenChangeComplete.mjs" may not be preserved when bundling.
   [38;5;246m╭[0m[38;5;246m─[0m[38;5;246m[[0m ../../node_modules/.pnpm/@base-ui+react@1.8.0_@types+react@19.2.18_react-dom@19.2.8_react@19.2.8__react@19.2.8/node_modules/@base-ui/react/internals/useOpenChangeComplete.mjs:1:1 [38;5;246m][0m
   [38;5;246m│[0m
 [38;5;246m1 │[0m 'use client';
 [38;5;240m  │[0m ──────┬──────  
 [38;5;240m  │[0m       ╰──────── module level directive may not be preserved
 [38;5;240m  │[0m 
 [38;5;240m  │[0m [38;5;115mHelp[0m: For more information, see https://rolldown.rs/in-depth/directives#other-directives
[38;5;246m───╯[0m

[33m[MODULE_LEVEL_DIRECTIVE] [0mThe semantics of the module level directive "use client" in "../../node_modules/.pnpm/@base-ui+react@1.8.0_@types+react@19.2.18_react-dom@19.2.8_react@19.2.8__react@19.2.8/node_modules/@base-ui/react/accordion/item/AccordionItemContext.mjs" may not be preserved when bundling.
   [38;5;246m╭[0m[38;5;246m─[0m[38;5;246m[[0m ../../node_modules/.pnpm/@base-ui+react@1.8.0_@types+react@19.2.18_react-dom@19.2.8_react@19.2.8__react@19.2.8/node_modules/@base-ui/react/accordion/item/AccordionItemContext.mjs:1:1 [38;5;246m][0m
   [38;5;246m│[0m
 [38;5;246m1 │[0m 'use client';
 [38;5;240m  │[0m ──────┬──────  
 [38;5;240m  │[0m       ╰──────── module level directive may not be preserved
 [38;5;240m  │[0m 
 [38;5;240m  │[0m [38;5;115mHelp[0m: For more information, see https://rolldown.rs/in-depth/directives#other-directives
[38;5;246m───╯[0m

[33m[MODULE_LEVEL_DIRECTIVE] [0mThe semantics of the module level directive "use client" in "../../node_modules/.pnpm/@base-ui+react@1.8.0_@types+react@19.2.18_react-dom@19.2.8_react@19.2.8__react@19.2.8/node_modules/@base-ui/react/number-field/input/NumberFieldInput.mjs" may not be preserved when bundling.
   [38;5;246m╭[0m[38;5;246m─[0m[38;5;246m[[0m ../../node_modules/.pnpm/@base-ui+react@1.8.0_@types+react@19.2.18_react-dom@19.2.8_react@19.2.8__react@19.2.8/node_modules/@base-ui/react/number-field/input/NumberFieldInput.mjs:1:1 [38;5;246m][0m
   [38;5;246m│[0m
 [38;5;246m1 │[0m 'use client';
 [38;5;240m  │[0m ──────┬──────  
 [38;5;240m  │[0m       ╰──────── module level directive may not be preserved
 [38;5;240m  │[0m 
 [38;5;240m  │[0m [38;5;115mHelp[0m: For more information, see https://rolldown.rs/in-depth/directives#other-directives
[38;5;246m───╯[0m

[33m[MODULE_LEVEL_DIRECTIVE] [0mThe semantics of the module level directive "use client" in "../../node_modules/.pnpm/@base-ui+react@1.8.0_@types+react@19.2.18_react-dom@19.2.8_react@19.2.8__react@19.2.8/node_modules/@base-ui/react/preview-card/trigger/PreviewCardTrigger.mjs" may not be preserved when bundling.
   [38;5;246m╭[0m[38;5;246m─[0m[38;5;246m[[0m ../../node_modules/.pnpm/@base-ui+react@1.8.0_@types+react@19.2.18_react-dom@19.2.8_react@19.2.8__react@19.2.8/node_modules/@base-ui/react/preview-card/trigger/PreviewCardTrigger.mjs:1:1 [38;5;246m][0m
   [38;5;246m│[0m
 [38;5;246m1 │[0m 'use client';
 [38;5;240m  │[0m ──────┬──────  
 [38;5;240m  │[0m       ╰──────── module level directive may not be preserved
 [38;5;240m  │[0m 
 [38;5;240m  │[0m [38;5;115mHelp[0m: For more information, see https://rolldown.rs/in-depth/directives#other-directives
[38;5;246m───╯[0m

[33m[MODULE_LEVEL_DIRECTIVE] [0mThe semantics of the module level directive "use client" in "../../node_modules/.pnpm/@base-ui+react@1.8.0_@types+react@19.2.18_react-dom@19.2.8_react@19.2.8__react@19.2.8/node_modules/@base-ui/react/number-field/scrub-area/NumberFieldScrubArea.mjs" may not be preserved when bundling.
   [38;5;246m╭[0m[38;5;246m─[0m[38;5;246m[[0m ../../node_modules/.pnpm/@base-ui+react@1.8.0_@types+react@19.2.18_react-dom@19.2.8_react@19.2.8__react@19.2.8/node_modules/@base-ui/react/number-field/scrub-area/NumberFieldScrubArea.mjs:1:1 [38;5;246m][0m
   [38;5;246m│[0m
 [38;5;246m1 │[0m 'use client';
 [38;5;240m  │[0m ──────┬──────  
 [38;5;240m  │[0m       ╰──────── module level directive may not be preserved
 [38;5;240m  │[0m 
 [38;5;240m  │[0m [38;5;115mHelp[0m: For more information, see https://rolldown.rs/in-depth/directives#other-directives
[38;5;246m───╯[0m

[33m[MODULE_LEVEL_DIRECTIVE] [0mThe semantics of the module level directive "use client" in "../../node_modules/.pnpm/@base-ui+react@1.8.0_@types+react@19.2.18_react-dom@19.2.8_react@19.2.8__react@19.2.8/node_modules/@base-ui/react/number-field/root/NumberFieldRoot.mjs" may not be preserved when bundling.
   [38;5;246m╭[0m[38;5;246m─[0m[38;5;246m[[0m ../../node_modules/.pnpm/@base-ui+react@1.8.0_@types+react@19.2.18_react-dom@19.2.8_react@19.2.8__react@19.2.8/node_modules/@base-ui/react/number-field/root/NumberFieldRoot.mjs:1:1 [38;5;246m][0m
   [38;5;246m│[0m
 [38;5;246m1 │[0m 'use client';
 [38;5;240m  │[0m ──────┬──────  
 [38;5;240m  │[0m       ╰──────── module level directive may not be preserved
 [38;5;240m  │[0m 
 [38;5;240m  │[0m [38;5;115mHelp[0m: For more information, see https://rolldown.rs/in-depth/directives#other-directives
[38;5;246m───╯[0m

[33m[MODULE_LEVEL_DIRECTIVE] [0mThe semantics of the module level directive "use client" in "../../node_modules/.pnpm/@base-ui+utils@0.4.0_@types+react@19.2.18_react-dom@19.2.8_react@19.2.8__react@19.2.8/node_modules/@base-ui/utils/useOnMount.mjs" may not be preserved when bundling.
   [38;5;246m╭[0m[38;5;246m─[0m[38;5;246m[[0m ../../node_modules/.pnpm/@base-ui+utils@0.4.0_@types+react@19.2.18_react-dom@19.2.8_react@19.2.8__react@19.2.8/node_modules/@base-ui/utils/useOnMount.mjs:1:1 [38;5;246m][0m
   [38;5;246m│[0m
 [38;5;246m1 │[0m 'use client';
 [38;5;240m  │[0m ──────┬──────  
 [38;5;240m  │[0m       ╰──────── module level directive may not be preserved
 [38;5;240m  │[0m 
 [38;5;240m  │[0m [38;5;115mHelp[0m: For more information, see https://rolldown.rs/in-depth/directives#other-directives
[38;5;246m───╯[0m

[33m[MODULE_LEVEL_DIRECTIVE] [0mThe semantics of the module level directive "use client" in "../../node_modules/.pnpm/@base-ui+react@1.8.0_@types+react@19.2.18_react-dom@19.2.8_react@19.2.8__react@19.2.8/node_modules/@base-ui/react/internals/field-register-control/useFieldControlRegistration.mjs" may not be preserved when bundling.
   [38;5;246m╭[0m[38;5;246m─[0m[38;5;246m[[0m ../../node_modules/.pnpm/@base-ui+react@1.8.0_@types+react@19.2.18_react-dom@19.2.8_react@19.2.8__react@19.2.8/node_modules/@base-ui/react/internals/field-register-control/useFieldControlRegistration.mjs:1:1 [38;5;246m][0m
   [38;5;246m│[0m
 [38;5;246m1 │[0m 'use client';
 [38;5;240m  │[0m ──────┬──────  
 [38;5;240m  │[0m       ╰──────── module level directive may not be preserved
 [38;5;240m  │[0m 
 [38;5;240m  │[0m [38;5;115mHelp[0m: For more information, see https://rolldown.rs/in-depth/directives#other-directives
[38;5;246m───╯[0m

[33m[MODULE_LEVEL_DIRECTIVE] [0mThe semantics of the module level directive "use client" in "../../node_modules/.pnpm/@base-ui+react@1.8.0_@types+react@19.2.18_react-dom@19.2.8_react@19.2.8__react@19.2.8/node_modules/@base-ui/react/preview-card/root/PreviewCardContext.mjs" may not be preserved when bundling.
   [38;5;246m╭[0m[38;5;246m─[0m[38;5;246m[[0m ../../node_modules/.pnpm/@base-ui+react@1.8.0_@types+react@19.2.18_react-dom@19.2.8_react@19.2.8__react@19.2.8/node_modules/@base-ui/react/preview-card/root/PreviewCardContext.mjs:1:1 [38;5;246m][0m
   [38;5;246m│[0m
 [38;5;246m1 │[0m 'use client';
 [38;5;240m  │[0m ──────┬──────  
 [38;5;240m  │[0m       ╰──────── module level directive may not be preserved
 [38;5;240m  │[0m 
 [38;5;240m  │[0m [38;5;115mHelp[0m: For more information, see https://rolldown.rs/in-depth/directives#other-directives
[38;5;246m───╯[0m

[33m[MODULE_LEVEL_DIRECTIVE] [0mThe semantics of the module level directive "use client" in "../../node_modules/.pnpm/@base-ui+react@1.8.0_@types+react@19.2.18_react-dom@19.2.8_react@19.2.8__react@19.2.8/node_modules/@base-ui/react/menu/radio-item/MenuRadioItemContext.mjs" may not be preserved when bundling.
   [38;5;246m╭[0m[38;5;246m─[0m[38;5;246m[[0m ../../node_modules/.pnpm/@base-ui+react@1.8.0_@types+react@19.2.18_react-dom@19.2.8_react@19.2.8__react@19.2.8/node_modules/@base-ui/react/menu/radio-item/MenuRadioItemContext.mjs:1:1 [38;5;246m][0m
   [38;5;246m│[0m
 [38;5;246m1 │[0m 'use client';
 [38;5;240m  │[0m ──────┬──────  
 [38;5;240m  │[0m       ╰──────── module level directive may not be preserved
 [38;5;240m  │[0m 
 [38;5;240m  │[0m [38;5;115mHelp[0m: For more information, see https://rolldown.rs/in-depth/directives#other-directives
[38;5;246m───╯[0m

[33m[MODULE_LEVEL_DIRECTIVE] [0mThe semantics of the module level directive "use client" in "../../node_modules/.pnpm/@base-ui+react@1.8.0_@types+react@19.2.18_react-dom@19.2.8_react@19.2.8__react@19.2.8/node_modules/@base-ui/react/internals/labelable-provider/useLabel.mjs" may not be preserved when bundling.
   [38;5;246m╭[0m[38;5;246m─[0m[38;5;246m[[0m ../../node_modules/.pnpm/@base-ui+react@1.8.0_@types+react@19.2.18_react-dom@19.2.8_react@19.2.8__react@19.2.8/node_modules/@base-ui/react/internals/labelable-provider/useLabel.mjs:1:1 [38;5;246m][0m
   [38;5;246m│[0m
 [38;5;246m1 │[0m 'use client';
 [38;5;240m  │[0m ──────┬──────  
 [38;5;240m  │[0m       ╰──────── module level directive may not be preserved
 [38;5;240m  │[0m 
 [38;5;240m  │[0m [38;5;115mHelp[0m: For more information, see https://rolldown.rs/in-depth/directives#other-directives
[38;5;246m───╯[0m

[33m[MODULE_LEVEL_DIRECTIVE] [0mThe semantics of the module level directive "use client" in "../../node_modules/.pnpm/@base-ui+react@1.8.0_@types+react@19.2.18_react-dom@19.2.8_react@19.2.8__react@19.2.8/node_modules/@base-ui/react/number-field/root/NumberFieldRootContext.mjs" may not be preserved when bundling.
   [38;5;246m╭[0m[38;5;246m─[0m[38;5;246m[[0m ../../node_modules/.pnpm/@base-ui+react@1.8.0_@types+react@19.2.18_react-dom@19.2.8_react@19.2.8__react@19.2.8/node_modules/@base-ui/react/number-field/root/NumberFieldRootContext.mjs:1:1 [38;5;246m][0m
   [38;5;246m│[0m
 [38;5;246m1 │[0m 'use client';
 [38;5;240m  │[0m ──────┬──────  
 [38;5;240m  │[0m       ╰──────── module level directive may not be preserved
 [38;5;240m  │[0m 
 [38;5;240m  │[0m [38;5;115mHelp[0m: For more information, see https://rolldown.rs/in-depth/directives#other-directives
[38;5;246m───╯[0m

[33m[MODULE_LEVEL_DIRECTIVE] [0mThe semantics of the module level directive "use client" in "../../node_modules/.pnpm/@base-ui+react@1.8.0_@types+react@19.2.18_react-dom@19.2.8_react@19.2.8__react@19.2.8/node_modules/@base-ui/react/number-field/scrub-area/NumberFieldScrubAreaContext.mjs" may not be preserved when bundling.
   [38;5;246m╭[0m[38;5;246m─[0m[38;5;246m[[0m ../../node_modules/.pnpm/@base-ui+react@1.8.0_@types+react@19.2.18_react-dom@19.2.8_react@19.2.8__react@19.2.8/node_modules/@base-ui/react/number-field/scrub-area/NumberFieldScrubAreaContext.mjs:1:1 [38;5;246m][0m
   [38;5;246m│[0m
 [38;5;246m1 │[0m 'use client';
 [38;5;240m  │[0m ──────┬──────  
 [38;5;240m  │[0m       ╰──────── module level directive may not be preserved
 [38;5;240m  │[0m 
 [38;5;240m  │[0m [38;5;115mHelp[0m: For more information, see https://rolldown.rs/in-depth/directives#other-directives
[38;5;246m───╯[0m

[33m[MODULE_LEVEL_DIRECTIVE] [0mThe semantics of the module level directive "use client" in "../../node_modules/.pnpm/@base-ui+react@1.8.0_@types+react@19.2.18_react-dom@19.2.8_react@19.2.8__react@19.2.8/node_modules/@base-ui/react/utils/closePart.mjs" may not be preserved when bundling.
   [38;5;246m╭[0m[38;5;246m─[0m[38;5;246m[[0m ../../node_modules/.pnpm/@base-ui+react@1.8.0_@types+react@19.2.18_react-dom@19.2.8_react@19.2.8__react@19.2.8/node_modules/@base-ui/react/utils/closePart.mjs:1:1 [38;5;246m][0m
   [38;5;246m│[0m
 [38;5;246m1 │[0m 'use client';
 [38;5;240m  │[0m ──────┬──────  
 [38;5;240m  │[0m       ╰──────── module level directive may not be preserved
 [38;5;240m  │[0m 
 [38;5;240m  │[0m [38;5;115mHelp[0m: For more information, see https://rolldown.rs/in-depth/directives#other-directives
[38;5;246m───╯[0m

[33m[MODULE_LEVEL_DIRECTIVE] [0mThe semantics of the module level directive "use client" in "../../node_modules/.pnpm/@base-ui+react@1.8.0_@types+react@19.2.18_react-dom@19.2.8_react@19.2.8__react@19.2.8/node_modules/@base-ui/react/utils/useAnchoredPopupScrollLock.mjs" may not be preserved when bundling.
   [38;5;246m╭[0m[38;5;246m─[0m[38;5;246m[[0m ../../node_modules/.pnpm/@base-ui+react@1.8.0_@types+react@19.2.18_react-dom@19.2.8_react@19.2.8__react@19.2.8/node_modules/@base-ui/react/utils/useAnchoredPopupScrollLock.mjs:1:1 [38;5;246m][0m
   [38;5;246m│[0m
 [38;5;246m1 │[0m 'use client';
 [38;5;240m  │[0m ──────┬──────  
 [38;5;240m  │[0m       ╰──────── module level directive may not be preserved
 [38;5;240m  │[0m 
 [38;5;240m  │[0m [38;5;115mHelp[0m: For more information, see https://rolldown.rs/in-depth/directives#other-directives
[38;5;246m───╯[0m

[33m[MODULE_LEVEL_DIRECTIVE] [0mThe semantics of the module level directive "use client" in "../../node_modules/.pnpm/@base-ui+react@1.8.0_@types+react@19.2.18_react-dom@19.2.8_react@19.2.8__react@19.2.8/node_modules/@base-ui/react/menu/radio-group/MenuRadioGroupContext.mjs" may not be preserved when bundling.
   [38;5;246m╭[0m[38;5;246m─[0m[38;5;246m[[0m ../../node_modules/.pnpm/@base-ui+react@1.8.0_@types+react@19.2.18_react-dom@19.2.8_react@19.2.8__react@19.2.8/node_modules/@base-ui/react/menu/radio-group/MenuRadioGroupContext.mjs:1:1 [38;5;246m][0m
   [38;5;246m│[0m
 [38;5;246m1 │[0m 'use client';
 [38;5;240m  │[0m ──────┬──────  
 [38;5;240m  │[0m       ╰──────── module level directive may not be preserved
 [38;5;240m  │[0m 
 [38;5;240m  │[0m [38;5;115mHelp[0m: For more information, see https://rolldown.rs/in-depth/directives#other-directives
[38;5;246m───╯[0m

[33m[MODULE_LEVEL_DIRECTIVE] [0mThe semantics of the module level directive "use client" in "../../node_modules/.pnpm/@base-ui+react@1.8.0_@types+react@19.2.18_react-dom@19.2.8_react@19.2.8__react@19.2.8/node_modules/@base-ui/react/progress/root/ProgressRootContext.mjs" may not be preserved when bundling.
   [38;5;246m╭[0m[38;5;246m─[0m[38;5;246m[[0m ../../node_modules/.pnpm/@base-ui+react@1.8.0_@types+react@19.2.18_react-dom@19.2.8_react@19.2.8__react@19.2.8/node_modules/@base-ui/react/progress/root/ProgressRootContext.mjs:1:1 [38;5;246m][0m
   [38;5;246m│[0m
 [38;5;246m1 │[0m 'use client';
 [38;5;240m  │[0m ──────┬──────  
 [38;5;240m  │[0m       ╰──────── module level directive may not be preserved
 [38;5;240m  │[0m 
 [38;5;240m  │[0m [38;5;115mHelp[0m: For more information, see https://rolldown.rs/in-depth/directives#other-directives
[38;5;246m───╯[0m

[33m[MODULE_LEVEL_DIRECTIVE] [0mThe semantics of the module level directive "use client" in "../../node_modules/.pnpm/@base-ui+react@1.8.0_@types+react@19.2.18_react-dom@19.2.8_react@19.2.8__react@19.2.8/node_modules/@base-ui/react/popover/root/PopoverRootContext.mjs" may not be preserved when bundling.
   [38;5;246m╭[0m[38;5;246m─[0m[38;5;246m[[0m ../../node_modules/.pnpm/@base-ui+react@1.8.0_@types+react@19.2.18_react-dom@19.2.8_react@19.2.8__react@19.2.8/node_modules/@base-ui/react/popover/root/PopoverRootContext.mjs:1:1 [38;5;246m][0m
   [38;5;246m│[0m
 [38;5;246m1 │[0m 'use client';
 [38;5;240m  │[0m ──────┬──────  
 [38;5;240m  │[0m       ╰──────── module level directive may not be preserved
 [38;5;240m  │[0m 
 [38;5;240m  │[0m [38;5;115mHelp[0m: For more information, see https://rolldown.rs/in-depth/directives#other-directives
[38;5;246m───╯[0m

[33m[MODULE_LEVEL_DIRECTIVE] [0mThe semantics of the module level directive "use client" in "../../node_modules/.pnpm/@base-ui+react@1.8.0_@types+react@19.2.18_react-dom@19.2.8_react@19.2.8__react@19.2.8/node_modules/@base-ui/react/internals/useAnimationsFinished.mjs" may not be preserved when bundling.
   [38;5;246m╭[0m[38;5;246m─[0m[38;5;246m[[0m ../../node_modules/.pnpm/@base-ui+react@1.8.0_@types+react@19.2.18_react-dom@19.2.8_react@19.2.8__react@19.2.8/node_modules/@base-ui/react/internals/useAnimationsFinished.mjs:1:1 [38;5;246m][0m
   [38;5;246m│[0m
 [38;5;246m1 │[0m 'use client';
 [38;5;240m  │[0m ──────┬──────  
 [38;5;240m  │[0m       ╰──────── module level directive may not be preserved
 [38;5;240m  │[0m 
 [38;5;240m  │[0m [38;5;115mHelp[0m: For more information, see https://rolldown.rs/in-depth/directives#other-directives
[38;5;246m───╯[0m

[33m[MODULE_LEVEL_DIRECTIVE] [0mThe semantics of the module level directive "use client" in "../../node_modules/.pnpm/@base-ui+react@1.8.0_@types+react@19.2.18_react-dom@19.2.8_react@19.2.8__react@19.2.8/node_modules/@base-ui/react/scroll-area/scrollbar/ScrollAreaScrollbarContext.mjs" may not be preserved when bundling.
   [38;5;246m╭[0m[38;5;246m─[0m[38;5;246m[[0m ../../node_modules/.pnpm/@base-ui+react@1.8.0_@types+react@19.2.18_react-dom@19.2.8_react@19.2.8__react@19.2.8/node_modules/@base-ui/react/scroll-area/scrollbar/ScrollAreaScrollbarContext.mjs:1:1 [38;5;246m][0m
   [38;5;246m│[0m
 [38;5;246m1 │[0m 'use client';
 [38;5;240m  │[0m ──────┬──────  
 [38;5;240m  │[0m       ╰──────── module level directive may not be preserved
 [38;5;240m  │[0m 
 [38;5;240m  │[0m [38;5;115mHelp[0m: For more information, see https://rolldown.rs/in-depth/directives#other-directives
[38;5;246m───╯[0m

[33m[MODULE_LEVEL_DIRECTIVE] [0mThe semantics of the module level directive "use client" in "../../node_modules/.pnpm/@base-ui+react@1.8.0_@types+react@19.2.18_react-dom@19.2.8_react@19.2.8__react@19.2.8/node_modules/@base-ui/react/scroll-area/root/ScrollAreaRootContext.mjs" may not be preserved when bundling.
   [38;5;246m╭[0m[38;5;246m─[0m[38;5;246m[[0m ../../node_modules/.pnpm/@base-ui+react@1.8.0_@types+react@19.2.18_react-dom@19.2.8_react@19.2.8__react@19.2.8/node_modules/@base-ui/react/scroll-area/root/ScrollAreaRootContext.mjs:1:1 [38;5;246m][0m
   [38;5;246m│[0m
 [38;5;246m1 │[0m 'use client';
 [38;5;240m  │[0m ──────┬──────  
 [38;5;240m  │[0m       ╰──────── module level directive may not be preserved
 [38;5;240m  │[0m 
 [38;5;240m  │[0m [38;5;115mHelp[0m: For more information, see https://rolldown.rs/in-depth/directives#other-directives
[38;5;246m───╯[0m

[33m[MODULE_LEVEL_DIRECTIVE] [0mThe semantics of the module level directive "use client" in "../../node_modules/.pnpm/@base-ui+react@1.8.0_@types+react@19.2.18_react-dom@19.2.8_react@19.2.8__react@19.2.8/node_modules/@base-ui/react/checkbox/root/CheckboxRootContext.mjs" may not be preserved when bundling.
   [38;5;246m╭[0m[38;5;246m─[0m[38;5;246m[[0m ../../node_modules/.pnpm/@base-ui+react@1.8.0_@types+react@19.2.18_react-dom@19.2.8_react@19.2.8__react@19.2.8/node_modules/@base-ui/react/checkbox/root/CheckboxRootContext.mjs:1:1 [38;5;246m][0m
   [38;5;246m│[0m
 [38;5;246m1 │[0m 'use client';
 [38;5;240m  │[0m ──────┬──────  
 [38;5;240m  │[0m       ╰──────── module level directive may not be preserved
 [38;5;240m  │[0m 
 [38;5;240m  │[0m [38;5;115mHelp[0m: For more information, see https://rolldown.rs/in-depth/directives#other-directives
[38;5;246m───╯[0m

[33m[MODULE_LEVEL_DIRECTIVE] [0mThe semantics of the module level directive "use client" in "../../node_modules/.pnpm/@base-ui+react@1.8.0_@types+react@19.2.18_react-dom@19.2.8_react@19.2.8__react@19.2.8/node_modules/@base-ui/react/number-field/root/useNumberFieldStepperButton.mjs" may not be preserved when bundling.
   [38;5;246m╭[0m[38;5;246m─[0m[38;5;246m[[0m ../../node_modules/.pnpm/@base-ui+react@1.8.0_@types+react@19.2.18_react-dom@19.2.8_react@19.2.8__react@19.2.8/node_modules/@base-ui/react/number-field/root/useNumberFieldStepperButton.mjs:1:1 [38;5;246m][0m
   [38;5;246m│[0m
 [38;5;246m1 │[0m 'use client';
 [38;5;240m  │[0m ──────┬──────  
 [38;5;240m  │[0m       ╰──────── module level directive may not be preserved
 [38;5;240m  │[0m 
 [38;5;240m  │[0m [38;5;115mHelp[0m: For more information, see https://rolldown.rs/in-depth/directives#other-directives
[38;5;246m───╯[0m

[33m[MODULE_LEVEL_DIRECTIVE] [0mThe semantics of the module level directive "use client" in "../../node_modules/.pnpm/@base-ui+react@1.8.0_@types+react@19.2.18_react-dom@19.2.8_react@19.2.8__react@19.2.8/node_modules/@base-ui/react/popover/portal/PopoverPortalContext.mjs" may not be preserved when bundling.
   [38;5;246m╭[0m[38;5;246m─[0m[38;5;246m[[0m ../../node_modules/.pnpm/@base-ui+react@1.8.0_@types+react@19.2.18_react-dom@19.2.8_react@19.2.8__react@19.2.8/node_modules/@base-ui/react/popover/portal/PopoverPortalContext.mjs:1:1 [38;5;246m][0m
   [38;5;246m│[0m
 [38;5;246m1 │[0m 'use client';
 [38;5;240m  │[0m ──────┬──────  
 [38;5;240m  │[0m       ╰──────── module level directive may not be preserved
 [38;5;240m  │[0m 
 [38;5;240m  │[0m [38;5;115mHelp[0m: For more information, see https://rolldown.rs/in-depth/directives#other-directives
[38;5;246m───╯[0m

[33m[MODULE_LEVEL_DIRECTIVE] [0mThe semantics of the module level directive "use client" in "../../node_modules/.pnpm/@base-ui+react@1.8.0_@types+react@19.2.18_react-dom@19.2.8_react@19.2.8__react@19.2.8/node_modules/@base-ui/react/popover/positioner/PopoverPositionerContext.mjs" may not be preserved when bundling.
   [38;5;246m╭[0m[38;5;246m─[0m[38;5;246m[[0m ../../node_modules/.pnpm/@base-ui+react@1.8.0_@types+react@19.2.18_react-dom@19.2.8_react@19.2.8__react@19.2.8/node_modules/@base-ui/react/popover/positioner/PopoverPositionerContext.mjs:1:1 [38;5;246m][0m
   [38;5;246m│[0m
 [38;5;246m1 │[0m 'use client';
 [38;5;240m  │[0m ──────┬──────  
 [38;5;240m  │[0m       ╰──────── module level directive may not be preserved
 [38;5;240m  │[0m 
 [38;5;240m  │[0m [38;5;115mHelp[0m: For more information, see https://rolldown.rs/in-depth/directives#other-directives
[38;5;246m───╯[0m

[33m[MODULE_LEVEL_DIRECTIVE] [0mThe semantics of the module level directive "use client" in "../../node_modules/.pnpm/@base-ui+react@1.8.0_@types+react@19.2.18_react-dom@19.2.8_react@19.2.8__react@19.2.8/node_modules/@base-ui/react/utils/useMixedToggleClickHandler.mjs" may not be preserved when bundling.
   [38;5;246m╭[0m[38;5;246m─[0m[38;5;246m[[0m ../../node_modules/.pnpm/@base-ui+react@1.8.0_@types+react@19.2.18_react-dom@19.2.8_react@19.2.8__react@19.2.8/node_modules/@base-ui/react/utils/useMixedToggleClickHandler.mjs:1:1 [38;5;246m][0m
   [38;5;246m│[0m
 [38;5;246m1 │[0m 'use client';
 [38;5;240m  │[0m ──────┬──────  
 [38;5;240m  │[0m       ╰──────── module level directive may not be preserved
 [38;5;240m  │[0m 
 [38;5;240m  │[0m [38;5;115mHelp[0m: For more information, see https://rolldown.rs/in-depth/directives#other-directives
[38;5;246m───╯[0m

[33m[MODULE_LEVEL_DIRECTIVE] [0mThe semantics of the module level directive "use client" in "../../node_modules/.pnpm/@base-ui+react@1.8.0_@types+react@19.2.18_react-dom@19.2.8_react@19.2.8__react@19.2.8/node_modules/@base-ui/react/menu/submenu-root/MenuSubmenuRootContext.mjs" may not be preserved when bundling.
   [38;5;246m╭[0m[38;5;246m─[0m[38;5;246m[[0m ../../node_modules/.pnpm/@base-ui+react@1.8.0_@types+react@19.2.18_react-dom@19.2.8_react@19.2.8__react@19.2.8/node_modules/@base-ui/react/menu/submenu-root/MenuSubmenuRootContext.mjs:1:1 [38;5;246m][0m
   [38;5;246m│[0m
 [38;5;246m1 │[0m 'use client';
 [38;5;240m  │[0m ──────┬──────  
 [38;5;240m  │[0m       ╰──────── module level directive may not be preserved
 [38;5;240m  │[0m 
 [38;5;240m  │[0m [38;5;115mHelp[0m: For more information, see https://rolldown.rs/in-depth/directives#other-directives
[38;5;246m───╯[0m

[33m[MODULE_LEVEL_DIRECTIVE] [0mThe semantics of the module level directive "use client" in "../../node_modules/.pnpm/@base-ui+react@1.8.0_@types+react@19.2.18_react-dom@19.2.8_react@19.2.8__react@19.2.8/node_modules/@base-ui/react/popover/store/PopoverStore.mjs" may not be preserved when bundling.
   [38;5;246m╭[0m[38;5;246m─[0m[38;5;246m[[0m ../../node_modules/.pnpm/@base-ui+react@1.8.0_@types+react@19.2.18_react-dom@19.2.8_react@19.2.8__react@19.2.8/node_modules/@base-ui/react/popover/store/PopoverStore.mjs:1:1 [38;5;246m][0m
   [38;5;246m│[0m
 [38;5;246m1 │[0m 'use client';
 [38;5;240m  │[0m ──────┬──────  
 [38;5;240m  │[0m       ╰──────── module level directive may not be preserved
 [38;5;240m  │[0m 
 [38;5;240m  │[0m [38;5;115mHelp[0m: For more information, see https://rolldown.rs/in-depth/directives#other-directives
[38;5;246m───╯[0m

[33m[MODULE_LEVEL_DIRECTIVE] [0mThe semantics of the module level directive "use client" in "../../node_modules/.pnpm/@base-ui+react@1.8.0_@types+react@19.2.18_react-dom@19.2.8_react@19.2.8__react@19.2.8/node_modules/@base-ui/react/scroll-area/viewport/ScrollAreaViewportContext.mjs" may not be preserved when bundling.
   [38;5;246m╭[0m[38;5;246m─[0m[38;5;246m[[0m ../../node_modules/.pnpm/@base-ui+react@1.8.0_@types+react@19.2.18_react-dom@19.2.8_react@19.2.8__react@19.2.8/node_modules/@base-ui/react/scroll-area/viewport/ScrollAreaViewportContext.mjs:1:1 [38;5;246m][0m
   [38;5;246m│[0m
 [38;5;246m1 │[0m 'use client';
 [38;5;240m  │[0m ──────┬──────  
 [38;5;240m  │[0m       ╰──────── module level directive may not be preserved
 [38;5;240m  │[0m 
 [38;5;240m  │[0m [38;5;115mHelp[0m: For more information, see https://rolldown.rs/in-depth/directives#other-directives
[38;5;246m───╯[0m

[33m[MODULE_LEVEL_DIRECTIVE] [0mThe semantics of the module level directive "use client" in "../../node_modules/.pnpm/@base-ui+react@1.8.0_@types+react@19.2.18_react-dom@19.2.8_react@19.2.8__react@19.2.8/node_modules/@base-ui/react/menu/item/useMenuItemCommonProps.mjs" may not be preserved when bundling.
   [38;5;246m╭[0m[38;5;246m─[0m[38;5;246m[[0m ../../node_modules/.pnpm/@base-ui+react@1.8.0_@types+react@19.2.18_react-dom@19.2.8_react@19.2.8__react@19.2.8/node_modules/@base-ui/react/menu/item/useMenuItemCommonProps.mjs:1:1 [38;5;246m][0m
   [38;5;246m│[0m
 [38;5;246m1 │[0m 'use client';
 [38;5;240m  │[0m ──────┬──────  
 [38;5;240m  │[0m       ╰──────── module level directive may not be preserved
 [38;5;240m  │[0m 
 [38;5;240m  │[0m [38;5;115mHelp[0m: For more information, see https://rolldown.rs/in-depth/directives#other-directives
[38;5;246m───╯[0m

[33m[MODULE_LEVEL_DIRECTIVE] [0mThe semantics of the module level directive "use client" in "../../node_modules/.pnpm/@base-ui+react@1.8.0_@types+react@19.2.18_react-dom@19.2.8_react@19.2.8__react@19.2.8/node_modules/@base-ui/react/utils/FloatingPortalLite.mjs" may not be preserved when bundling.
   [38;5;246m╭[0m[38;5;246m─[0m[38;5;246m[[0m ../../node_modules/.pnpm/@base-ui+react@1.8.0_@types+react@19.2.18_react-dom@19.2.8_react@19.2.8__react@19.2.8/node_modules/@base-ui/react/utils/FloatingPortalLite.mjs:1:1 [38;5;246m][0m
   [38;5;246m│[0m
 [38;5;246m1 │[0m 'use client';
 [38;5;240m  │[0m ──────┬──────  
 [38;5;240m  │[0m       ╰──────── module level directive may not be preserved
 [38;5;240m  │[0m 
 [38;5;240m  │[0m [38;5;115mHelp[0m: For more information, see https://rolldown.rs/in-depth/directives#other-directives
[38;5;246m───╯[0m

[33m[MODULE_LEVEL_DIRECTIVE] [0mThe semantics of the module level directive "use client" in "../../node_modules/.pnpm/@base-ui+react@1.8.0_@types+react@19.2.18_react-dom@19.2.8_react@19.2.8__react@19.2.8/node_modules/@base-ui/react/toast/provider/ToastProviderContext.mjs" may not be preserved when bundling.
   [38;5;246m╭[0m[38;5;246m─[0m[38;5;246m[[0m ../../node_modules/.pnpm/@base-ui+react@1.8.0_@types+react@19.2.18_react-dom@19.2.8_react@19.2.8__react@19.2.8/node_modules/@base-ui/react/toast/provider/ToastProviderContext.mjs:1:1 [38;5;246m][0m
   [38;5;246m│[0m
 [38;5;246m1 │[0m 'use client';
 [38;5;240m  │[0m ──────┬──────  
 [38;5;240m  │[0m       ╰──────── module level directive may not be preserved
 [38;5;240m  │[0m 
 [38;5;240m  │[0m [38;5;115mHelp[0m: For more information, see https://rolldown.rs/in-depth/directives#other-directives
[38;5;246m───╯[0m

[33m[MODULE_LEVEL_DIRECTIVE] [0mThe semantics of the module level directive "use client" in "../../node_modules/.pnpm/@base-ui+react@1.8.0_@types+react@19.2.18_react-dom@19.2.8_react@19.2.8__react@19.2.8/node_modules/@base-ui/react/toast/utils/useToastLabelPart.mjs" may not be preserved when bundling.
   [38;5;246m╭[0m[38;5;246m─[0m[38;5;246m[[0m ../../node_modules/.pnpm/@base-ui+react@1.8.0_@types+react@19.2.18_react-dom@19.2.8_react@19.2.8__react@19.2.8/node_modules/@base-ui/react/toast/utils/useToastLabelPart.mjs:1:1 [38;5;246m][0m
   [38;5;246m│[0m
 [38;5;246m1 │[0m 'use client';
 [38;5;240m  │[0m ──────┬──────  
 [38;5;240m  │[0m       ╰──────── module level directive may not be preserved
 [38;5;240m  │[0m 
 [38;5;240m  │[0m [38;5;115mHelp[0m: For more information, see https://rolldown.rs/in-depth/directives#other-directives
[38;5;246m───╯[0m

[33m[MODULE_LEVEL_DIRECTIVE] [0mThe semantics of the module level directive "use client" in "../../node_modules/.pnpm/@base-ui+react@1.8.0_@types+react@19.2.18_react-dom@19.2.8_react@19.2.8__react@19.2.8/node_modules/@base-ui/react/avatar/root/AvatarRootContext.mjs" may not be preserved when bundling.
   [38;5;246m╭[0m[38;5;246m─[0m[38;5;246m[[0m ../../node_modules/.pnpm/@base-ui+react@1.8.0_@types+react@19.2.18_react-dom@19.2.8_react@19.2.8__react@19.2.8/node_modules/@base-ui/react/avatar/root/AvatarRootContext.mjs:1:1 [38;5;246m][0m
   [38;5;246m│[0m
 [38;5;246m1 │[0m 'use client';
 [38;5;240m  │[0m ──────┬──────  
 [38;5;240m  │[0m       ╰──────── module level directive may not be preserved
 [38;5;240m  │[0m 
 [38;5;240m  │[0m [38;5;115mHelp[0m: For more information, see https://rolldown.rs/in-depth/directives#other-directives
[38;5;246m───╯[0m

[33m[MODULE_LEVEL_DIRECTIVE] [0mThe semantics of the module level directive "use client" in "../../node_modules/.pnpm/@base-ui+react@1.8.0_@types+react@19.2.18_react-dom@19.2.8_react@19.2.8__react@19.2.8/node_modules/@base-ui/react/toast/root/ToastRootContext.mjs" may not be preserved when bundling.
   [38;5;246m╭[0m[38;5;246m─[0m[38;5;246m[[0m ../../node_modules/.pnpm/@base-ui+react@1.8.0_@types+react@19.2.18_react-dom@19.2.8_react@19.2.8__react@19.2.8/node_modules/@base-ui/react/toast/root/ToastRootContext.mjs:1:1 [38;5;246m][0m
   [38;5;246m│[0m
 [38;5;246m1 │[0m 'use client';
 [38;5;240m  │[0m ──────┬──────  
 [38;5;240m  │[0m       ╰──────── module level directive may not be preserved
 [38;5;240m  │[0m 
 [38;5;240m  │[0m [38;5;115mHelp[0m: For more information, see https://rolldown.rs/in-depth/directives#other-directives
[38;5;246m───╯[0m

[33m[MODULE_LEVEL_DIRECTIVE] [0mThe semantics of the module level directive "use client" in "../../node_modules/.pnpm/@base-ui+react@1.8.0_@types+react@19.2.18_react-dom@19.2.8_react@19.2.8__react@19.2.8/node_modules/@base-ui/react/tooltip/positioner/TooltipPositionerContext.mjs" may not be preserved when bundling.
   [38;5;246m╭[0m[38;5;246m─[0m[38;5;246m[[0m ../../node_modules/.pnpm/@base-ui+react@1.8.0_@types+react@19.2.18_react-dom@19.2.8_react@19.2.8__react@19.2.8/node_modules/@base-ui/react/tooltip/positioner/TooltipPositionerContext.mjs:1:1 [38;5;246m][0m
   [38;5;246m│[0m
 [38;5;246m1 │[0m 'use client';
 [38;5;240m  │[0m ──────┬──────  
 [38;5;240m  │[0m       ╰──────── module level directive may not be preserved
 [38;5;240m  │[0m 
 [38;5;240m  │[0m [38;5;115mHelp[0m: For more information, see https://rolldown.rs/in-depth/directives#other-directives
[38;5;246m───╯[0m

[33m[MODULE_LEVEL_DIRECTIVE] [0mThe semantics of the module level directive "use client" in "../../node_modules/.pnpm/@base-ui+react@1.8.0_@types+react@19.2.18_react-dom@19.2.8_react@19.2.8__react@19.2.8/node_modules/@base-ui/react/tooltip/portal/TooltipPortalContext.mjs" may not be preserved when bundling.
   [38;5;246m╭[0m[38;5;246m─[0m[38;5;246m[[0m ../../node_modules/.pnpm/@base-ui+react@1.8.0_@types+react@19.2.18_react-dom@19.2.8_react@19.2.8__react@19.2.8/node_modules/@base-ui/react/tooltip/portal/TooltipPortalContext.mjs:1:1 [38;5;246m][0m
   [38;5;246m│[0m
 [38;5;246m1 │[0m 'use client';
 [38;5;240m  │[0m ──────┬──────  
 [38;5;240m  │[0m       ╰──────── module level directive may not be preserved
 [38;5;240m  │[0m 
 [38;5;240m  │[0m [38;5;115mHelp[0m: For more information, see https://rolldown.rs/in-depth/directives#other-directives
[38;5;246m───╯[0m

[33m[MODULE_LEVEL_DIRECTIVE] [0mThe semantics of the module level directive "use client" in "../../node_modules/.pnpm/@base-ui+react@1.8.0_@types+react@19.2.18_react-dom@19.2.8_react@19.2.8__react@19.2.8/node_modules/@base-ui/react/tooltip/provider/TooltipProviderContext.mjs" may not be preserved when bundling.
   [38;5;246m╭[0m[38;5;246m─[0m[38;5;246m[[0m ../../node_modules/.pnpm/@base-ui+react@1.8.0_@types+react@19.2.18_react-dom@19.2.8_react@19.2.8__react@19.2.8/node_modules/@base-ui/react/tooltip/provider/TooltipProviderContext.mjs:1:1 [38;5;246m][0m
   [38;5;246m│[0m
 [38;5;246m1 │[0m 'use client';
 [38;5;240m  │[0m ──────┬──────  
 [38;5;240m  │[0m       ╰──────── module level directive may not be preserved
 [38;5;240m  │[0m 
 [38;5;240m  │[0m [38;5;115mHelp[0m: For more information, see https://rolldown.rs/in-depth/directives#other-directives
[38;5;246m───╯[0m

[33m[MODULE_LEVEL_DIRECTIVE] [0mThe semantics of the module level directive "use client" in "../../node_modules/.pnpm/@base-ui+react@1.8.0_@types+react@19.2.18_react-dom@19.2.8_react@19.2.8__react@19.2.8/node_modules/@base-ui/react/switch/root/SwitchRootContext.mjs" may not be preserved when bundling.
   [38;5;246m╭[0m[38;5;246m─[0m[38;5;246m[[0m ../../node_modules/.pnpm/@base-ui+react@1.8.0_@types+react@19.2.18_react-dom@19.2.8_react@19.2.8__react@19.2.8/node_modules/@base-ui/react/switch/root/SwitchRootContext.mjs:1:1 [38;5;246m][0m
   [38;5;246m│[0m
 [38;5;246m1 │[0m 'use client';
 [38;5;240m  │[0m ──────┬──────  
 [38;5;240m  │[0m       ╰──────── module level directive may not be preserved
 [38;5;240m  │[0m 
 [38;5;240m  │[0m [38;5;115mHelp[0m: For more information, see https://rolldown.rs/in-depth/directives#other-directives
[38;5;246m───╯[0m

[33m[MODULE_LEVEL_DIRECTIVE] [0mThe semantics of the module level directive "use client" in "../../node_modules/.pnpm/@base-ui+react@1.8.0_@types+react@19.2.18_react-dom@19.2.8_react@19.2.8__react@19.2.8/node_modules/@base-ui/react/toast/positioner/ToastPositionerContext.mjs" may not be preserved when bundling.
   [38;5;246m╭[0m[38;5;246m─[0m[38;5;246m[[0m ../../node_modules/.pnpm/@base-ui+react@1.8.0_@types+react@19.2.18_react-dom@19.2.8_react@19.2.8__react@19.2.8/node_modules/@base-ui/react/toast/positioner/ToastPositionerContext.mjs:1:1 [38;5;246m][0m
   [38;5;246m│[0m
 [38;5;246m1 │[0m 'use client';
 [38;5;240m  │[0m ──────┬──────  
 [38;5;240m  │[0m       ╰──────── module level directive may not be preserved
 [38;5;240m  │[0m 
 [38;5;240m  │[0m [38;5;115mHelp[0m: For more information, see https://rolldown.rs/in-depth/directives#other-directives
[38;5;246m───╯[0m

[33m[MODULE_LEVEL_DIRECTIVE] [0mThe semantics of the module level directive "use client" in "../../node_modules/.pnpm/@base-ui+react@1.8.0_@types+react@19.2.18_react-dom@19.2.8_react@19.2.8__react@19.2.8/node_modules/@base-ui/react/utils/usePositioner.mjs" may not be preserved when bundling.
   [38;5;246m╭[0m[38;5;246m─[0m[38;5;246m[[0m ../../node_modules/.pnpm/@base-ui+react@1.8.0_@types+react@19.2.18_react-dom@19.2.8_react@19.2.8__react@19.2.8/node_modules/@base-ui/react/utils/usePositioner.mjs:1:1 [38;5;246m][0m
   [38;5;246m│[0m
 [38;5;246m1 │[0m 'use client';
 [38;5;240m  │[0m ──────┬──────  
 [38;5;240m  │[0m       ╰──────── module level directive may not be preserved
 [38;5;240m  │[0m 
 [38;5;240m  │[0m [38;5;115mHelp[0m: For more information, see https://rolldown.rs/in-depth/directives#other-directives
[38;5;246m───╯[0m

[33m[MODULE_LEVEL_DIRECTIVE] [0mThe semantics of the module level directive "use client" in "../../node_modules/.pnpm/@base-ui+react@1.8.0_@types+react@19.2.18_react-dom@19.2.8_react@19.2.8__react@19.2.8/node_modules/@base-ui/react/internals/useTransitionStatus.mjs" may not be preserved when bundling.
   [38;5;246m╭[0m[38;5;246m─[0m[38;5;246m[[0m ../../node_modules/.pnpm/@base-ui+react@1.8.0_@types+react@19.2.18_react-dom@19.2.8_react@19.2.8__react@19.2.8/node_modules/@base-ui/react/internals/useTransitionStatus.mjs:1:1 [38;5;246m][0m
   [38;5;246m│[0m
 [38;5;246m1 │[0m 'use client';
 [38;5;240m  │[0m ──────┬──────  
 [38;5;240m  │[0m       ╰──────── module level directive may not be preserved
 [38;5;240m  │[0m 
 [38;5;240m  │[0m [38;5;115mHelp[0m: For more information, see https://rolldown.rs/in-depth/directives#other-directives
[38;5;246m───╯[0m

[33m[MODULE_LEVEL_DIRECTIVE] [0mThe semantics of the module level directive "use client" in "../../node_modules/.pnpm/@base-ui+react@1.8.0_@types+react@19.2.18_react-dom@19.2.8_react@19.2.8__react@19.2.8/node_modules/@base-ui/react/utils/useRegisteredLabelId.mjs" may not be preserved when bundling.
   [38;5;246m╭[0m[38;5;246m─[0m[38;5;246m[[0m ../../node_modules/.pnpm/@base-ui+react@1.8.0_@types+react@19.2.18_react-dom@19.2.8_react@19.2.8__react@19.2.8/node_modules/@base-ui/react/utils/useRegisteredLabelId.mjs:1:1 [38;5;246m][0m
   [38;5;246m│[0m
 [38;5;246m1 │[0m 'use client';
 [38;5;240m  │[0m ──────┬──────  
 [38;5;240m  │[0m       ╰──────── module level directive may not be preserved
 [38;5;240m  │[0m 
 [38;5;240m  │[0m [38;5;115mHelp[0m: For more information, see https://rolldown.rs/in-depth/directives#other-directives
[38;5;246m───╯[0m

[33m[MODULE_LEVEL_DIRECTIVE] [0mThe semantics of the module level directive "use client" in "../../node_modules/.pnpm/@base-ui+react@1.8.0_@types+react@19.2.18_react-dom@19.2.8_react@19.2.8__react@19.2.8/node_modules/@base-ui/react/avatar/image/useImageLoadingStatus.mjs" may not be preserved when bundling.
   [38;5;246m╭[0m[38;5;246m─[0m[38;5;246m[[0m ../../node_modules/.pnpm/@base-ui+react@1.8.0_@types+react@19.2.18_react-dom@19.2.8_react@19.2.8__react@19.2.8/node_modules/@base-ui/react/avatar/image/useImageLoadingStatus.mjs:1:1 [38;5;246m][0m
   [38;5;246m│[0m
 [38;5;246m1 │[0m 'use client';
 [38;5;240m  │[0m ──────┬──────  
 [38;5;240m  │[0m       ╰──────── module level directive may not be preserved
 [38;5;240m  │[0m 
 [38;5;240m  │[0m [38;5;115mHelp[0m: For more information, see https://rolldown.rs/in-depth/directives#other-directives
[38;5;246m───╯[0m

[33m[MODULE_LEVEL_DIRECTIVE] [0mThe semantics of the module level directive "use client" in "../../node_modules/.pnpm/@base-ui+react@1.8.0_@types+react@19.2.18_react-dom@19.2.8_react@19.2.8__react@19.2.8/node_modules/@base-ui/react/menu/checkbox-item/MenuCheckboxItemContext.mjs" may not be preserved when bundling.
   [38;5;246m╭[0m[38;5;246m─[0m[38;5;246m[[0m ../../node_modules/.pnpm/@base-ui+react@1.8.0_@types+react@19.2.18_react-dom@19.2.8_react@19.2.8__react@19.2.8/node_modules/@base-ui/react/menu/checkbox-item/MenuCheckboxItemContext.mjs:1:1 [38;5;246m][0m
   [38;5;246m│[0m
 [38;5;246m1 │[0m 'use client';
 [38;5;240m  │[0m ──────┬──────  
 [38;5;240m  │[0m       ╰──────── module level directive may not be preserved
 [38;5;240m  │[0m 
 [38;5;240m  │[0m [38;5;115mHelp[0m: For more information, see https://rolldown.rs/in-depth/directives#other-directives
[38;5;246m───╯[0m

[33m[MODULE_LEVEL_DIRECTIVE] [0mThe semantics of the module level directive "use client" in "../../node_modules/.pnpm/@base-ui+react@1.8.0_@types+react@19.2.18_react-dom@19.2.8_react@19.2.8__react@19.2.8/node_modules/@base-ui/react/tooltip/root/TooltipRootContext.mjs" may not be preserved when bundling.
   [38;5;246m╭[0m[38;5;246m─[0m[38;5;246m[[0m ../../node_modules/.pnpm/@base-ui+react@1.8.0_@types+react@19.2.18_react-dom@19.2.8_react@19.2.8__react@19.2.8/node_modules/@base-ui/react/tooltip/root/TooltipRootContext.mjs:1:1 [38;5;246m][0m
   [38;5;246m│[0m
 [38;5;246m1 │[0m 'use client';
 [38;5;240m  │[0m ──────┬──────  
 [38;5;240m  │[0m       ╰──────── module level directive may not be preserved
 [38;5;240m  │[0m 
 [38;5;240m  │[0m [38;5;115mHelp[0m: For more information, see https://rolldown.rs/in-depth/directives#other-directives
[38;5;246m───╯[0m

[33m[MODULE_LEVEL_DIRECTIVE] [0mThe semantics of the module level directive "use client" in "../../node_modules/.pnpm/@base-ui+react@1.8.0_@types+react@19.2.18_react-dom@19.2.8_react@19.2.8__react@19.2.8/node_modules/@base-ui/react/context-menu/root/ContextMenuRootContext.mjs" may not be preserved when bundling.
   [38;5;246m╭[0m[38;5;246m─[0m[38;5;246m[[0m ../../node_modules/.pnpm/@base-ui+react@1.8.0_@types+react@19.2.18_react-dom@19.2.8_react@19.2.8__react@19.2.8/node_modules/@base-ui/react/context-menu/root/ContextMenuRootContext.mjs:1:1 [38;5;246m][0m
   [38;5;246m│[0m
 [38;5;246m1 │[0m 'use client';
 [38;5;240m  │[0m ──────┬──────  
 [38;5;240m  │[0m       ╰──────── module level directive may not be preserved
 [38;5;240m  │[0m 
 [38;5;240m  │[0m [38;5;115mHelp[0m: For more information, see https://rolldown.rs/in-depth/directives#other-directives
[38;5;246m───╯[0m

[33m[MODULE_LEVEL_DIRECTIVE] [0mThe semantics of the module level directive "use client" in "../../node_modules/.pnpm/@base-ui+react@1.8.0_@types+react@19.2.18_react-dom@19.2.8_react@19.2.8__react@19.2.8/node_modules/@base-ui/react/meter/root/MeterRootContext.mjs" may not be preserved when bundling.
   [38;5;246m╭[0m[38;5;246m─[0m[38;5;246m[[0m ../../node_modules/.pnpm/@base-ui+react@1.8.0_@types+react@19.2.18_react-dom@19.2.8_react@19.2.8__react@19.2.8/node_modules/@base-ui/react/meter/root/MeterRootContext.mjs:1:1 [38;5;246m][0m
   [38;5;246m│[0m
 [38;5;246m1 │[0m 'use client';
 [38;5;240m  │[0m ──────┬──────  
 [38;5;240m  │[0m       ╰──────── module level directive may not be preserved
 [38;5;240m  │[0m 
 [38;5;240m  │[0m [38;5;115mHelp[0m: For more information, see https://rolldown.rs/in-depth/directives#other-directives
[38;5;246m───╯[0m

[33m[MODULE_LEVEL_DIRECTIVE] [0mThe semantics of the module level directive "use client" in "../../node_modules/.pnpm/@base-ui+react@1.8.0_@types+react@19.2.18_react-dom@19.2.8_react@19.2.8__react@19.2.8/node_modules/@base-ui/react/menu/item/useMenuItem.mjs" may not be preserved when bundling.
   [38;5;246m╭[0m[38;5;246m─[0m[38;5;246m[[0m ../../node_modules/.pnpm/@base-ui+react@1.8.0_@types+react@19.2.18_react-dom@19.2.8_react@19.2.8__react@19.2.8/node_modules/@base-ui/react/menu/item/useMenuItem.mjs:1:1 [38;5;246m][0m
   [38;5;246m│[0m
 [38;5;246m1 │[0m 'use client';
 [38;5;240m  │[0m ──────┬──────  
 [38;5;240m  │[0m       ╰──────── module level directive may not be preserved
 [38;5;240m  │[0m 
 [38;5;240m  │[0m [38;5;115mHelp[0m: For more information, see https://rolldown.rs/in-depth/directives#other-directives
[38;5;246m───╯[0m

[33m[MODULE_LEVEL_DIRECTIVE] [0mThe semantics of the module level directive "use client" in "../../node_modules/.pnpm/@base-ui+react@1.8.0_@types+react@19.2.18_react-dom@19.2.8_react@19.2.8__react@19.2.8/node_modules/@base-ui/react/menu/positioner/MenuPositionerContext.mjs" may not be preserved when bundling.
   [38;5;246m╭[0m[38;5;246m─[0m[38;5;246m[[0m ../../node_modules/.pnpm/@base-ui+react@1.8.0_@types+react@19.2.18_react-dom@19.2.8_react@19.2.8__react@19.2.8/node_modules/@base-ui/react/menu/positioner/MenuPositionerContext.mjs:1:1 [38;5;246m][0m
   [38;5;246m│[0m
 [38;5;246m1 │[0m 'use client';
 [38;5;240m  │[0m ──────┬──────  
 [38;5;240m  │[0m       ╰──────── module level directive may not be preserved
 [38;5;240m  │[0m 
 [38;5;240m  │[0m [38;5;115mHelp[0m: For more information, see https://rolldown.rs/in-depth/directives#other-directives
[38;5;246m───╯[0m

[33m[MODULE_LEVEL_DIRECTIVE] [0mThe semantics of the module level directive "use client" in "../../node_modules/.pnpm/@base-ui+react@1.8.0_@types+react@19.2.18_react-dom@19.2.8_react@19.2.8__react@19.2.8/node_modules/@base-ui/react/menu/root/MenuRootContext.mjs" may not be preserved when bundling.
   [38;5;246m╭[0m[38;5;246m─[0m[38;5;246m[[0m ../../node_modules/.pnpm/@base-ui+react@1.8.0_@types+react@19.2.18_react-dom@19.2.8_react@19.2.8__react@19.2.8/node_modules/@base-ui/react/menu/root/MenuRootContext.mjs:1:1 [38;5;246m][0m
   [38;5;246m│[0m
 [38;5;246m1 │[0m 'use client';
 [38;5;240m  │[0m ──────┬──────  
 [38;5;240m  │[0m       ╰──────── module level directive may not be preserved
 [38;5;240m  │[0m 
 [38;5;240m  │[0m [38;5;115mHelp[0m: For more information, see https://rolldown.rs/in-depth/directives#other-directives
[38;5;246m───╯[0m

[33m[MODULE_LEVEL_DIRECTIVE] [0mThe semantics of the module level directive "use client" in "../../node_modules/.pnpm/@base-ui+react@1.8.0_@types+react@19.2.18_react-dom@19.2.8_react@19.2.8__react@19.2.8/node_modules/@base-ui/react/utils/useFocusableWhenDisabled.mjs" may not be preserved when bundling.
   [38;5;246m╭[0m[38;5;246m─[0m[38;5;246m[[0m ../../node_modules/.pnpm/@base-ui+react@1.8.0_@types+react@19.2.18_react-dom@19.2.8_react@19.2.8__react@19.2.8/node_modules/@base-ui/react/utils/useFocusableWhenDisabled.mjs:1:1 [38;5;246m][0m
   [38;5;246m│[0m
 [38;5;246m1 │[0m 'use client';
 [38;5;240m  │[0m ──────┬──────  
 [38;5;240m  │[0m       ╰──────── module level directive may not be preserved
 [38;5;240m  │[0m 
 [38;5;240m  │[0m [38;5;115mHelp[0m: For more information, see https://rolldown.rs/in-depth/directives#other-directives
[38;5;246m───╯[0m

[33m[MODULE_LEVEL_DIRECTIVE] [0mThe semantics of the module level directive "use client" in "../../node_modules/.pnpm/@base-ui+react@1.8.0_@types+react@19.2.18_react-dom@19.2.8_react@19.2.8__react@19.2.8/node_modules/@base-ui/react/internals/labelable-provider/useAriaLabelledBy.mjs" may not be preserved when bundling.
   [38;5;246m╭[0m[38;5;246m─[0m[38;5;246m[[0m ../../node_modules/.pnpm/@base-ui+react@1.8.0_@types+react@19.2.18_react-dom@19.2.8_react@19.2.8__react@19.2.8/node_modules/@base-ui/react/internals/labelable-provider/useAriaLabelledBy.mjs:1:1 [38;5;246m][0m
   [38;5;246m│[0m
 [38;5;246m1 │[0m 'use client';
 [38;5;240m  │[0m ──────┬──────  
 [38;5;240m  │[0m       ╰──────── module level directive may not be preserved
 [38;5;240m  │[0m 
 [38;5;240m  │[0m [38;5;115mHelp[0m: For more information, see https://rolldown.rs/in-depth/directives#other-directives
[38;5;246m───╯[0m

[33m[MODULE_LEVEL_DIRECTIVE] [0mThe semantics of the module level directive "use client" in "../../node_modules/.pnpm/@base-ui+react@1.8.0_@types+react@19.2.18_react-dom@19.2.8_react@19.2.8__react@19.2.8/node_modules/@base-ui/react/menu/portal/MenuPortalContext.mjs" may not be preserved when bundling.
   [38;5;246m╭[0m[38;5;246m─[0m[38;5;246m[[0m ../../node_modules/.pnpm/@base-ui+react@1.8.0_@types+react@19.2.18_react-dom@19.2.8_react@19.2.8__react@19.2.8/node_modules/@base-ui/react/menu/portal/MenuPortalContext.mjs:1:1 [38;5;246m][0m
   [38;5;246m│[0m
 [38;5;246m1 │[0m 'use client';
 [38;5;240m  │[0m ──────┬──────  
 [38;5;240m  │[0m       ╰──────── module level directive may not be preserved
 [38;5;240m  │[0m 
 [38;5;240m  │[0m [38;5;115mHelp[0m: For more information, see https://rolldown.rs/in-depth/directives#other-directives
[38;5;246m───╯[0m

[33m[MODULE_LEVEL_DIRECTIVE] [0mThe semantics of the module level directive "use client" in "../../node_modules/.pnpm/@base-ui+react@1.8.0_@types+react@19.2.18_react-dom@19.2.8_react@19.2.8__react@19.2.8/node_modules/@base-ui/react/field/item/FieldItemContext.mjs" may not be preserved when bundling.
   [38;5;246m╭[0m[38;5;246m─[0m[38;5;246m[[0m ../../node_modules/.pnpm/@base-ui+react@1.8.0_@types+react@19.2.18_react-dom@19.2.8_react@19.2.8__react@19.2.8/node_modules/@base-ui/react/field/item/FieldItemContext.mjs:1:1 [38;5;246m][0m
   [38;5;246m│[0m
 [38;5;246m1 │[0m 'use client';
 [38;5;240m  │[0m ──────┬──────  
 [38;5;240m  │[0m       ╰──────── module level directive may not be preserved
 [38;5;240m  │[0m 
 [38;5;240m  │[0m [38;5;115mHelp[0m: For more information, see https://rolldown.rs/in-depth/directives#other-directives
[38;5;246m───╯[0m

[33m[MODULE_LEVEL_DIRECTIVE] [0mThe semantics of the module level directive "use client" in "../../node_modules/.pnpm/@base-ui+react@1.8.0_@types+react@19.2.18_react-dom@19.2.8_react@19.2.8__react@19.2.8/node_modules/@base-ui/react/utils/popups/popupStoreUtils.mjs" may not be preserved when bundling.
   [38;5;246m╭[0m[38;5;246m─[0m[38;5;246m[[0m ../../node_modules/.pnpm/@base-ui+react@1.8.0_@types+react@19.2.18_react-dom@19.2.8_react@19.2.8__react@19.2.8/node_modules/@base-ui/react/utils/popups/popupStoreUtils.mjs:1:1 [38;5;246m][0m
   [38;5;246m│[0m
 [38;5;246m1 │[0m 'use client';
 [38;5;240m  │[0m ──────┬──────  
 [38;5;240m  │[0m       ╰──────── module level directive may not be preserved
 [38;5;240m  │[0m 
 [38;5;240m  │[0m [38;5;115mHelp[0m: For more information, see https://rolldown.rs/in-depth/directives#other-directives
[38;5;246m───╯[0m

[33m[MODULE_LEVEL_DIRECTIVE] [0mThe semantics of the module level directive "use client" in "../../node_modules/.pnpm/@base-ui+react@1.8.0_@types+react@19.2.18_react-dom@19.2.8_react@19.2.8__react@19.2.8/node_modules/@base-ui/react/menu/group/MenuGroupContext.mjs" may not be preserved when bundling.
   [38;5;246m╭[0m[38;5;246m─[0m[38;5;246m[[0m ../../node_modules/.pnpm/@base-ui+react@1.8.0_@types+react@19.2.18_react-dom@19.2.8_react@19.2.8__react@19.2.8/node_modules/@base-ui/react/menu/group/MenuGroupContext.mjs:1:1 [38;5;246m][0m
   [38;5;246m│[0m
 [38;5;246m1 │[0m 'use client';
 [38;5;240m  │[0m ──────┬──────  
 [38;5;240m  │[0m       ╰──────── module level directive may not be preserved
 [38;5;240m  │[0m 
 [38;5;240m  │[0m [38;5;115mHelp[0m: For more information, see https://rolldown.rs/in-depth/directives#other-directives
[38;5;246m───╯[0m

[33m[MODULE_LEVEL_DIRECTIVE] [0mThe semantics of the module level directive "use client" in "../../node_modules/.pnpm/@base-ui+react@1.8.0_@types+react@19.2.18_react-dom@19.2.8_react@19.2.8__react@19.2.8/node_modules/@base-ui/react/dialog/root/useDialogRoot.mjs" may not be preserved when bundling.
   [38;5;246m╭[0m[38;5;246m─[0m[38;5;246m[[0m ../../node_modules/.pnpm/@base-ui+react@1.8.0_@types+react@19.2.18_react-dom@19.2.8_react@19.2.8__react@19.2.8/node_modules/@base-ui/react/dialog/root/useDialogRoot.mjs:1:1 [38;5;246m][0m
   [38;5;246m│[0m
 [38;5;246m1 │[0m 'use client';
 [38;5;240m  │[0m ──────┬──────  
 [38;5;240m  │[0m       ╰──────── module level directive may not be preserved
 [38;5;240m  │[0m 
 [38;5;240m  │[0m [38;5;115mHelp[0m: For more information, see https://rolldown.rs/in-depth/directives#other-directives
[38;5;246m───╯[0m

[33m[MODULE_LEVEL_DIRECTIVE] [0mThe semantics of the module level directive "use client" in "../../node_modules/.pnpm/@base-ui+react@1.8.0_@types+react@19.2.18_react-dom@19.2.8_react@19.2.8__react@19.2.8/node_modules/@base-ui/react/preview-card/portal/PreviewCardPortalContext.mjs" may not be preserved when bundling.
   [38;5;246m╭[0m[38;5;246m─[0m[38;5;246m[[0m ../../node_modules/.pnpm/@base-ui+react@1.8.0_@types+react@19.2.18_react-dom@19.2.8_react@19.2.8__react@19.2.8/node_modules/@base-ui/react/preview-card/portal/PreviewCardPortalContext.mjs:1:1 [38;5;246m][0m
   [38;5;246m│[0m
 [38;5;246m1 │[0m 'use client';
 [38;5;240m  │[0m ──────┬──────  
 [38;5;240m  │[0m       ╰──────── module level directive may not be preserved
 [38;5;240m  │[0m 
 [38;5;240m  │[0m [38;5;115mHelp[0m: For more information, see https://rolldown.rs/in-depth/directives#other-directives
[38;5;246m───╯[0m

[33m[MODULE_LEVEL_DIRECTIVE] [0mThe semantics of the module level directive "use client" in "../../node_modules/.pnpm/@base-ui+react@1.8.0_@types+react@19.2.18_react-dom@19.2.8_react@19.2.8__react@19.2.8/node_modules/@base-ui/react/preview-card/positioner/PreviewCardPositionerContext.mjs" may not be preserved when bundling.
   [38;5;246m╭[0m[38;5;246m─[0m[38;5;246m[[0m ../../node_modules/.pnpm/@base-ui+react@1.8.0_@types+react@19.2.18_react-dom@19.2.8_react@19.2.8__react@19.2.8/node_modules/@base-ui/react/preview-card/positioner/PreviewCardPositionerContext.mjs:1:1 [38;5;246m][0m
   [38;5;246m│[0m
 [38;5;246m1 │[0m 'use client';
 [38;5;240m  │[0m ──────┬──────  
 [38;5;240m  │[0m       ╰──────── module level directive may not be preserved
 [38;5;240m  │[0m 
 [38;5;240m  │[0m [38;5;115mHelp[0m: For more information, see https://rolldown.rs/in-depth/directives#other-directives
[38;5;246m───╯[0m

[33m[MODULE_LEVEL_DIRECTIVE] [0mThe semantics of the module level directive "use client" in "../../node_modules/.pnpm/@base-ui+utils@0.4.0_@types+react@19.2.18_react-dom@19.2.8_react@19.2.8__react@19.2.8/node_modules/@base-ui/utils/useEnhancedClickHandler.mjs" may not be preserved when bundling.
   [38;5;246m╭[0m[38;5;246m─[0m[38;5;246m[[0m ../../node_modules/.pnpm/@base-ui+utils@0.4.0_@types+react@19.2.18_react-dom@19.2.8_react@19.2.8__react@19.2.8/node_modules/@base-ui/utils/useEnhancedClickHandler.mjs:1:1 [38;5;246m][0m
   [38;5;246m│[0m
 [38;5;246m1 │[0m 'use client';
 [38;5;240m  │[0m ──────┬──────  
 [38;5;240m  │[0m       ╰──────── module level directive may not be preserved
 [38;5;240m  │[0m 
 [38;5;240m  │[0m [38;5;115mHelp[0m: For more information, see https://rolldown.rs/in-depth/directives#other-directives
[38;5;246m───╯[0m

[33m[MODULE_LEVEL_DIRECTIVE] [0mThe semantics of the module level directive "use client" in "../../node_modules/.pnpm/@base-ui+react@1.8.0_@types+react@19.2.18_react-dom@19.2.8_react@19.2.8__react@19.2.8/node_modules/@base-ui/react/utils/popups/useTriggerFocusGuards.mjs" may not be preserved when bundling.
   [38;5;246m╭[0m[38;5;246m─[0m[38;5;246m[[0m ../../node_modules/.pnpm/@base-ui+react@1.8.0_@types+react@19.2.18_react-dom@19.2.8_react@19.2.8__react@19.2.8/node_modules/@base-ui/react/utils/popups/useTriggerFocusGuards.mjs:1:1 [38;5;246m][0m
   [38;5;246m│[0m
 [38;5;246m1 │[0m 'use client';
 [38;5;240m  │[0m ──────┬──────  
 [38;5;240m  │[0m       ╰──────── module level directive may not be preserved
 [38;5;240m  │[0m 
 [38;5;240m  │[0m [38;5;115mHelp[0m: For more information, see https://rolldown.rs/in-depth/directives#other-directives
[38;5;246m───╯[0m

[33m[MODULE_LEVEL_DIRECTIVE] [0mThe semantics of the module level directive "use client" in "../../node_modules/.pnpm/@base-ui+utils@0.4.0_@types+react@19.2.18_react-dom@19.2.8_react@19.2.8__react@19.2.8/node_modules/@base-ui/utils/useForcedRerendering.mjs" may not be preserved when bundling.
   [38;5;246m╭[0m[38;5;246m─[0m[38;5;246m[[0m ../../node_modules/.pnpm/@base-ui+utils@0.4.0_@types+react@19.2.18_react-dom@19.2.8_react@19.2.8__react@19.2.8/node_modules/@base-ui/utils/useForcedRerendering.mjs:1:1 [38;5;246m][0m
   [38;5;246m│[0m
 [38;5;246m1 │[0m 'use client';
 [38;5;240m  │[0m ──────┬──────  
 [38;5;240m  │[0m       ╰──────── module level directive may not be preserved
 [38;5;240m  │[0m 
 [38;5;240m  │[0m [38;5;115mHelp[0m: For more information, see https://rolldown.rs/in-depth/directives#other-directives
[38;5;246m───╯[0m

[33m[MODULE_LEVEL_DIRECTIVE] [0mThe semantics of the module level directive "use client" in "../../node_modules/.pnpm/@base-ui+react@1.8.0_@types+react@19.2.18_react-dom@19.2.8_react@19.2.8__react@19.2.8/node_modules/@base-ui/react/utils/useSwipeDismiss.mjs" may not be preserved when bundling.
   [38;5;246m╭[0m[38;5;246m─[0m[38;5;246m[[0m ../../node_modules/.pnpm/@base-ui+react@1.8.0_@types+react@19.2.18_react-dom@19.2.8_react@19.2.8__react@19.2.8/node_modules/@base-ui/react/utils/useSwipeDismiss.mjs:1:1 [38;5;246m][0m
   [38;5;246m│[0m
 [38;5;246m1 │[0m 'use client';
 [38;5;240m  │[0m ──────┬──────  
 [38;5;240m  │[0m       ╰──────── module level directive may not be preserved
 [38;5;240m  │[0m 
 [38;5;240m  │[0m [38;5;115mHelp[0m: For more information, see https://rolldown.rs/in-depth/directives#other-directives
[38;5;246m───╯[0m

[33m[MODULE_LEVEL_DIRECTIVE] [0mThe semantics of the module level directive "use client" in "../../node_modules/.pnpm/@base-ui+react@1.8.0_@types+react@19.2.18_react-dom@19.2.8_react@19.2.8__react@19.2.8/node_modules/@base-ui/react/utils/popups/usePopupHandleStore.mjs" may not be preserved when bundling.
   [38;5;246m╭[0m[38;5;246m─[0m[38;5;246m[[0m ../../node_modules/.pnpm/@base-ui+react@1.8.0_@types+react@19.2.18_react-dom@19.2.8_react@19.2.8__react@19.2.8/node_modules/@base-ui/react/utils/popups/usePopupHandleStore.mjs:1:1 [38;5;246m][0m
   [38;5;246m│[0m
 [38;5;246m1 │[0m 'use client';
 [38;5;240m  │[0m ──────┬──────  
 [38;5;240m  │[0m       ╰──────── module level directive may not be preserved
 [38;5;240m  │[0m 
 [38;5;240m  │[0m [38;5;115mHelp[0m: For more information, see https://rolldown.rs/in-depth/directives#other-directives
[38;5;246m───╯[0m

[33m[MODULE_LEVEL_DIRECTIVE] [0mThe semantics of the module level directive "use client" in "../../node_modules/.pnpm/@base-ui+react@1.8.0_@types+react@19.2.18_react-dom@19.2.8_react@19.2.8__react@19.2.8/node_modules/@base-ui/react/radio/root/RadioRootContext.mjs" may not be preserved when bundling.
   [38;5;246m╭[0m[38;5;246m─[0m[38;5;246m[[0m ../../node_modules/.pnpm/@base-ui+react@1.8.0_@types+react@19.2.18_react-dom@19.2.8_react@19.2.8__react@19.2.8/node_modules/@base-ui/react/radio/root/RadioRootContext.mjs:1:1 [38;5;246m][0m
   [38;5;246m│[0m
 [38;5;246m1 │[0m 'use client';
 [38;5;240m  │[0m ──────┬──────  
 [38;5;240m  │[0m       ╰──────── module level directive may not be preserved
 [38;5;240m  │[0m 
 [38;5;240m  │[0m [38;5;115mHelp[0m: For more information, see https://rolldown.rs/in-depth/directives#other-directives
[38;5;246m───╯[0m

[33m[MODULE_LEVEL_DIRECTIVE] [0mThe semantics of the module level directive "use client" in "../../node_modules/.pnpm/@base-ui+react@1.8.0_@types+react@19.2.18_react-dom@19.2.8_react@19.2.8__react@19.2.8/node_modules/@base-ui/react/utils/usePopupViewport.mjs" may not be preserved when bundling.
   [38;5;246m╭[0m[38;5;246m─[0m[38;5;246m[[0m ../../node_modules/.pnpm/@base-ui+react@1.8.0_@types+react@19.2.18_react-dom@19.2.8_react@19.2.8__react@19.2.8/node_modules/@base-ui/react/utils/usePopupViewport.mjs:1:1 [38;5;246m][0m
   [38;5;246m│[0m
 [38;5;246m1 │[0m 'use client';
 [38;5;240m  │[0m ──────┬──────  
 [38;5;240m  │[0m       ╰──────── module level directive may not be preserved
 [38;5;240m  │[0m 
 [38;5;240m  │[0m [38;5;115mHelp[0m: For more information, see https://rolldown.rs/in-depth/directives#other-directives
[38;5;246m───╯[0m

[33m[MODULE_LEVEL_DIRECTIVE] [0mThe semantics of the module level directive "use client" in "../../node_modules/.pnpm/@base-ui+utils@0.4.0_@types+react@19.2.18_react-dom@19.2.8_react@19.2.8__react@19.2.8/node_modules/@base-ui/utils/store/ReactStore.mjs" may not be preserved when bundling.
   [38;5;246m╭[0m[38;5;246m─[0m[38;5;246m[[0m ../../node_modules/.pnpm/@base-ui+utils@0.4.0_@types+react@19.2.18_react-dom@19.2.8_react@19.2.8__react@19.2.8/node_modules/@base-ui/utils/store/ReactStore.mjs:3:1 [38;5;246m][0m
   [38;5;246m│[0m
 [38;5;246m3 │[0m 'use client';
 [38;5;240m  │[0m ──────┬──────  
 [38;5;240m  │[0m       ╰──────── module level directive may not be preserved
 [38;5;240m  │[0m 
 [38;5;240m  │[0m [38;5;115mHelp[0m: For more information, see https://rolldown.rs/in-depth/directives#other-directives
[38;5;246m───╯[0m

[33m[MODULE_LEVEL_DIRECTIVE] [0mThe semantics of the module level directive "use client" in "../../node_modules/.pnpm/@base-ui+react@1.8.0_@types+react@19.2.18_react-dom@19.2.8_react@19.2.8__react@19.2.8/node_modules/@base-ui/react/internals/labelable-provider/LabelableProvider.mjs" may not be preserved when bundling.
   [38;5;246m╭[0m[38;5;246m─[0m[38;5;246m[[0m ../../node_modules/.pnpm/@base-ui+react@1.8.0_@types+react@19.2.18_react-dom@19.2.8_react@19.2.8__react@19.2.8/node_modules/@base-ui/react/internals/labelable-provider/LabelableProvider.mjs:1:1 [38;5;246m][0m
   [38;5;246m│[0m
 [38;5;246m1 │[0m 'use client';
 [38;5;240m  │[0m ──────┬──────  
 [38;5;240m  │[0m       ╰──────── module level directive may not be preserved
 [38;5;240m  │[0m 
 [38;5;240m  │[0m [38;5;115mHelp[0m: For more information, see https://rolldown.rs/in-depth/directives#other-directives
[38;5;246m───╯[0m

[33m[MODULE_LEVEL_DIRECTIVE] [0mThe semantics of the module level directive "use client" in "../../node_modules/.pnpm/@base-ui+utils@0.4.0_@types+react@19.2.18_react-dom@19.2.8_react@19.2.8__react@19.2.8/node_modules/@base-ui/utils/useScrollLock.mjs" may not be preserved when bundling.
   [38;5;246m╭[0m[38;5;246m─[0m[38;5;246m[[0m ../../node_modules/.pnpm/@base-ui+utils@0.4.0_@types+react@19.2.18_react-dom@19.2.8_react@19.2.8__react@19.2.8/node_modules/@base-ui/utils/useScrollLock.mjs:1:1 [38;5;246m][0m
   [38;5;246m│[0m
 [38;5;246m1 │[0m 'use client';
 [38;5;240m  │[0m ──────┬──────  
 [38;5;240m  │[0m       ╰──────── module level directive may not be preserved
 [38;5;240m  │[0m 
 [38;5;240m  │[0m [38;5;115mHelp[0m: For more information, see https://rolldown.rs/in-depth/directives#other-directives
[38;5;246m───╯[0m

[33m[MODULE_LEVEL_DIRECTIVE] [0mThe semantics of the module level directive "use client" in "../../node_modules/.pnpm/@base-ui+react@1.8.0_@types+react@19.2.18_react-dom@19.2.8_react@19.2.8__react@19.2.8/node_modules/@base-ui/react/internals/usePressAndHold.mjs" may not be preserved when bundling.
   [38;5;246m╭[0m[38;5;246m─[0m[38;5;246m[[0m ../../node_modules/.pnpm/@base-ui+react@1.8.0_@types+react@19.2.18_react-dom@19.2.8_react@19.2.8__react@19.2.8/node_modules/@base-ui/react/internals/usePressAndHold.mjs:1:1 [38;5;246m][0m
   [38;5;246m│[0m
 [38;5;246m1 │[0m 'use client';
 [38;5;240m  │[0m ──────┬──────  
 [38;5;240m  │[0m       ╰──────── module level directive may not be preserved
 [38;5;240m  │[0m 
 [38;5;240m  │[0m [38;5;115mHelp[0m: For more information, see https://rolldown.rs/in-depth/directives#other-directives
[38;5;246m───╯[0m

[33m[MODULE_LEVEL_DIRECTIVE] [0mThe semantics of the module level directive "use client" in "../../node_modules/.pnpm/@base-ui+utils@0.4.0_@types+react@19.2.18_react-dom@19.2.8_react@19.2.8__react@19.2.8/node_modules/@base-ui/utils/store/StoreInspector.mjs" may not be preserved when bundling.
   [38;5;246m╭[0m[38;5;246m─[0m[38;5;246m[[0m ../../node_modules/.pnpm/@base-ui+utils@0.4.0_@types+react@19.2.18_react-dom@19.2.8_react@19.2.8__react@19.2.8/node_modules/@base-ui/utils/store/StoreInspector.mjs:1:1 [38;5;246m][0m
   [38;5;246m│[0m
 [38;5;246m1 │[0m 'use client';
 [38;5;240m  │[0m ──────┬──────  
 [38;5;240m  │[0m       ╰──────── module level directive may not be preserved
 [38;5;240m  │[0m 
 [38;5;240m  │[0m [38;5;115mHelp[0m: For more information, see https://rolldown.rs/in-depth/directives#other-directives
[38;5;246m───╯[0m

[33m[MODULE_LEVEL_DIRECTIVE] [0mThe semantics of the module level directive "use client" in "../../node_modules/.pnpm/@base-ui+react@1.8.0_@types+react@19.2.18_react-dom@19.2.8_react@19.2.8__react@19.2.8/node_modules/@base-ui/react/utils/usePopupAutoResize.mjs" may not be preserved when bundling.
   [38;5;246m╭[0m[38;5;246m─[0m[38;5;246m[[0m ../../node_modules/.pnpm/@base-ui+react@1.8.0_@types+react@19.2.18_react-dom@19.2.8_react@19.2.8__react@19.2.8/node_modules/@base-ui/react/utils/usePopupAutoResize.mjs:1:1 [38;5;246m][0m
   [38;5;246m│[0m
 [38;5;246m1 │[0m 'use client';
 [38;5;240m  │[0m ──────┬──────  
 [38;5;240m  │[0m       ╰──────── module level directive may not be preserved
 [38;5;240m  │[0m 
 [38;5;240m  │[0m [38;5;115mHelp[0m: For more information, see https://rolldown.rs/in-depth/directives#other-directives
[38;5;246m───╯[0m

[33m[MODULE_LEVEL_DIRECTIVE] [0mThe semantics of the module level directive "use client" in "../../node_modules/.pnpm/@base-ui+utils@0.4.0_@types+react@19.2.18_react-dom@19.2.8_react@19.2.8__react@19.2.8/node_modules/@base-ui/utils/usePreviousValue.mjs" may not be preserved when bundling.
   [38;5;246m╭[0m[38;5;246m─[0m[38;5;246m[[0m ../../node_modules/.pnpm/@base-ui+utils@0.4.0_@types+react@19.2.18_react-dom@19.2.8_react@19.2.8__react@19.2.8/node_modules/@base-ui/utils/usePreviousValue.mjs:1:1 [38;5;246m][0m
   [38;5;246m│[0m
 [38;5;246m1 │[0m 'use client';
 [38;5;240m  │[0m ──────┬──────  
 [38;5;240m  │[0m       ╰──────── module level directive may not be preserved
 [38;5;240m  │[0m 
 [38;5;240m  │[0m [38;5;115mHelp[0m: For more information, see https://rolldown.rs/in-depth/directives#other-directives
[38;5;246m───╯[0m

[33m[MODULE_LEVEL_DIRECTIVE] [0mThe semantics of the module level directive "use client" in "../../node_modules/.pnpm/@base-ui+utils@0.4.0_@types+react@19.2.18_react-dom@19.2.8_react@19.2.8__react@19.2.8/node_modules/@base-ui/utils/useInterval.mjs" may not be preserved when bundling.
   [38;5;246m╭[0m[38;5;246m─[0m[38;5;246m[[0m ../../node_modules/.pnpm/@base-ui+utils@0.4.0_@types+react@19.2.18_react-dom@19.2.8_react@19.2.8__react@19.2.8/node_modules/@base-ui/utils/useInterval.mjs:1:1 [38;5;246m][0m
   [38;5;246m│[0m
 [38;5;246m1 │[0m 'use client';
 [38;5;240m  │[0m ──────┬──────  
 [38;5;240m  │[0m       ╰──────── module level directive may not be preserved
 [38;5;240m  │[0m 
 [38;5;240m  │[0m [38;5;115mHelp[0m: For more information, see https://rolldown.rs/in-depth/directives#other-directives
[38;5;246m───╯[0m

✓ built in 8.48s
computing gzip size...
.svelte-kit/output/server/.vite/manifest.json                                       69.41 kB │ gzip:  6.00 kB
.svelte-kit/output/server/_app/immutable/assets/_page.Ck7oixfW.css                   0.09 kB │ gzip:  0.08 kB
.svelte-kit/output/server/_app/immutable/assets/_page.D5MGooEW.css                   0.13 kB │ gzip:  0.10 kB
.svelte-kit/output/server/_app/immutable/assets/_page.CIhW1oZg.css                   0.18 kB │ gzip:  0.14 kB
.svelte-kit/output/server/_app/immutable/assets/_page.BJgb7C2M.css                   0.20 kB │ gzip:  0.16 kB
.svelte-kit/output/server/_app/immutable/assets/_page.BIKHfeXz.css                   0.21 kB │ gzip:  0.15 kB
.svelte-kit/output/server/_app/immutable/assets/_page.OOAk9BEW.css                   0.26 kB │ gzip:  0.14 kB
.svelte-kit/output/server/_app/immutable/assets/_page.C4Mc-oKw.css                   0.40 kB │ gzip:  0.23 kB
.svelte-kit/output/server/_app/immutable/assets/_page.Bdq1qMiG.css                   0.42 kB │ gzip:  0.25 kB
.svelte-kit/output/server/_app/immutable/assets/_page.DWkXlfBA.css                   0.53 kB │ gzip:  0.30 kB
.svelte-kit/output/server/_app/immutable/assets/_page.CeLIRFFN.css                   0.54 kB │ gzip:  0.32 kB
.svelte-kit/output/server/_app/immutable/assets/_page.CATXPfcx.css                   0.74 kB │ gzip:  0.32 kB
.svelte-kit/output/server/_app/immutable/assets/DocsPage.09DKEBge.css                1.02 kB │ gzip:  0.51 kB
.svelte-kit/output/server/_app/immutable/assets/_layout.6bvTzCl3.css                 7.26 kB │ gzip:  2.25 kB
.svelte-kit/output/server/entries/pages/dialog-handles/_page.ts.js                   0.09 kB │ gzip:  0.10 kB
.svelte-kit/output/server/entries/pages/dialog-root-handles/_page.ts.js              0.09 kB │ gzip:  0.10 kB
.svelte-kit/output/server/chunks/server2.js                                          0.11 kB │ gzip:  0.09 kB
.svelte-kit/output/server/entries/pages/toast/_page.ts.js                            0.15 kB │ gzip:  0.14 kB
.svelte-kit/output/server/entries/pages/csp-provider/_page.ts.js                     0.15 kB │ gzip:  0.14 kB
.svelte-kit/output/server/remote-entry.js                                            0.16 kB │ gzip:  0.12 kB
.svelte-kit/output/server/entries/pages/separator/_page.ts.js                        0.16 kB │ gzip:  0.14 kB
.svelte-kit/output/server/chunks/owner.js                                            0.16 kB │ gzip:  0.13 kB
.svelte-kit/output/server/entries/pages/toast-reference/_page.ts.js                  0.16 kB │ gzip:  0.15 kB
.svelte-kit/output/server/entries/pages/toast-portal/_page.ts.js                     0.16 kB │ gzip:  0.14 kB
.svelte-kit/output/server/entries/pages/native-snippets/_page.ts.js                  0.16 kB │ gzip:  0.15 kB
.svelte-kit/output/server/entries/pages/separator-reference/_page.ts.js              0.17 kB │ gzip:  0.15 kB
.svelte-kit/output/server/entries/pages/composite-nested/_page.ts.js                 0.17 kB │ gzip:  0.15 kB
.svelte-kit/output/server/entries/pages/toast-portal-reference/_page.ts.js           0.17 kB │ gzip:  0.15 kB
.svelte-kit/output/server/chunks/useId.js                                            0.19 kB │ gzip:  0.16 kB
.svelte-kit/output/server/entries/pages/collapsible-reference/_page.ts.js            0.20 kB │ gzip:  0.17 kB
.svelte-kit/output/server/entries/pages/dialog-source-closure/_page.ts.js            0.20 kB │ gzip:  0.16 kB
.svelte-kit/output/server/entries/pages/button/_page.ts.js                           0.20 kB │ gzip:  0.16 kB
.svelte-kit/output/server/entries/pages/input/_page.ts.js                            0.20 kB │ gzip:  0.16 kB
.svelte-kit/output/server/chunks/clamp.js                                            0.21 kB │ gzip:  0.17 kB
.svelte-kit/output/server/chunks/empty.js                                            0.21 kB │ gzip:  0.17 kB
.svelte-kit/output/server/entries/pages/field-form/_page.ts.js                       0.21 kB │ gzip:  0.17 kB
.svelte-kit/output/server/entries/pages/initial-focus/_page.ts.js                    0.21 kB │ gzip:  0.17 kB
.svelte-kit/output/server/entries/pages/toggle/_page.ts.js                           0.21 kB │ gzip:  0.17 kB
.svelte-kit/output/server/entries/pages/dialog-state/_page.ts.js                     0.21 kB │ gzip:  0.17 kB
.svelte-kit/output/server/entries/pages/collapsible/_page.ts.js                      0.22 kB │ gzip:  0.17 kB
.svelte-kit/output/server/entries/pages/dialog-regressions/_page.ts.js               0.22 kB │ gzip:  0.17 kB
.svelte-kit/output/server/env.js                                                     0.22 kB │ gzip:  0.14 kB
.svelte-kit/output/server/entries/pages/direction-provider/_page.ts.js               0.22 kB │ gzip:  0.17 kB
.svelte-kit/output/server/entries/pages/radio/_page.ts.js                            0.22 kB │ gzip:  0.17 kB
.svelte-kit/output/server/chunks/remote-2p8u8j.js                                    0.22 kB │ gzip:  0.14 kB
.svelte-kit/output/server/entries/pages/dialog-portal-container/_page.ts.js          0.22 kB │ gzip:  0.18 kB
.svelte-kit/output/server/chunks/remote-1twekso.js                                   0.23 kB │ gzip:  0.14 kB
.svelte-kit/output/server/chunks/remote-7yzsjr.js                                    0.23 kB │ gzip:  0.14 kB
.svelte-kit/output/server/chunks/remote-hon777.js                                    0.23 kB │ gzip:  0.14 kB
.svelte-kit/output/server/chunks/remote-10qdl8u.js                                   0.23 kB │ gzip:  0.14 kB
.svelte-kit/output/server/entries/pages/scroll-area/_page.ts.js                      0.23 kB │ gzip:  0.18 kB
.svelte-kit/output/server/chunks/useBaseUiId.js                                      0.23 kB │ gzip:  0.17 kB
.svelte-kit/output/server/chunks/remote-7jynz1.js                                    0.24 kB │ gzip:  0.14 kB
.svelte-kit/output/server/entries/pages/nonmodal-focus/_page.ts.js                   0.24 kB │ gzip:  0.19 kB
.svelte-kit/output/server/entries/pages/focus-ownership/_page.ts.js                  0.24 kB │ gzip:  0.19 kB
.svelte-kit/output/server/entries/pages/modal-isolation/_page.ts.js                  0.24 kB │ gzip:  0.18 kB
.svelte-kit/output/server/entries/pages/native-tabbables/_page.ts.js                 0.24 kB │ gzip:  0.19 kB
.svelte-kit/output/server/chunks/remote-uo9nm0.js                                    0.24 kB │ gzip:  0.15 kB
.svelte-kit/output/server/chunks/isElementDisabled.js                                0.25 kB │ gzip:  0.17 kB
.svelte-kit/output/server/entries/pages/input-reset-observation/_page.ts.js          0.26 kB │ gzip:  0.18 kB
.svelte-kit/output/server/entries/pages/ref-contract/_page.ts.js                     0.26 kB │ gzip:  0.18 kB
.svelte-kit/output/server/entries/pages/accordion/_page.ts.js                        0.26 kB │ gzip:  0.18 kB
.svelte-kit/output/server/chunks/index-server2.js                                    0.27 kB │ gzip:  0.18 kB
.svelte-kit/output/server/entries/pages/reference/_page.svelte.js                    0.28 kB │ gzip:  0.19 kB
.svelte-kit/output/server/entries/pages/field-form-conformance/_page.ts.js           0.28 kB │ gzip:  0.20 kB
.svelte-kit/output/server/chunks/env.js                                              0.28 kB │ gzip:  0.17 kB
.svelte-kit/output/server/entries/pages/scroll-area/_page.server.ts.js               0.29 kB │ gzip:  0.22 kB
.svelte-kit/output/server/chunks/addEventListener.js                                 0.29 kB │ gzip:  0.16 kB
.svelte-kit/output/server/entries/pages/avatar-reference/_page.ts.js                 0.29 kB │ gzip:  0.20 kB
.svelte-kit/output/server/chunks/ValueChanged.svelte.js                              0.29 kB │ gzip:  0.20 kB
.svelte-kit/output/server/entries/pages/accordion-reference/_page.ts.js              0.30 kB │ gzip:  0.20 kB
.svelte-kit/output/server/entries/pages/boolean-controls/_page.ts.js                 0.30 kB │ gzip:  0.21 kB
.svelte-kit/output/server/entries/pages/meter/_page.ts.js                            0.30 kB │ gzip:  0.19 kB
.svelte-kit/output/server/entries/pages/progress/_page.ts.js                         0.31 kB │ gzip:  0.19 kB
.svelte-kit/output/server/entries/pages/toast-reference/_page.svelte.js              0.31 kB │ gzip:  0.21 kB
.svelte-kit/output/server/entries/pages/anchor-positioning/_page.ts.js               0.31 kB │ gzip:  0.20 kB
.svelte-kit/output/server/entries/pages/separator-reference/_page.svelte.js          0.31 kB │ gzip:  0.21 kB
.svelte-kit/output/server/chunks/screen-reader.js                                    0.31 kB │ gzip:  0.24 kB
.svelte-kit/output/server/entries/pages/input-remote/_page.ts.js                     0.32 kB │ gzip:  0.19 kB
.svelte-kit/output/server/entries/pages/toast-portal-reference/_page.svelte.js       0.32 kB │ gzip:  0.22 kB
.svelte-kit/output/server/entries/pages/avatar/_page.ts.js                           0.33 kB │ gzip:  0.21 kB
.svelte-kit/output/server/entries/pages/docs/_...slug_/_page.ts.js                   0.33 kB │ gzip:  0.24 kB
.svelte-kit/output/server/entries/pages/kit-reset-compat/_page.ts.js                 0.34 kB │ gzip:  0.19 kB
.svelte-kit/output/server/entries/pages/docs/_...slug_/_page.svelte.js               0.34 kB │ gzip:  0.23 kB
.svelte-kit/output/server/entries/pages/avatar-reference/_page.svelte.js             0.36 kB │ gzip:  0.22 kB
.svelte-kit/output/server/entries/pages/docs/_page.svelte.js                         0.36 kB │ gzip:  0.22 kB
.svelte-kit/output/server/entries/pages/field-form-remote/_page.ts.js                0.38 kB │ gzip:  0.19 kB
.svelte-kit/output/server/entries/pages/navigation/_page.ts.js                       0.38 kB │ gzip:  0.23 kB
.svelte-kit/output/server/entries/pages/dialog-handles-ssr/_page.server.ts.js        0.40 kB │ gzip:  0.25 kB
.svelte-kit/output/server/entries/pages/kit-submit-compat/_page.ts.js                0.40 kB │ gzip:  0.22 kB
.svelte-kit/output/server/internal.js                                                0.40 kB │ gzip:  0.19 kB
.svelte-kit/output/server/entries/pages/collapsible-reference/_page.svelte.js        0.42 kB │ gzip:  0.24 kB
.svelte-kit/output/server/chunks/avatar-reference.js                                 0.42 kB │ gzip:  0.24 kB
.svelte-kit/output/server/entries/fallbacks/layout.svelte.js                         0.42 kB │ gzip:  0.31 kB
.svelte-kit/output/server/entries/pages/number-field/_page.ts.js                     0.42 kB │ gzip:  0.24 kB
.svelte-kit/output/server/entries/pages/input-timing/_page.svelte.js                 0.44 kB │ gzip:  0.30 kB
.svelte-kit/output/server/entries/pages/avatar-ssr/_page.svelte.js                   0.45 kB │ gzip:  0.26 kB
.svelte-kit/output/server/chunks/visuallyHidden.js                                   0.46 kB │ gzip:  0.26 kB
.svelte-kit/output/server/chunks/FloatingTree.svelte.js                              0.47 kB │ gzip:  0.27 kB
.svelte-kit/output/server/chunks/areArraysEqual.js                                   0.48 kB │ gzip:  0.30 kB
.svelte-kit/output/server/entries/pages/avatar/_page.svelte.js                       0.54 kB │ gzip:  0.28 kB
.svelte-kit/output/server/entries/pages/menu-family/_page.ts.js                      0.55 kB │ gzip:  0.28 kB
.svelte-kit/output/server/entries/pages/collapsible/_page.svelte.js                  0.56 kB │ gzip:  0.30 kB
.svelte-kit/output/server/entries/fallbacks/error.svelte.js                          0.56 kB │ gzip:  0.36 kB
.svelte-kit/output/server/entries/pages/dialog/_page.ts.js                           0.56 kB │ gzip:  0.30 kB
.svelte-kit/output/server/entries/pages/direction-provider/_page.svelte.js           0.58 kB │ gzip:  0.31 kB
.svelte-kit/output/server/chunks/Controlled.svelte.js                                0.59 kB │ gzip:  0.28 kB
.svelte-kit/output/server/chunks/direction-provider.js                               0.60 kB │ gzip:  0.29 kB
.svelte-kit/output/server/chunks/context.js                                          0.60 kB │ gzip:  0.36 kB
.svelte-kit/output/server/chunks/ToolbarRootContext.js                               0.60 kB │ gzip:  0.34 kB
.svelte-kit/output/server/chunks/context2.js                                         0.60 kB │ gzip:  0.36 kB
.svelte-kit/output/server/entries/pages/accordion-reference/_page.svelte.js          0.61 kB │ gzip:  0.34 kB
.svelte-kit/output/server/entries/pages/accordion-ssr/_page.svelte.js                0.62 kB │ gzip:  0.33 kB
.svelte-kit/output/server/entries/pages/collapsible-ssr/_page.svelte.js              0.62 kB │ gzip:  0.33 kB
.svelte-kit/output/server/entries/pages/direction-provider-ssr/_page.svelte.js       0.62 kB │ gzip:  0.33 kB
.svelte-kit/output/server/chunks/useTimeout.js                                       0.63 kB │ gzip:  0.33 kB
.svelte-kit/output/server/chunks/CompositeRootContext.js                             0.63 kB │ gzip:  0.34 kB
.svelte-kit/output/server/chunks/dialog-handle-hydration-reference.js                0.71 kB │ gzip:  0.34 kB
.svelte-kit/output/server/chunks/Input.js                                            0.81 kB │ gzip:  0.38 kB
.svelte-kit/output/server/chunks/Input2.js                                           0.81 kB │ gzip:  0.39 kB
.svelte-kit/output/server/chunks/shadowDom.js                                        0.83 kB │ gzip:  0.41 kB
.svelte-kit/output/server/entries/pages/_page.svelte.js                              0.87 kB │ gzip:  0.45 kB
.svelte-kit/output/server/chunks/formatNumber.js                                     0.88 kB │ gzip:  0.38 kB
.svelte-kit/output/server/entries/pages/dialog-portal-container/_page.svelte.js      0.94 kB │ gzip:  0.39 kB
.svelte-kit/output/server/entries/pages/meter-ssr/_page.server.ts.js                 0.94 kB │ gzip:  0.45 kB
.svelte-kit/output/server/entries/pages/progress-ssr/_page.server.ts.js              0.98 kB │ gzip:  0.45 kB
.svelte-kit/output/server/chunks/FloatingPortalLite.js                               0.99 kB │ gzip:  0.48 kB
.svelte-kit/output/server/chunks/createBaseUIEventDetails.js                         1.01 kB │ gzip:  0.44 kB
.svelte-kit/output/server/entries/pages/popup-family/_page.ts.js                     1.02 kB │ gzip:  0.41 kB
.svelte-kit/output/server/chunks/csp-provider.js                                     1.04 kB │ gzip:  0.49 kB
.svelte-kit/output/server/chunks/internal.js                                         1.04 kB │ gzip:  0.52 kB
.svelte-kit/output/server/chunks/reason-parts.js                                     1.10 kB │ gzip:  0.43 kB
.svelte-kit/output/server/chunks/paths.js                                            1.15 kB │ gzip:  0.66 kB
.svelte-kit/output/server/chunks/input.remote.js                                     1.16 kB │ gzip:  0.56 kB
.svelte-kit/output/server/chunks/attachments.js                                      1.18 kB │ gzip:  0.67 kB
.svelte-kit/output/server/chunks/number.remote.js                                    1.25 kB │ gzip:  0.60 kB
.svelte-kit/output/server/entries/pages/field-error-native/_page.svelte.js           1.28 kB │ gzip:  0.56 kB
.svelte-kit/output/server/entries/pages/collapsible-ssr/_page.server.ts.js           1.29 kB │ gzip:  0.60 kB
.svelte-kit/output/server/entries/pages/accordion-ssr/_page.server.ts.js             1.32 kB │ gzip:  0.59 kB
.svelte-kit/output/server/entries/pages/dialog-handles-ssr/_page.svelte.js           1.34 kB │ gzip:  0.51 kB
.svelte-kit/output/server/chunks/engine.js                                           1.35 kB │ gzip:  0.67 kB
.svelte-kit/output/server/entries/pages/remote-native-propagation/_page.svelte.js    1.35 kB │ gzip:  0.60 kB
.svelte-kit/output/server/chunks/reset.remote.js                                     1.39 kB │ gzip:  0.63 kB
.svelte-kit/output/server/chunks/Separator.js                                        1.43 kB │ gzip:  0.61 kB
.svelte-kit/output/server/chunks/field-form.remote.js                                1.43 kB │ gzip:  0.64 kB
.svelte-kit/output/server/chunks/submit.remote.js                                    1.43 kB │ gzip:  0.64 kB
.svelte-kit/output/server/entries/pages/avatar-ssr/_page.server.ts.js                1.44 kB │ gzip:  0.61 kB
.svelte-kit/output/server/chunks/getToastManager.js                                  1.47 kB │ gzip:  0.59 kB
.svelte-kit/output/server/chunks/avatar-ssr.js                                       1.58 kB │ gzip:  0.53 kB
.svelte-kit/output/server/chunks/survey.remote.js                                    1.60 kB │ gzip:  0.68 kB
.svelte-kit/output/server/chunks/useBaseUiId2.js                                     1.61 kB │ gzip:  0.62 kB
.svelte-kit/output/server/chunks/Button.js                                           1.67 kB │ gzip:  0.68 kB
.svelte-kit/output/server/chunks/useAnimationFrame.js                                1.98 kB │ gzip:  0.82 kB
.svelte-kit/output/server/chunks/mergeComponentProps2.js                             2.11 kB │ gzip:  0.77 kB
.svelte-kit/output/server/entries/pages/meter-ssr/_page.svelte.js                    2.25 kB │ gzip:  0.60 kB
.svelte-kit/output/server/entries/pages/progress-ssr/_page.svelte.js                 2.26 kB │ gzip:  0.61 kB
.svelte-kit/output/server/chunks/shared2.js                                          2.33 kB │ gzip:  0.91 kB
.svelte-kit/output/server/entries/pages/csp-provider/_page.svelte.js                 2.35 kB │ gzip:  0.70 kB
.svelte-kit/output/server/chunks/accordion-config.js                                 2.51 kB │ gzip:  0.83 kB
.svelte-kit/output/server/entries/pages/direction-provider-ssr/_page.server.ts.js    2.97 kB │ gzip:  0.93 kB
.svelte-kit/output/server/chunks/DirectionProviderFixture.js                         3.01 kB │ gzip:  0.90 kB
.svelte-kit/output/server/entries/pages/kit-reset-compat/_page.svelte.js             3.05 kB │ gzip:  1.17 kB
.svelte-kit/output/server/entries/pages/native-tabbables/_page.svelte.js             3.13 kB │ gzip:  0.68 kB
.svelte-kit/output/server/chunks/Legend.js                                           3.28 kB │ gzip:  0.92 kB
.svelte-kit/output/server/chunks/props.js                                            3.38 kB │ gzip:  1.17 kB
.svelte-kit/output/server/entries/pages/input-reset-observation/_page.svelte.js      3.41 kB │ gzip:  1.08 kB
.svelte-kit/output/server/chunks/exports.js                                          3.45 kB │ gzip:  1.23 kB
.svelte-kit/output/server/chunks/floating-ui.utils.dom.js                            3.69 kB │ gzip:  1.14 kB
.svelte-kit/output/server/chunks/collapsible-config.js                               3.96 kB │ gzip:  1.06 kB
.svelte-kit/output/server/chunks/Action.js                                           3.96 kB │ gzip:  1.04 kB
.svelte-kit/output/server/entries/pages/initial-focus/_page.svelte.js                4.01 kB │ gzip:  0.96 kB
.svelte-kit/output/server/chunks/stateAttributesMapping2.js                          4.12 kB │ gzip:  1.33 kB
.svelte-kit/output/server/chunks/stateAttributesMapping.js                           4.13 kB │ gzip:  1.33 kB
.svelte-kit/output/server/chunks/state.js                                            4.23 kB │ gzip:  1.67 kB
.svelte-kit/output/server/entries/pages/docs/_layout.svelte.js                       4.23 kB │ gzip:  1.66 kB
.svelte-kit/output/server/entries/pages/button-source/_page.server.ts.js             4.28 kB │ gzip:  1.44 kB
.svelte-kit/output/server/chunks/CompositeItem.js                                    4.44 kB │ gzip:  1.36 kB
.svelte-kit/output/server/chunks/ToolbarButton.js                                    4.50 kB │ gzip:  1.28 kB
.svelte-kit/output/server/entries/pages/dialog-ssr/_page.svelte.js                   4.64 kB │ gzip:  0.57 kB
.svelte-kit/output/server/entries/pages/input-remote/_page.svelte.js                 5.16 kB │ gzip:  1.55 kB
.svelte-kit/output/server/entries/pages/focus-ownership/_page.svelte.js              5.27 kB │ gzip:  1.39 kB
.svelte-kit/output/server/chunks/index-server.js                                     5.43 kB │ gzip:  1.94 kB
.svelte-kit/output/server/entries/pages/field-form-conformance/_page.svelte.js       5.60 kB │ gzip:  1.62 kB
.svelte-kit/output/server/entries/pages/kit-submit-compat/_page.svelte.js            5.72 kB │ gzip:  1.65 kB
.svelte-kit/output/server/entries/pages/button-source/_page.svelte.js                5.77 kB │ gzip:  1.71 kB
.svelte-kit/output/server/entries/pages/dialog-regressions/_page.svelte.js           5.85 kB │ gzip:  1.51 kB
.svelte-kit/output/server/entries/pages/separator/_page.svelte.js                    5.98 kB │ gzip:  1.85 kB
.svelte-kit/output/server/chunks/contracts.remote.js                                 5.99 kB │ gzip:  1.60 kB
.svelte-kit/output/server/entries/pages/toggle/_page.svelte.js                       6.22 kB │ gzip:  1.90 kB
.svelte-kit/output/server/chunks/popupHandle.svelte.js                               6.36 kB │ gzip:  2.19 kB
.svelte-kit/output/server/entries/pages/number-field-remote/_page.svelte.js          6.37 kB │ gzip:  1.28 kB
.svelte-kit/output/server/chunks/useButton.svelte.js                                 6.51 kB │ gzip:  1.88 kB
.svelte-kit/output/server/chunks/navigation2.js                                      6.58 kB │ gzip:  1.73 kB
.svelte-kit/output/server/chunks/navigation.js                                       6.60 kB │ gzip:  1.74 kB
.svelte-kit/output/server/entries/pages/composite-nested/_page.svelte.js             6.95 kB │ gzip:  1.87 kB
.svelte-kit/output/server/chunks/useButton2.svelte.js                                7.01 kB │ gzip:  2.05 kB
.svelte-kit/output/server/entries/pages/field-form-remote/_page.svelte.js            7.03 kB │ gzip:  1.81 kB
.svelte-kit/output/server/chunks/mergeProps.js                                       7.04 kB │ gzip:  2.13 kB
.svelte-kit/output/server/entries/pages/button/_page.svelte.js                       7.09 kB │ gzip:  2.09 kB
.svelte-kit/output/server/entries/pages/dialog-state/_page.svelte.js                 7.17 kB │ gzip:  1.68 kB
.svelte-kit/output/server/chunks/Fallback.js                                         7.20 kB │ gzip:  1.69 kB
.svelte-kit/output/server/entries/pages/nonmodal-focus/_page.svelte.js               7.31 kB │ gzip:  1.52 kB
.svelte-kit/output/server/chunks/avatar-harness.js                                   7.62 kB │ gzip:  2.37 kB
.svelte-kit/output/server/chunks/Toggle.js                                           8.16 kB │ gzip:  2.18 kB
.svelte-kit/output/server/entries/pages/dialog-source-closure/_page.svelte.js        8.17 kB │ gzip:  2.10 kB
.svelte-kit/output/server/chunks/Value.js                                            8.39 kB │ gzip:  1.66 kB
.svelte-kit/output/server/entries/pages/input/_page.svelte.js                        8.45 kB │ gzip:  2.30 kB
.svelte-kit/output/server/chunks/SwitchThumb.js                                      8.51 kB │ gzip:  2.44 kB
.svelte-kit/output/server/chunks/mergeComponentProps.js                              8.87 kB │ gzip:  2.57 kB
.svelte-kit/output/server/chunks/internal2.js                                        8.93 kB │ gzip:  2.93 kB
.svelte-kit/output/server/chunks/routing.js                                          9.38 kB │ gzip:  3.15 kB
.svelte-kit/output/server/chunks/Value2.js                                           9.47 kB │ gzip:  1.84 kB
.svelte-kit/output/server/entries/pages/remote-api/_page.svelte.js                   9.62 kB │ gzip:  2.07 kB
.svelte-kit/output/server/chunks/CheckboxGroup.js                                    9.68 kB │ gzip:  2.64 kB
.svelte-kit/output/server/entries/pages/modal-isolation/_page.svelte.js              9.71 kB │ gzip:  1.41 kB
.svelte-kit/output/server/chunks/Control.js                                          9.80 kB │ gzip:  2.89 kB
.svelte-kit/output/server/entries/pages/accordion/_page.svelte.js                   10.19 kB │ gzip:  2.01 kB
.svelte-kit/output/server/chunks/CompositeRoot.js                                   11.77 kB │ gzip:  3.23 kB
.svelte-kit/output/server/entries/pages/boolean-controls/_page.svelte.js            12.27 kB │ gzip:  2.31 kB
.svelte-kit/output/server/entries/pages/toast-portal/_page.svelte.js                13.53 kB │ gzip:  2.55 kB
.svelte-kit/output/server/chunks/useEnhancedClickHandler.js                         13.81 kB │ gzip:  4.14 kB
.svelte-kit/output/server/entries/pages/progress/_page.svelte.js                    14.27 kB │ gzip:  3.20 kB
.svelte-kit/output/server/entries/pages/dialog/_page.svelte.js                      15.12 kB │ gzip:  2.41 kB
.svelte-kit/output/server/entries/pages/ref-contract/_page.svelte.js                15.54 kB │ gzip:  2.34 kB
.svelte-kit/output/server/entries/pages/field-form/_page.svelte.js                  15.61 kB │ gzip:  3.03 kB
.svelte-kit/output/server/entries/pages/toast/_page.svelte.js                       15.90 kB │ gzip:  2.53 kB
.svelte-kit/output/server/chunks/RadioGroup.js                                      16.18 kB │ gzip:  4.06 kB
.svelte-kit/output/server/entries/pages/radio/_page.svelte.js                       18.29 kB │ gzip:  3.90 kB
.svelte-kit/output/server/entries/pages/meter/_page.svelte.js                       18.30 kB │ gzip:  3.80 kB
.svelte-kit/output/server/chunks/CollapsibleFixture.js                              19.20 kB │ gzip:  4.39 kB
.svelte-kit/output/server/entries/pages/number-field/_page.svelte.js                19.30 kB │ gzip:  4.38 kB
.svelte-kit/output/server/chunks/uneval.js                                          19.40 kB │ gzip:  5.35 kB
.svelte-kit/output/server/entries/pages/dialog-handles/_page.svelte.js              21.96 kB │ gzip:  3.32 kB
.svelte-kit/output/server/chunks/DocsPage.js                                        22.28 kB │ gzip:  5.24 kB
.svelte-kit/output/server/entries/pages/native-snippets/_page.svelte.js             24.23 kB │ gzip:  5.68 kB
.svelte-kit/output/server/chunks/AccordionFixture.js                                25.90 kB │ gzip:  5.74 kB
.svelte-kit/output/server/chunks/index.parts.js                                     26.83 kB │ gzip:  5.53 kB
.svelte-kit/output/server/entries/pages/anchor-positioning/_page.svelte.js          28.08 kB │ gzip:  7.25 kB
.svelte-kit/output/server/chunks/content.js                                         28.66 kB │ gzip:  9.10 kB
.svelte-kit/output/server/chunks/floating-ui.dom.js                                 29.16 kB │ gzip:  7.19 kB
.svelte-kit/output/server/chunks/legacy-client.js                                   29.35 kB │ gzip:  8.08 kB
.svelte-kit/output/server/entries/pages/navigation/_page.svelte.js                  29.51 kB │ gzip:  5.00 kB
.svelte-kit/output/server/chunks/index2.parts.js                                    30.10 kB │ gzip:  6.60 kB
.svelte-kit/output/server/chunks/shared.js                                          30.75 kB │ gzip:  8.27 kB
.svelte-kit/output/server/chunks/Close.js                                           32.65 kB │ gzip:  8.02 kB
.svelte-kit/output/server/chunks/utils.js                                           37.47 kB │ gzip: 10.87 kB
.svelte-kit/output/server/chunks/NumberFieldDecrement.js                            41.10 kB │ gzip: 10.06 kB
.svelte-kit/output/server/chunks/DialogHandle.svelte.js                             47.45 kB │ gzip: 12.08 kB
.svelte-kit/output/server/entries/pages/remote-api-contracts/_page.svelte.js        49.35 kB │ gzip:  3.95 kB
.svelte-kit/output/server/entries/pages/scroll-area/_page.svelte.js                 50.10 kB │ gzip:  9.24 kB
.svelte-kit/output/server/chunks/FloatingFocusManager.js                            52.03 kB │ gzip: 13.06 kB
.svelte-kit/output/server/chunks/usePopupViewport.svelte.js                         53.35 kB │ gzip: 12.48 kB
.svelte-kit/output/server/chunks/remote.js                                          55.49 kB │ gzip: 12.16 kB
.svelte-kit/output/server/chunks/Form.js                                            66.37 kB │ gzip: 13.81 kB
.svelte-kit/output/server/chunks/Form2.js                                           74.46 kB │ gzip: 14.88 kB
.svelte-kit/output/server/entries/pages/popup-family/_page.svelte.js               121.72 kB │ gzip: 19.67 kB
.svelte-kit/output/server/chunks/server.js                                         127.19 kB │ gzip: 33.27 kB
.svelte-kit/output/server/index.js                                                 133.71 kB │ gzip: 33.54 kB
.svelte-kit/output/server/entries/pages/menu-family/_page.svelte.js                145.45 kB │ gzip: 24.76 kB
.svelte-kit/output/server/entries/pages/dialog-root-handles/_page.svelte.js        161.83 kB │ gzip: 36.01 kB

[33m[MODULE_LEVEL_DIRECTIVE] [0mThe semantics of the module level directive "use client" in "../../node_modules/.pnpm/@base-ui+react@1.8.0_@types+react@19.2.18_react-dom@19.2.8_react@19.2.8__react@19.2.8/node_modules/@base-ui/react/direction-provider/DirectionProvider.mjs" may not be preserved when bundling.
   [38;5;246m╭[0m[38;5;246m─[0m[38;5;246m[[0m ../../node_modules/.pnpm/@base-ui+react@1.8.0_@types+react@19.2.18_react-dom@19.2.8_react@19.2.8__react@19.2.8/node_modules/@base-ui/react/direction-provider/DirectionProvider.mjs:1:1 [38;5;246m][0m
   [38;5;246m│[0m
 [38;5;246m1 │[0m 'use client';
 [38;5;240m  │[0m ──────┬──────  
 [38;5;240m  │[0m       ╰──────── module level directive may not be preserved
 [38;5;240m  │[0m 
 [38;5;240m  │[0m [38;5;115mHelp[0m: For more information, see https://rolldown.rs/in-depth/directives#other-directives
[38;5;246m───╯[0m

[33m[MODULE_LEVEL_DIRECTIVE] [0mThe semantics of the module level directive "use client" in "../../node_modules/.pnpm/@base-ui+react@1.8.0_@types+react@19.2.18_react-dom@19.2.8_react@19.2.8__react@19.2.8/node_modules/@base-ui/react/floating-ui-react/hooks/useFloating.mjs" may not be preserved when bundling.
   [38;5;246m╭[0m[38;5;246m─[0m[38;5;246m[[0m ../../node_modules/.pnpm/@base-ui+react@1.8.0_@types+react@19.2.18_react-dom@19.2.8_react@19.2.8__react@19.2.8/node_modules/@base-ui/react/floating-ui-react/hooks/useFloating.mjs:1:1 [38;5;246m][0m
   [38;5;246m│[0m
 [38;5;246m1 │[0m 'use client';
 [38;5;240m  │[0m ──────┬──────  
 [38;5;240m  │[0m       ╰──────── module level directive may not be preserved
 [38;5;240m  │[0m 
 [38;5;240m  │[0m [38;5;115mHelp[0m: For more information, see https://rolldown.rs/in-depth/directives#other-directives
[38;5;246m───╯[0m

[33m[MODULE_LEVEL_DIRECTIVE] [0mThe semantics of the module level directive "use client" in "../../node_modules/.pnpm/@base-ui+react@1.8.0_@types+react@19.2.18_react-dom@19.2.8_react@19.2.8__react@19.2.8/node_modules/@base-ui/react/internals/useAnchorPositioning.mjs" may not be preserved when bundling.
   [38;5;246m╭[0m[38;5;246m─[0m[38;5;246m[[0m ../../node_modules/.pnpm/@base-ui+react@1.8.0_@types+react@19.2.18_react-dom@19.2.8_react@19.2.8__react@19.2.8/node_modules/@base-ui/react/internals/useAnchorPositioning.mjs:1:1 [38;5;246m][0m
   [38;5;246m│[0m
 [38;5;246m1 │[0m 'use client';
 [38;5;240m  │[0m ──────┬──────  
 [38;5;240m  │[0m       ╰──────── module level directive may not be preserved
 [38;5;240m  │[0m 
 [38;5;240m  │[0m [38;5;115mHelp[0m: For more information, see https://rolldown.rs/in-depth/directives#other-directives
[38;5;246m───╯[0m

[33m[MODULE_LEVEL_DIRECTIVE] [0mThe semantics of the module level directive "use client" in "../../node_modules/.pnpm/@base-ui+react@1.8.0_@types+react@19.2.18_react-dom@19.2.8_react@19.2.8__react@19.2.8/node_modules/@base-ui/react/internals/direction-context/DirectionContext.mjs" may not be preserved when bundling.
   [38;5;246m╭[0m[38;5;246m─[0m[38;5;246m[[0m ../../node_modules/.pnpm/@base-ui+react@1.8.0_@types+react@19.2.18_react-dom@19.2.8_react@19.2.8__react@19.2.8/node_modules/@base-ui/react/internals/direction-context/DirectionContext.mjs:1:1 [38;5;246m][0m
   [38;5;246m│[0m
 [38;5;246m1 │[0m 'use client';
 [38;5;240m  │[0m ──────┬──────  
 [38;5;240m  │[0m       ╰──────── module level directive may not be preserved
 [38;5;240m  │[0m 
 [38;5;240m  │[0m [38;5;115mHelp[0m: For more information, see https://rolldown.rs/in-depth/directives#other-directives
[38;5;246m───╯[0m

[33m[MODULE_LEVEL_DIRECTIVE] [0mThe semantics of the module level directive "use client" in "../../node_modules/.pnpm/@base-ui+react@1.8.0_@types+react@19.2.18_react-dom@19.2.8_react@19.2.8__react@19.2.8/node_modules/@base-ui/react/floating-ui-react/components/FloatingPortal.mjs" may not be preserved when bundling.
   [38;5;246m╭[0m[38;5;246m─[0m[38;5;246m[[0m ../../node_modules/.pnpm/@base-ui+react@1.8.0_@types+react@19.2.18_react-dom@19.2.8_react@19.2.8__react@19.2.8/node_modules/@base-ui/react/floating-ui-react/components/FloatingPortal.mjs:1:1 [38;5;246m][0m
   [38;5;246m│[0m
 [38;5;246m1 │[0m 'use client';
 [38;5;240m  │[0m ──────┬──────  
 [38;5;240m  │[0m       ╰──────── module level directive may not be preserved
 [38;5;240m  │[0m 
 [38;5;240m  │[0m [38;5;115mHelp[0m: For more information, see https://rolldown.rs/in-depth/directives#other-directives
[38;5;246m───╯[0m

[33m[MODULE_LEVEL_DIRECTIVE] [0mThe semantics of the module level directive "use client" in "../../node_modules/.pnpm/@base-ui+react@1.8.0_@types+react@19.2.18_react-dom@19.2.8_react@19.2.8__react@19.2.8/node_modules/@base-ui/react/dialog/root/DialogRootContext.mjs" may not be preserved when bundling.
   [38;5;246m╭[0m[38;5;246m─[0m[38;5;246m[[0m ../../node_modules/.pnpm/@base-ui+react@1.8.0_@types+react@19.2.18_react-dom@19.2.8_react@19.2.8__react@19.2.8/node_modules/@base-ui/react/dialog/root/DialogRootContext.mjs:1:1 [38;5;246m][0m
   [38;5;246m│[0m
 [38;5;246m1 │[0m 'use client';
 [38;5;240m  │[0m ──────┬──────  
 [38;5;240m  │[0m       ╰──────── module level directive may not be preserved
 [38;5;240m  │[0m 
 [38;5;240m  │[0m [38;5;115mHelp[0m: For more information, see https://rolldown.rs/in-depth/directives#other-directives
[38;5;246m───╯[0m

[33m[MODULE_LEVEL_DIRECTIVE] [0mThe semantics of the module level directive "use client" in "../../node_modules/.pnpm/@base-ui+react@1.8.0_@types+react@19.2.18_react-dom@19.2.8_react@19.2.8__react@19.2.8/node_modules/@base-ui/react/floating-ui-react/hooks/useClientPoint.mjs" may not be preserved when bundling.
   [38;5;246m╭[0m[38;5;246m─[0m[38;5;246m[[0m ../../node_modules/.pnpm/@base-ui+react@1.8.0_@types+react@19.2.18_react-dom@19.2.8_react@19.2.8__react@19.2.8/node_modules/@base-ui/react/floating-ui-react/hooks/useClientPoint.mjs:1:1 [38;5;246m][0m
   [38;5;246m│[0m
 [38;5;246m1 │[0m 'use client';
 [38;5;240m  │[0m ──────┬──────  
 [38;5;240m  │[0m       ╰──────── module level directive may not be preserved
 [38;5;240m  │[0m 
 [38;5;240m  │[0m [38;5;115mHelp[0m: For more information, see https://rolldown.rs/in-depth/directives#other-directives
[38;5;246m───╯[0m

[33m[MODULE_LEVEL_DIRECTIVE] [0mThe semantics of the module level directive "use client" in "../../node_modules/.pnpm/@base-ui+react@1.8.0_@types+react@19.2.18_react-dom@19.2.8_react@19.2.8__react@19.2.8/node_modules/@base-ui/react/floating-ui-react/components/FloatingTree.mjs" may not be preserved when bundling.
   [38;5;246m╭[0m[38;5;246m─[0m[38;5;246m[[0m ../../node_modules/.pnpm/@base-ui+react@1.8.0_@types+react@19.2.18_react-dom@19.2.8_react@19.2.8__react@19.2.8/node_modules/@base-ui/react/floating-ui-react/components/FloatingTree.mjs:1:1 [38;5;246m][0m
   [38;5;246m│[0m
 [38;5;246m1 │[0m 'use client';
 [38;5;240m  │[0m ──────┬──────  
 [38;5;240m  │[0m       ╰──────── module level directive may not be preserved
 [38;5;240m  │[0m 
 [38;5;240m  │[0m [38;5;115mHelp[0m: For more information, see https://rolldown.rs/in-depth/directives#other-directives
[38;5;246m───╯[0m

[33m[MODULE_LEVEL_DIRECTIVE] [0mThe semantics of the module level directive "use client" in "../../node_modules/.pnpm/@base-ui+react@1.8.0_@types+react@19.2.18_react-dom@19.2.8_react@19.2.8__react@19.2.8/node_modules/@base-ui/react/floating-ui-react/components/FloatingDelayGroup.mjs" may not be preserved when bundling.
   [38;5;246m╭[0m[38;5;246m─[0m[38;5;246m[[0m ../../node_modules/.pnpm/@base-ui+react@1.8.0_@types+react@19.2.18_react-dom@19.2.8_react@19.2.8__react@19.2.8/node_modules/@base-ui/react/floating-ui-react/components/FloatingDelayGroup.mjs:1:1 [38;5;246m][0m
   [38;5;246m│[0m
 [38;5;246m1 │[0m 'use client';
 [38;5;240m  │[0m ──────┬──────  
 [38;5;240m  │[0m       ╰──────── module level directive may not be preserved
 [38;5;240m  │[0m 
 [38;5;240m  │[0m [38;5;115mHelp[0m: For more information, see https://rolldown.rs/in-depth/directives#other-directives
[38;5;246m───╯[0m

[33m[MODULE_LEVEL_DIRECTIVE] [0mThe semantics of the module level directive "use client" in "../../node_modules/.pnpm/@base-ui+react@1.8.0_@types+react@19.2.18_react-dom@19.2.8_react@19.2.8__react@19.2.8/node_modules/@base-ui/react/floating-ui-react/components/FloatingFocusManager.mjs" may not be preserved when bundling.
   [38;5;246m╭[0m[38;5;246m─[0m[38;5;246m[[0m ../../node_modules/.pnpm/@base-ui+react@1.8.0_@types+react@19.2.18_react-dom@19.2.8_react@19.2.8__react@19.2.8/node_modules/@base-ui/react/floating-ui-react/components/FloatingFocusManager.mjs:1:1 [38;5;246m][0m
   [38;5;246m│[0m
 [38;5;246m1 │[0m 'use client';
 [38;5;240m  │[0m ──────┬──────  
 [38;5;240m  │[0m       ╰──────── module level directive may not be preserved
 [38;5;240m  │[0m 
 [38;5;240m  │[0m [38;5;115mHelp[0m: For more information, see https://rolldown.rs/in-depth/directives#other-directives
[38;5;246m───╯[0m

[33m[MODULE_LEVEL_DIRECTIVE] [0mThe semantics of the module level directive "use client" in "../../node_modules/.pnpm/@base-ui+react@1.8.0_@types+react@19.2.18_react-dom@19.2.8_react@19.2.8__react@19.2.8/node_modules/@base-ui/react/floating-ui-react/hooks/useFloatingRootContext.mjs" may not be preserved when bundling.
   [38;5;246m╭[0m[38;5;246m─[0m[38;5;246m[[0m ../../node_modules/.pnpm/@base-ui+react@1.8.0_@types+react@19.2.18_react-dom@19.2.8_react@19.2.8__react@19.2.8/node_modules/@base-ui/react/floating-ui-react/hooks/useFloatingRootContext.mjs:1:1 [38;5;246m][0m
   [38;5;246m│[0m
 [38;5;246m1 │[0m 'use client';
 [38;5;240m  │[0m ──────┬──────  
 [38;5;240m  │[0m       ╰──────── module level directive may not be preserved
 [38;5;240m  │[0m 
 [38;5;240m  │[0m [38;5;115mHelp[0m: For more information, see https://rolldown.rs/in-depth/directives#other-directives
[38;5;246m───╯[0m

[33m[MODULE_LEVEL_DIRECTIVE] [0mThe semantics of the module level directive "use client" in "../../node_modules/.pnpm/@base-ui+react@1.8.0_@types+react@19.2.18_react-dom@19.2.8_react@19.2.8__react@19.2.8/node_modules/@base-ui/react/floating-ui-react/hooks/useSyncedFloatingRootContext.mjs" may not be preserved when bundling.
   [38;5;246m╭[0m[38;5;246m─[0m[38;5;246m[[0m ../../node_modules/.pnpm/@base-ui+react@1.8.0_@types+react@19.2.18_react-dom@19.2.8_react@19.2.8__react@19.2.8/node_modules/@base-ui/react/floating-ui-react/hooks/useSyncedFloatingRootContext.mjs:1:1 [38;5;246m][0m
   [38;5;246m│[0m
 [38;5;246m1 │[0m 'use client';
 [38;5;240m  │[0m ──────┬──────  
 [38;5;240m  │[0m       ╰──────── module level directive may not be preserved
 [38;5;240m  │[0m 
 [38;5;240m  │[0m [38;5;115mHelp[0m: For more information, see https://rolldown.rs/in-depth/directives#other-directives
[38;5;246m───╯[0m

[33m[MODULE_LEVEL_DIRECTIVE] [0mThe semantics of the module level directive "use client" in "../../node_modules/.pnpm/@base-ui+react@1.8.0_@types+react@19.2.18_react-dom@19.2.8_react@19.2.8__react@19.2.8/node_modules/@base-ui/react/floating-ui-react/hooks/useHoverFloatingInteraction.mjs" may not be preserved when bundling.
   [38;5;246m╭[0m[38;5;246m─[0m[38;5;246m[[0m ../../node_modules/.pnpm/@base-ui+react@1.8.0_@types+react@19.2.18_react-dom@19.2.8_react@19.2.8__react@19.2.8/node_modules/@base-ui/react/floating-ui-react/hooks/useHoverFloatingInteraction.mjs:1:1 [38;5;246m][0m
   [38;5;246m│[0m
 [38;5;246m1 │[0m 'use client';
 [38;5;240m  │[0m ──────┬──────  
 [38;5;240m  │[0m       ╰──────── module level directive may not be preserved
 [38;5;240m  │[0m 
 [38;5;240m  │[0m [38;5;115mHelp[0m: For more information, see https://rolldown.rs/in-depth/directives#other-directives
[38;5;246m───╯[0m

[33m[MODULE_LEVEL_DIRECTIVE] [0mThe semantics of the module level directive "use client" in "../../node_modules/.pnpm/@base-ui+react@1.8.0_@types+react@19.2.18_react-dom@19.2.8_react@19.2.8__react@19.2.8/node_modules/@base-ui/react/floating-ui-react/hooks/useHover.mjs" may not be preserved when bundling.
   [38;5;246m╭[0m[38;5;246m─[0m[38;5;246m[[0m ../../node_modules/.pnpm/@base-ui+react@1.8.0_@types+react@19.2.18_react-dom@19.2.8_react@19.2.8__react@19.2.8/node_modules/@base-ui/react/floating-ui-react/hooks/useHover.mjs:1:1 [38;5;246m][0m
   [38;5;246m│[0m
 [38;5;246m1 │[0m 'use client';
 [38;5;240m  │[0m ──────┬──────  
 [38;5;240m  │[0m       ╰──────── module level directive may not be preserved
 [38;5;240m  │[0m 
 [38;5;240m  │[0m [38;5;115mHelp[0m: For more information, see https://rolldown.rs/in-depth/directives#other-directives
[38;5;246m───╯[0m

[33m[MODULE_LEVEL_DIRECTIVE] [0mThe semantics of the module level directive "use client" in "../../node_modules/.pnpm/@base-ui+react@1.8.0_@types+react@19.2.18_react-dom@19.2.8_react@19.2.8__react@19.2.8/node_modules/@base-ui/react/floating-ui-react/hooks/useFocus.mjs" may not be preserved when bundling.
   [38;5;246m╭[0m[38;5;246m─[0m[38;5;246m[[0m ../../node_modules/.pnpm/@base-ui+react@1.8.0_@types+react@19.2.18_react-dom@19.2.8_react@19.2.8__react@19.2.8/node_modules/@base-ui/react/floating-ui-react/hooks/useFocus.mjs:1:1 [38;5;246m][0m
   [38;5;246m│[0m
 [38;5;246m1 │[0m 'use client';
 [38;5;240m  │[0m ──────┬──────  
 [38;5;240m  │[0m       ╰──────── module level directive may not be preserved
 [38;5;240m  │[0m 
 [38;5;240m  │[0m [38;5;115mHelp[0m: For more information, see https://rolldown.rs/in-depth/directives#other-directives
[38;5;246m───╯[0m

[33m[MODULE_LEVEL_DIRECTIVE] [0mThe semantics of the module level directive "use client" in "../../node_modules/.pnpm/@base-ui+react@1.8.0_@types+react@19.2.18_react-dom@19.2.8_react@19.2.8__react@19.2.8/node_modules/@base-ui/react/floating-ui-react/hooks/useClick.mjs" may not be preserved when bundling.
   [38;5;246m╭[0m[38;5;246m─[0m[38;5;246m[[0m ../../node_modules/.pnpm/@base-ui+react@1.8.0_@types+react@19.2.18_react-dom@19.2.8_react@19.2.8__react@19.2.8/node_modules/@base-ui/react/floating-ui-react/hooks/useClick.mjs:1:1 [38;5;246m][0m
   [38;5;246m│[0m
 [38;5;246m1 │[0m 'use client';
 [38;5;240m  │[0m ──────┬──────  
 [38;5;240m  │[0m       ╰──────── module level directive may not be preserved
 [38;5;240m  │[0m 
 [38;5;240m  │[0m [38;5;115mHelp[0m: For more information, see https://rolldown.rs/in-depth/directives#other-directives
[38;5;246m───╯[0m

[33m[MODULE_LEVEL_DIRECTIVE] [0mThe semantics of the module level directive "use client" in "../../node_modules/.pnpm/@base-ui+react@1.8.0_@types+react@19.2.18_react-dom@19.2.8_react@19.2.8__react@19.2.8/node_modules/@base-ui/react/floating-ui-react/hooks/useHoverReferenceInteraction.mjs" may not be preserved when bundling.
   [38;5;246m╭[0m[38;5;246m─[0m[38;5;246m[[0m ../../node_modules/.pnpm/@base-ui+react@1.8.0_@types+react@19.2.18_react-dom@19.2.8_react@19.2.8__react@19.2.8/node_modules/@base-ui/react/floating-ui-react/hooks/useHoverReferenceInteraction.mjs:1:1 [38;5;246m][0m
   [38;5;246m│[0m
 [38;5;246m1 │[0m 'use client';
 [38;5;240m  │[0m ──────┬──────  
 [38;5;240m  │[0m       ╰──────── module level directive may not be preserved
 [38;5;240m  │[0m 
 [38;5;240m  │[0m [38;5;115mHelp[0m: For more information, see https://rolldown.rs/in-depth/directives#other-directives
[38;5;246m───╯[0m

[33m[MODULE_LEVEL_DIRECTIVE] [0mThe semantics of the module level directive "use client" in "../../node_modules/.pnpm/@base-ui+react@1.8.0_@types+react@19.2.18_react-dom@19.2.8_react@19.2.8__react@19.2.8/node_modules/@base-ui/react/floating-ui-react/hooks/useDismiss.mjs" may not be preserved when bundling.
   [38;5;246m╭[0m[38;5;246m─[0m[38;5;246m[[0m ../../node_modules/.pnpm/@base-ui+react@1.8.0_@types+react@19.2.18_react-dom@19.2.8_react@19.2.8__react@19.2.8/node_modules/@base-ui/react/floating-ui-react/hooks/useDismiss.mjs:1:1 [38;5;246m][0m
   [38;5;246m│[0m
 [38;5;246m1 │[0m 'use client';
 [38;5;240m  │[0m ──────┬──────  
 [38;5;240m  │[0m       ╰──────── module level directive may not be preserved
 [38;5;240m  │[0m 
 [38;5;240m  │[0m [38;5;115mHelp[0m: For more information, see https://rolldown.rs/in-depth/directives#other-directives
[38;5;246m───╯[0m

[33m[MODULE_LEVEL_DIRECTIVE] [0mThe semantics of the module level directive "use client" in "../../node_modules/.pnpm/@base-ui+react@1.8.0_@types+react@19.2.18_react-dom@19.2.8_react@19.2.8__react@19.2.8/node_modules/@base-ui/react/floating-ui-react/hooks/useListNavigation.mjs" may not be preserved when bundling.
   [38;5;246m╭[0m[38;5;246m─[0m[38;5;246m[[0m ../../node_modules/.pnpm/@base-ui+react@1.8.0_@types+react@19.2.18_react-dom@19.2.8_react@19.2.8__react@19.2.8/node_modules/@base-ui/react/floating-ui-react/hooks/useListNavigation.mjs:1:1 [38;5;246m][0m
   [38;5;246m│[0m
 [38;5;246m1 │[0m 'use client';
 [38;5;240m  │[0m ──────┬──────  
 [38;5;240m  │[0m       ╰──────── module level directive may not be preserved
 [38;5;240m  │[0m 
 [38;5;240m  │[0m [38;5;115mHelp[0m: For more information, see https://rolldown.rs/in-depth/directives#other-directives
[38;5;246m───╯[0m

[33m[MODULE_LEVEL_DIRECTIVE] [0mThe semantics of the module level directive "use client" in "../../node_modules/.pnpm/@base-ui+react@1.8.0_@types+react@19.2.18_react-dom@19.2.8_react@19.2.8__react@19.2.8/node_modules/@base-ui/react/floating-ui-react/hooks/useTypeahead.mjs" may not be preserved when bundling.
   [38;5;246m╭[0m[38;5;246m─[0m[38;5;246m[[0m ../../node_modules/.pnpm/@base-ui+react@1.8.0_@types+react@19.2.18_react-dom@19.2.8_react@19.2.8__react@19.2.8/node_modules/@base-ui/react/floating-ui-react/hooks/useTypeahead.mjs:1:1 [38;5;246m][0m
   [38;5;246m│[0m
 [38;5;246m1 │[0m 'use client';
 [38;5;240m  │[0m ──────┬──────  
 [38;5;240m  │[0m       ╰──────── module level directive may not be preserved
 [38;5;240m  │[0m 
 [38;5;240m  │[0m [38;5;115mHelp[0m: For more information, see https://rolldown.rs/in-depth/directives#other-directives
[38;5;246m───╯[0m

[33m[MODULE_LEVEL_DIRECTIVE] [0mThe semantics of the module level directive "use client" in "../../node_modules/.pnpm/@base-ui+react@1.8.0_@types+react@19.2.18_react-dom@19.2.8_react@19.2.8__react@19.2.8/node_modules/@base-ui/react/utils/FocusGuard.mjs" may not be preserved when bundling.
   [38;5;246m╭[0m[38;5;246m─[0m[38;5;246m[[0m ../../node_modules/.pnpm/@base-ui+react@1.8.0_@types+react@19.2.18_react-dom@19.2.8_react@19.2.8__react@19.2.8/node_modules/@base-ui/react/utils/FocusGuard.mjs:1:1 [38;5;246m][0m
   [38;5;246m│[0m
 [38;5;246m1 │[0m 'use client';
 [38;5;240m  │[0m ──────┬──────  
 [38;5;240m  │[0m       ╰──────── module level directive may not be preserved
 [38;5;240m  │[0m 
 [38;5;240m  │[0m [38;5;115mHelp[0m: For more information, see https://rolldown.rs/in-depth/directives#other-directives
[38;5;246m───╯[0m

[33m[MODULE_LEVEL_DIRECTIVE] [0mThe semantics of the module level directive "use client" in "../../node_modules/.pnpm/@base-ui+react@1.8.0_@types+react@19.2.18_react-dom@19.2.8_react@19.2.8__react@19.2.8/node_modules/@base-ui/react/floating-ui-react/hooks/useHoverInteractionSharedState.mjs" may not be preserved when bundling.
   [38;5;246m╭[0m[38;5;246m─[0m[38;5;246m[[0m ../../node_modules/.pnpm/@base-ui+react@1.8.0_@types+react@19.2.18_react-dom@19.2.8_react@19.2.8__react@19.2.8/node_modules/@base-ui/react/floating-ui-react/hooks/useHoverInteractionSharedState.mjs:1:1 [38;5;246m][0m
   [38;5;246m│[0m
 [38;5;246m1 │[0m 'use client';
 [38;5;240m  │[0m ──────┬──────  
 [38;5;240m  │[0m       ╰──────── module level directive may not be preserved
 [38;5;240m  │[0m 
 [38;5;240m  │[0m [38;5;115mHelp[0m: For more information, see https://rolldown.rs/in-depth/directives#other-directives
[38;5;246m───╯[0m

[33m[MODULE_LEVEL_DIRECTIVE] [0mThe semantics of the module level directive "use client" in "../../node_modules/.pnpm/@base-ui+react@1.8.0_@types+react@19.2.18_react-dom@19.2.8_react@19.2.8__react@19.2.8/node_modules/@base-ui/react/utils/popups/usePopupHandleStore.mjs" may not be preserved when bundling.
   [38;5;246m╭[0m[38;5;246m─[0m[38;5;246m[[0m ../../node_modules/.pnpm/@base-ui+react@1.8.0_@types+react@19.2.18_react-dom@19.2.8_react@19.2.8__react@19.2.8/node_modules/@base-ui/react/utils/popups/usePopupHandleStore.mjs:1:1 [38;5;246m][0m
   [38;5;246m│[0m
 [38;5;246m1 │[0m 'use client';
 [38;5;240m  │[0m ──────┬──────  
 [38;5;240m  │[0m       ╰──────── module level directive may not be preserved
 [38;5;240m  │[0m 
 [38;5;240m  │[0m [38;5;115mHelp[0m: For more information, see https://rolldown.rs/in-depth/directives#other-directives
[38;5;246m───╯[0m

[33m[MODULE_LEVEL_DIRECTIVE] [0mThe semantics of the module level directive "use client" in "../../node_modules/.pnpm/@base-ui+react@1.8.0_@types+react@19.2.18_react-dom@19.2.8_react@19.2.8__react@19.2.8/node_modules/@base-ui/react/dialog/backdrop/DialogBackdrop.mjs" may not be preserved when bundling.
   [38;5;246m╭[0m[38;5;246m─[0m[38;5;246m[[0m ../../node_modules/.pnpm/@base-ui+react@1.8.0_@types+react@19.2.18_react-dom@19.2.8_react@19.2.8__react@19.2.8/node_modules/@base-ui/react/dialog/backdrop/DialogBackdrop.mjs:1:1 [38;5;246m][0m
   [38;5;246m│[0m
 [38;5;246m1 │[0m 'use client';
 [38;5;240m  │[0m ──────┬──────  
 [38;5;240m  │[0m       ╰──────── module level directive may not be preserved
 [38;5;240m  │[0m 
 [38;5;240m  │[0m [38;5;115mHelp[0m: For more information, see https://rolldown.rs/in-depth/directives#other-directives
[38;5;246m───╯[0m

[33m[MODULE_LEVEL_DIRECTIVE] [0mThe semantics of the module level directive "use client" in "../../node_modules/.pnpm/@base-ui+react@1.8.0_@types+react@19.2.18_react-dom@19.2.8_react@19.2.8__react@19.2.8/node_modules/@base-ui/react/dialog/trigger/DialogTrigger.mjs" may not be preserved when bundling.
   [38;5;246m╭[0m[38;5;246m─[0m[38;5;246m[[0m ../../node_modules/.pnpm/@base-ui+react@1.8.0_@types+react@19.2.18_react-dom@19.2.8_react@19.2.8__react@19.2.8/node_modules/@base-ui/react/dialog/trigger/DialogTrigger.mjs:1:1 [38;5;246m][0m
   [38;5;246m│[0m
 [38;5;246m1 │[0m 'use client';
 [38;5;240m  │[0m ──────┬──────  
 [38;5;240m  │[0m       ╰──────── module level directive may not be preserved
 [38;5;240m  │[0m 
 [38;5;240m  │[0m [38;5;115mHelp[0m: For more information, see https://rolldown.rs/in-depth/directives#other-directives
[38;5;246m───╯[0m

[33m[MODULE_LEVEL_DIRECTIVE] [0mThe semantics of the module level directive "use client" in "../../node_modules/.pnpm/@base-ui+react@1.8.0_@types+react@19.2.18_react-dom@19.2.8_react@19.2.8__react@19.2.8/node_modules/@base-ui/react/dialog/description/DialogDescription.mjs" may not be preserved when bundling.
   [38;5;246m╭[0m[38;5;246m─[0m[38;5;246m[[0m ../../node_modules/.pnpm/@base-ui+react@1.8.0_@types+react@19.2.18_react-dom@19.2.8_react@19.2.8__react@19.2.8/node_modules/@base-ui/react/dialog/description/DialogDescription.mjs:1:1 [38;5;246m][0m
   [38;5;246m│[0m
 [38;5;246m1 │[0m 'use client';
 [38;5;240m  │[0m ──────┬──────  
 [38;5;240m  │[0m       ╰──────── module level directive may not be preserved
 [38;5;240m  │[0m 
 [38;5;240m  │[0m [38;5;115mHelp[0m: For more information, see https://rolldown.rs/in-depth/directives#other-directives
[38;5;246m───╯[0m

[33m[MODULE_LEVEL_DIRECTIVE] [0mThe semantics of the module level directive "use client" in "../../node_modules/.pnpm/@base-ui+react@1.8.0_@types+react@19.2.18_react-dom@19.2.8_react@19.2.8__react@19.2.8/node_modules/@base-ui/react/dialog/popup/DialogPopup.mjs" may not be preserved when bundling.
   [38;5;246m╭[0m[38;5;246m─[0m[38;5;246m[[0m ../../node_modules/.pnpm/@base-ui+react@1.8.0_@types+react@19.2.18_react-dom@19.2.8_react@19.2.8__react@19.2.8/node_modules/@base-ui/react/dialog/popup/DialogPopup.mjs:1:1 [38;5;246m][0m
   [38;5;246m│[0m
 [38;5;246m1 │[0m 'use client';
 [38;5;240m  │[0m ──────┬──────  
 [38;5;240m  │[0m       ╰──────── module level directive may not be preserved
 [38;5;240m  │[0m 
 [38;5;240m  │[0m [38;5;115mHelp[0m: For more information, see https://rolldown.rs/in-depth/directives#other-directives
[38;5;246m───╯[0m

[33m[MODULE_LEVEL_DIRECTIVE] [0mThe semantics of the module level directive "use client" in "../../node_modules/.pnpm/@base-ui+react@1.8.0_@types+react@19.2.18_react-dom@19.2.8_react@19.2.8__react@19.2.8/node_modules/@base-ui/react/utils/popups/popupStoreUtils.mjs" may not be preserved when bundling.
   [38;5;246m╭[0m[38;5;246m─[0m[38;5;246m[[0m ../../node_modules/.pnpm/@base-ui+react@1.8.0_@types+react@19.2.18_react-dom@19.2.8_react@19.2.8__react@19.2.8/node_modules/@base-ui/react/utils/popups/popupStoreUtils.mjs:1:1 [38;5;246m][0m
   [38;5;246m│[0m
 [38;5;246m1 │[0m 'use client';
 [38;5;240m  │[0m ──────┬──────  
 [38;5;240m  │[0m       ╰──────── module level directive may not be preserved
 [38;5;240m  │[0m 
 [38;5;240m  │[0m [38;5;115mHelp[0m: For more information, see https://rolldown.rs/in-depth/directives#other-directives
[38;5;246m───╯[0m

[33m[MODULE_LEVEL_DIRECTIVE] [0mThe semantics of the module level directive "use client" in "../../node_modules/.pnpm/@base-ui+react@1.8.0_@types+react@19.2.18_react-dom@19.2.8_react@19.2.8__react@19.2.8/node_modules/@base-ui/react/dialog/root/DialogRoot.mjs" may not be preserved when bundling.
   [38;5;246m╭[0m[38;5;246m─[0m[38;5;246m[[0m ../../node_modules/.pnpm/@base-ui+react@1.8.0_@types+react@19.2.18_react-dom@19.2.8_react@19.2.8__react@19.2.8/node_modules/@base-ui/react/dialog/root/DialogRoot.mjs:1:1 [38;5;246m][0m
   [38;5;246m│[0m
 [38;5;246m1 │[0m 'use client';
 [38;5;240m  │[0m ──────┬──────  
 [38;5;240m  │[0m       ╰──────── module level directive may not be preserved
 [38;5;240m  │[0m 
 [38;5;240m  │[0m [38;5;115mHelp[0m: For more information, see https://rolldown.rs/in-depth/directives#other-directives
[38;5;246m───╯[0m

[33m[MODULE_LEVEL_DIRECTIVE] [0mThe semantics of the module level directive "use client" in "../../node_modules/.pnpm/@base-ui+react@1.8.0_@types+react@19.2.18_react-dom@19.2.8_react@19.2.8__react@19.2.8/node_modules/@base-ui/react/dialog/viewport/DialogViewport.mjs" may not be preserved when bundling.
   [38;5;246m╭[0m[38;5;246m─[0m[38;5;246m[[0m ../../node_modules/.pnpm/@base-ui+react@1.8.0_@types+react@19.2.18_react-dom@19.2.8_react@19.2.8__react@19.2.8/node_modules/@base-ui/react/dialog/viewport/DialogViewport.mjs:1:1 [38;5;246m][0m
   [38;5;246m│[0m
 [38;5;246m1 │[0m 'use client';
 [38;5;240m  │[0m ──────┬──────  
 [38;5;240m  │[0m       ╰──────── module level directive may not be preserved
 [38;5;240m  │[0m 
 [38;5;240m  │[0m [38;5;115mHelp[0m: For more information, see https://rolldown.rs/in-depth/directives#other-directives
[38;5;246m───╯[0m

[33m[MODULE_LEVEL_DIRECTIVE] [0mThe semantics of the module level directive "use client" in "../../node_modules/.pnpm/@base-ui+react@1.8.0_@types+react@19.2.18_react-dom@19.2.8_react@19.2.8__react@19.2.8/node_modules/@base-ui/react/dialog/title/DialogTitle.mjs" may not be preserved when bundling.
   [38;5;246m╭[0m[38;5;246m─[0m[38;5;246m[[0m ../../node_modules/.pnpm/@base-ui+react@1.8.0_@types+react@19.2.18_react-dom@19.2.8_react@19.2.8__react@19.2.8/node_modules/@base-ui/react/dialog/title/DialogTitle.mjs:1:1 [38;5;246m][0m
   [38;5;246m│[0m
 [38;5;246m1 │[0m 'use client';
 [38;5;240m  │[0m ──────┬──────  
 [38;5;240m  │[0m       ╰──────── module level directive may not be preserved
 [38;5;240m  │[0m 
 [38;5;240m  │[0m [38;5;115mHelp[0m: For more information, see https://rolldown.rs/in-depth/directives#other-directives
[38;5;246m───╯[0m

[33m[MODULE_LEVEL_DIRECTIVE] [0mThe semantics of the module level directive "use client" in "../../node_modules/.pnpm/@base-ui+react@1.8.0_@types+react@19.2.18_react-dom@19.2.8_react@19.2.8__react@19.2.8/node_modules/@base-ui/react/dialog/portal/DialogPortal.mjs" may not be preserved when bundling.
   [38;5;246m╭[0m[38;5;246m─[0m[38;5;246m[[0m ../../node_modules/.pnpm/@base-ui+react@1.8.0_@types+react@19.2.18_react-dom@19.2.8_react@19.2.8__react@19.2.8/node_modules/@base-ui/react/dialog/portal/DialogPortal.mjs:1:1 [38;5;246m][0m
   [38;5;246m│[0m
 [38;5;246m1 │[0m 'use client';
 [38;5;240m  │[0m ──────┬──────  
 [38;5;240m  │[0m       ╰──────── module level directive may not be preserved
 [38;5;240m  │[0m 
 [38;5;240m  │[0m [38;5;115mHelp[0m: For more information, see https://rolldown.rs/in-depth/directives#other-directives
[38;5;246m───╯[0m

[33m[MODULE_LEVEL_DIRECTIVE] [0mThe semantics of the module level directive "use client" in "../../node_modules/.pnpm/@base-ui+react@1.8.0_@types+react@19.2.18_react-dom@19.2.8_react@19.2.8__react@19.2.8/node_modules/@base-ui/react/dialog/close/DialogClose.mjs" may not be preserved when bundling.
   [38;5;246m╭[0m[38;5;246m─[0m[38;5;246m[[0m ../../node_modules/.pnpm/@base-ui+react@1.8.0_@types+react@19.2.18_react-dom@19.2.8_react@19.2.8__react@19.2.8/node_modules/@base-ui/react/dialog/close/DialogClose.mjs:1:1 [38;5;246m][0m
   [38;5;246m│[0m
 [38;5;246m1 │[0m 'use client';
 [38;5;240m  │[0m ──────┬──────  
 [38;5;240m  │[0m       ╰──────── module level directive may not be preserved
 [38;5;240m  │[0m 
 [38;5;240m  │[0m [38;5;115mHelp[0m: For more information, see https://rolldown.rs/in-depth/directives#other-directives
[38;5;246m───╯[0m

[33m[MODULE_LEVEL_DIRECTIVE] [0mThe semantics of the module level directive "use client" in "../../node_modules/.pnpm/@base-ui+react@1.8.0_@types+react@19.2.18_react-dom@19.2.8_react@19.2.8__react@19.2.8/node_modules/@base-ui/react/internals/useTransitionStatus.mjs" may not be preserved when bundling.
   [38;5;246m╭[0m[38;5;246m─[0m[38;5;246m[[0m ../../node_modules/.pnpm/@base-ui+react@1.8.0_@types+react@19.2.18_react-dom@19.2.8_react@19.2.8__react@19.2.8/node_modules/@base-ui/react/internals/useTransitionStatus.mjs:1:1 [38;5;246m][0m
   [38;5;246m│[0m
 [38;5;246m1 │[0m 'use client';
 [38;5;240m  │[0m ──────┬──────  
 [38;5;240m  │[0m       ╰──────── module level directive may not be preserved
 [38;5;240m  │[0m 
 [38;5;240m  │[0m [38;5;115mHelp[0m: For more information, see https://rolldown.rs/in-depth/directives#other-directives
[38;5;246m───╯[0m

[33m[MODULE_LEVEL_DIRECTIVE] [0mThe semantics of the module level directive "use client" in "../../node_modules/.pnpm/@base-ui+react@1.8.0_@types+react@19.2.18_react-dom@19.2.8_react@19.2.8__react@19.2.8/node_modules/@base-ui/react/internals/use-button/useButton.mjs" may not be preserved when bundling.
   [38;5;246m╭[0m[38;5;246m─[0m[38;5;246m[[0m ../../node_modules/.pnpm/@base-ui+react@1.8.0_@types+react@19.2.18_react-dom@19.2.8_react@19.2.8__react@19.2.8/node_modules/@base-ui/react/internals/use-button/useButton.mjs:1:1 [38;5;246m][0m
   [38;5;246m│[0m
 [38;5;246m1 │[0m 'use client';
 [38;5;240m  │[0m ──────┬──────  
 [38;5;240m  │[0m       ╰──────── module level directive may not be preserved
 [38;5;240m  │[0m 
 [38;5;240m  │[0m [38;5;115mHelp[0m: For more information, see https://rolldown.rs/in-depth/directives#other-directives
[38;5;246m───╯[0m

[33m[MODULE_LEVEL_DIRECTIVE] [0mThe semantics of the module level directive "use client" in "../../node_modules/.pnpm/@base-ui+react@1.8.0_@types+react@19.2.18_react-dom@19.2.8_react@19.2.8__react@19.2.8/node_modules/@base-ui/react/dialog/portal/DialogPortalContext.mjs" may not be preserved when bundling.
   [38;5;246m╭[0m[38;5;246m─[0m[38;5;246m[[0m ../../node_modules/.pnpm/@base-ui+react@1.8.0_@types+react@19.2.18_react-dom@19.2.8_react@19.2.8__react@19.2.8/node_modules/@base-ui/react/dialog/portal/DialogPortalContext.mjs:1:1 [38;5;246m][0m
   [38;5;246m│[0m
 [38;5;246m1 │[0m 'use client';
 [38;5;240m  │[0m ──────┬──────  
 [38;5;240m  │[0m       ╰──────── module level directive may not be preserved
 [38;5;240m  │[0m 
 [38;5;240m  │[0m [38;5;115mHelp[0m: For more information, see https://rolldown.rs/in-depth/directives#other-directives
[38;5;246m───╯[0m

[33m[MODULE_LEVEL_DIRECTIVE] [0mThe semantics of the module level directive "use client" in "../../node_modules/.pnpm/@base-ui+react@1.8.0_@types+react@19.2.18_react-dom@19.2.8_react@19.2.8__react@19.2.8/node_modules/@base-ui/react/internals/useBaseUiId.mjs" may not be preserved when bundling.
   [38;5;246m╭[0m[38;5;246m─[0m[38;5;246m[[0m ../../node_modules/.pnpm/@base-ui+react@1.8.0_@types+react@19.2.18_react-dom@19.2.8_react@19.2.8__react@19.2.8/node_modules/@base-ui/react/internals/useBaseUiId.mjs:1:1 [38;5;246m][0m
   [38;5;246m│[0m
 [38;5;246m1 │[0m 'use client';
 [38;5;240m  │[0m ──────┬──────  
 [38;5;240m  │[0m       ╰──────── module level directive may not be preserved
 [38;5;240m  │[0m 
 [38;5;240m  │[0m [38;5;115mHelp[0m: For more information, see https://rolldown.rs/in-depth/directives#other-directives
[38;5;246m───╯[0m

[33m[MODULE_LEVEL_DIRECTIVE] [0mThe semantics of the module level directive "use client" in "../../node_modules/.pnpm/@base-ui+react@1.8.0_@types+react@19.2.18_react-dom@19.2.8_react@19.2.8__react@19.2.8/node_modules/@base-ui/react/internals/useOpenChangeComplete.mjs" may not be preserved when bundling.
   [38;5;246m╭[0m[38;5;246m─[0m[38;5;246m[[0m ../../node_modules/.pnpm/@base-ui+react@1.8.0_@types+react@19.2.18_react-dom@19.2.8_react@19.2.8__react@19.2.8/node_modules/@base-ui/react/internals/useOpenChangeComplete.mjs:1:1 [38;5;246m][0m
   [38;5;246m│[0m
 [38;5;246m1 │[0m 'use client';
 [38;5;240m  │[0m ──────┬──────  
 [38;5;240m  │[0m       ╰──────── module level directive may not be preserved
 [38;5;240m  │[0m 
 [38;5;240m  │[0m [38;5;115mHelp[0m: For more information, see https://rolldown.rs/in-depth/directives#other-directives
[38;5;246m───╯[0m

[33m[MODULE_LEVEL_DIRECTIVE] [0mThe semantics of the module level directive "use client" in "../../node_modules/.pnpm/@base-ui+react@1.8.0_@types+react@19.2.18_react-dom@19.2.8_react@19.2.8__react@19.2.8/node_modules/@base-ui/react/utils/useOpenInteractionType.mjs" may not be preserved when bundling.
   [38;5;246m╭[0m[38;5;246m─[0m[38;5;246m[[0m ../../node_modules/.pnpm/@base-ui+react@1.8.0_@types+react@19.2.18_react-dom@19.2.8_react@19.2.8__react@19.2.8/node_modules/@base-ui/react/utils/useOpenInteractionType.mjs:1:1 [38;5;246m][0m
   [38;5;246m│[0m
 [38;5;246m1 │[0m 'use client';
 [38;5;240m  │[0m ──────┬──────  
 [38;5;240m  │[0m       ╰──────── module level directive may not be preserved
 [38;5;240m  │[0m 
 [38;5;240m  │[0m [38;5;115mHelp[0m: For more information, see https://rolldown.rs/in-depth/directives#other-directives
[38;5;246m───╯[0m

[33m[MODULE_LEVEL_DIRECTIVE] [0mThe semantics of the module level directive "use client" in "../../node_modules/.pnpm/@base-ui+react@1.8.0_@types+react@19.2.18_react-dom@19.2.8_react@19.2.8__react@19.2.8/node_modules/@base-ui/react/dialog/root/useRenderDialogRoot.mjs" may not be preserved when bundling.
   [38;5;246m╭[0m[38;5;246m─[0m[38;5;246m[[0m ../../node_modules/.pnpm/@base-ui+react@1.8.0_@types+react@19.2.18_react-dom@19.2.8_react@19.2.8__react@19.2.8/node_modules/@base-ui/react/dialog/root/useRenderDialogRoot.mjs:1:1 [38;5;246m][0m
   [38;5;246m│[0m
 [38;5;246m1 │[0m 'use client';
 [38;5;240m  │[0m ──────┬──────  
 [38;5;240m  │[0m       ╰──────── module level directive may not be preserved
 [38;5;240m  │[0m 
 [38;5;240m  │[0m [38;5;115mHelp[0m: For more information, see https://rolldown.rs/in-depth/directives#other-directives
[38;5;246m───╯[0m

[33m[MODULE_LEVEL_DIRECTIVE] [0mThe semantics of the module level directive "use client" in "../../node_modules/.pnpm/@base-ui+react@1.8.0_@types+react@19.2.18_react-dom@19.2.8_react@19.2.8__react@19.2.8/node_modules/@base-ui/react/utils/useFocusableWhenDisabled.mjs" may not be preserved when bundling.
   [38;5;246m╭[0m[38;5;246m─[0m[38;5;246m[[0m ../../node_modules/.pnpm/@base-ui+react@1.8.0_@types+react@19.2.18_react-dom@19.2.8_react@19.2.8__react@19.2.8/node_modules/@base-ui/react/utils/useFocusableWhenDisabled.mjs:1:1 [38;5;246m][0m
   [38;5;246m│[0m
 [38;5;246m1 │[0m 'use client';
 [38;5;240m  │[0m ──────┬──────  
 [38;5;240m  │[0m       ╰──────── module level directive may not be preserved
 [38;5;240m  │[0m 
 [38;5;240m  │[0m [38;5;115mHelp[0m: For more information, see https://rolldown.rs/in-depth/directives#other-directives
[38;5;246m───╯[0m

[33m[MODULE_LEVEL_DIRECTIVE] [0mThe semantics of the module level directive "use client" in "../../node_modules/.pnpm/@base-ui+react@1.8.0_@types+react@19.2.18_react-dom@19.2.8_react@19.2.8__react@19.2.8/node_modules/@base-ui/react/internals/composite/root/CompositeRootContext.mjs" may not be preserved when bundling.
   [38;5;246m╭[0m[38;5;246m─[0m[38;5;246m[[0m ../../node_modules/.pnpm/@base-ui+react@1.8.0_@types+react@19.2.18_react-dom@19.2.8_react@19.2.8__react@19.2.8/node_modules/@base-ui/react/internals/composite/root/CompositeRootContext.mjs:1:1 [38;5;246m][0m
   [38;5;246m│[0m
 [38;5;246m1 │[0m 'use client';
 [38;5;240m  │[0m ──────┬──────  
 [38;5;240m  │[0m       ╰──────── module level directive may not be preserved
 [38;5;240m  │[0m 
 [38;5;240m  │[0m [38;5;115mHelp[0m: For more information, see https://rolldown.rs/in-depth/directives#other-directives
[38;5;246m───╯[0m

[33m[MODULE_LEVEL_DIRECTIVE] [0mThe semantics of the module level directive "use client" in "../../node_modules/.pnpm/@base-ui+react@1.8.0_@types+react@19.2.18_react-dom@19.2.8_react@19.2.8__react@19.2.8/node_modules/@base-ui/react/internals/useAnimationsFinished.mjs" may not be preserved when bundling.
   [38;5;246m╭[0m[38;5;246m─[0m[38;5;246m[[0m ../../node_modules/.pnpm/@base-ui+react@1.8.0_@types+react@19.2.18_react-dom@19.2.8_react@19.2.8__react@19.2.8/node_modules/@base-ui/react/internals/useAnimationsFinished.mjs:1:1 [38;5;246m][0m
   [38;5;246m│[0m
 [38;5;246m1 │[0m 'use client';
 [38;5;240m  │[0m ──────┬──────  
 [38;5;240m  │[0m       ╰──────── module level directive may not be preserved
 [38;5;240m  │[0m 
 [38;5;240m  │[0m [38;5;115mHelp[0m: For more information, see https://rolldown.rs/in-depth/directives#other-directives
[38;5;246m───╯[0m

[33m[MODULE_LEVEL_DIRECTIVE] [0mThe semantics of the module level directive "use client" in "../../node_modules/.pnpm/@base-ui+react@1.8.0_@types+react@19.2.18_react-dom@19.2.8_react@19.2.8__react@19.2.8/node_modules/@base-ui/react/dialog/root/useDialogRoot.mjs" may not be preserved when bundling.
   [38;5;246m╭[0m[38;5;246m─[0m[38;5;246m[[0m ../../node_modules/.pnpm/@base-ui+react@1.8.0_@types+react@19.2.18_react-dom@19.2.8_react@19.2.8__react@19.2.8/node_modules/@base-ui/react/dialog/root/useDialogRoot.mjs:1:1 [38;5;246m][0m
   [38;5;246m│[0m
 [38;5;246m1 │[0m 'use client';
 [38;5;240m  │[0m ──────┬──────  
 [38;5;240m  │[0m       ╰──────── module level directive may not be preserved
 [38;5;240m  │[0m 
 [38;5;240m  │[0m [38;5;115mHelp[0m: For more information, see https://rolldown.rs/in-depth/directives#other-directives
[38;5;246m───╯[0m

[33m[MODULE_LEVEL_DIRECTIVE] [0mThe semantics of the module level directive "use client" in "../../node_modules/.pnpm/@base-ui+react@1.8.0_@types+react@19.2.18_react-dom@19.2.8_react@19.2.8__react@19.2.8/node_modules/@base-ui/react/internals/useValueChanged.mjs" may not be preserved when bundling.
   [38;5;246m╭[0m[38;5;246m─[0m[38;5;246m[[0m ../../node_modules/.pnpm/@base-ui+react@1.8.0_@types+react@19.2.18_react-dom@19.2.8_react@19.2.8__react@19.2.8/node_modules/@base-ui/react/internals/useValueChanged.mjs:1:1 [38;5;246m][0m
   [38;5;246m│[0m
 [38;5;246m1 │[0m 'use client';
 [38;5;240m  │[0m ──────┬──────  
 [38;5;240m  │[0m       ╰──────── module level directive may not be preserved
 [38;5;240m  │[0m 
 [38;5;240m  │[0m [38;5;115mHelp[0m: For more information, see https://rolldown.rs/in-depth/directives#other-directives
[38;5;246m───╯[0m

✓ built in 18.80s

Run npm run preview to preview your production build locally.

> Using @sveltejs/adapter-auto
  Could not detect a supported production environment. See https://svelte.dev/docs/kit/adapters to learn how to configure your app to run on the platform of your choosing
  ✔ done
[33m[PLUGIN_TIMINGS] [0mJavaScript callbacks ran for 18.1s of this 18.8s build (97%).
The slowest callbacks, timed inside each callback (the wait before a callback starts is excluded, the time it awaits is included):
  - plugin vite-plugin-sveltekit-compile writeBundle (71%, 13.3s, 1 call)
  - plugin vite-plugin-svelte:compile transform (17%, 3.1s, 370 calls)
Additional callback time came from the callbacks below and from callbacks under 1s.
1 callback is listed without a time. Its calls overlapped, so the time inside one call includes work from other calls. To find its cost, profile the build with `node --cpu-prof`:
  - plugin vite-plugin-sveltekit-guard resolveId (5306 calls)
See https://rolldown.rs/reference/InputOptions.checks#bundlertimings for more details.

