2026-10-06T20:53:13.8906799Z Current runner version: '2.337.0'
2026-10-06T20:53:13.8931430Z ##[group]Runner Image Provisioner
2026-10-06T20:53:13.8932286Z Hosted Compute Agent
2026-10-06T20:53:13.8932789Z Version: 20261002.596
2026-10-06T20:53:13.8933346Z Commit: c3d12f3313a95f25162a1503be624f3b0617f8c0
2026-10-06T20:53:13.8934057Z Build Date: 2026-10-02T22:28:27Z
2026-10-06T20:53:13.8934660Z Worker ID: {3815f6dd-6a5b-4f1e-b0b4-85cd5a373825}
2026-10-06T20:53:13.8935388Z Region: centralus
2026-10-06T20:53:13.8935920Z Cloud: Azure
2026-10-06T20:53:13.8936370Z ##[endgroup]
2026-10-06T20:53:13.8937782Z ##[group]Operating System
2026-10-06T20:53:13.8938368Z Ubuntu
2026-10-06T20:53:13.8938887Z 24.04.5
2026-10-06T20:53:13.8939520Z LTS
2026-10-06T20:53:13.8939966Z ##[endgroup]
2026-10-06T20:53:13.8940532Z ##[group]Runner Image
2026-10-06T20:53:13.8941083Z Image: ubuntu-24.04
2026-10-06T20:53:13.8941601Z Version: 20261004.327.1
2026-10-06T20:53:13.8942834Z Included Software: https://github.com/actions/runner-images/blob/ubuntu24/20261004.327/images/ubuntu/Ubuntu2404-Readme.md
2026-10-06T20:53:13.8944296Z Image Release: https://github.com/actions/runner-images/releases/tag/ubuntu24%2F20261004.327
2026-10-06T20:53:13.8945199Z ##[endgroup]
2026-10-06T20:53:13.8946273Z ##[group]GITHUB_TOKEN Permissions
2026-10-06T20:53:13.8948086Z Contents: read
2026-10-06T20:53:13.8948678Z Metadata: read
2026-10-06T20:53:13.8949437Z ##[endgroup]
2026-10-06T20:53:13.8951571Z Secret source: Actions
2026-10-06T20:53:13.8952469Z Cache mode: write
2026-10-06T20:53:13.8953141Z Prepare workflow directory
2026-10-06T20:53:13.9459502Z Prepare all required actions
2026-10-06T20:53:13.9504354Z Getting action download info
2026-10-06T20:53:14.2581995Z Download action repository 'actions/checkout@d23441a48e516b6c34aea4fa41551a30e30af803' (SHA:d23441a48e516b6c34aea4fa41551a30e30af803)
2026-10-06T20:53:14.3393880Z Download action repository 'pnpm/action-setup@fc06bc1257f339d1d5d8b3a19a8cae5388b55320' (SHA:fc06bc1257f339d1d5d8b3a19a8cae5388b55320)
2026-10-06T20:53:14.9650784Z Download action repository 'actions/setup-node@249970729cb0ef3589644e2896645e5dc5ba9c38' (SHA:249970729cb0ef3589644e2896645e5dc5ba9c38)
2026-10-06T20:53:15.2763819Z Download action repository 'actions/upload-artifact@ea165f8d65b6e75b540449e92b4886f43607fa02' (SHA:ea165f8d65b6e75b540449e92b4886f43607fa02)
2026-10-06T20:53:15.8465736Z Complete job name: Verification
2026-10-06T20:53:15.9105631Z ##[group]Run actions/checkout@d23441a48e516b6c34aea4fa41551a30e30af803
2026-10-06T20:53:15.9106199Z with:
2026-10-06T20:53:15.9106576Z   ref: 9ed64b87854771663d2cf8f64704cd7598828074
2026-10-06T20:53:15.9106921Z   persist-credentials: false
2026-10-06T20:53:15.9107251Z   repository: sveltery/base
2026-10-06T20:53:15.9109154Z   token: ***
2026-10-06T20:53:15.9109453Z   ssh-strict: true
2026-10-06T20:53:15.9109778Z   ssh-user: git
2026-10-06T20:53:15.9110053Z   clean: true
2026-10-06T20:53:15.9110373Z   sparse-checkout-cone-mode: true
2026-10-06T20:53:15.9110817Z   fetch-depth: 1
2026-10-06T20:53:15.9111129Z   fetch-tags: false
2026-10-06T20:53:15.9111475Z   show-progress: true
2026-10-06T20:53:15.9111787Z   lfs: false
2026-10-06T20:53:15.9112075Z   submodules: false
2026-10-06T20:53:15.9112369Z   set-safe-directory: true
2026-10-06T20:53:15.9112704Z   allow-unsafe-pr-checkout: false
2026-10-06T20:53:15.9113167Z env:
2026-10-06T20:53:15.9113643Z   SVELTERY_PACKAGE_ARTIFACTS: /home/runner/work/base/base/.checks/npm-package/artifacts.json
2026-10-06T20:53:15.9114078Z ##[endgroup]
2026-10-06T20:53:15.9890963Z Syncing repository: sveltery/base
2026-10-06T20:53:15.9894928Z ##[group]Getting Git version info
2026-10-06T20:53:15.9895453Z Working directory is '/home/runner/work/base/base'
2026-10-06T20:53:15.9896335Z [command]/usr/bin/git version
2026-10-06T20:53:15.9903173Z git version 2.55.0
2026-10-06T20:53:15.9905715Z ##[endgroup]
2026-10-06T20:53:15.9925365Z Temporarily overriding HOME='/home/runner/work/_temp/c61c84a6-07f0-49a9-a577-4641621cb23b' before making global git config changes
2026-10-06T20:53:15.9926346Z Adding repository directory to the temporary git global config as a safe directory
2026-10-06T20:53:15.9930257Z [command]/usr/bin/git config --global --add safe.directory /home/runner/work/base/base
2026-10-06T20:53:16.0945337Z Deleting the contents of '/home/runner/work/base/base'
2026-10-06T20:53:16.0946333Z ##[group]Determining repository object format
2026-10-06T20:53:16.0947342Z ##[endgroup]
2026-10-06T20:53:16.0947801Z ##[group]Initializing the repository
2026-10-06T20:53:16.0951137Z [command]/usr/bin/git init /home/runner/work/base/base
2026-10-06T20:53:16.1470407Z hint: Using 'master' as the name for the initial branch. This default branch name
2026-10-06T20:53:16.1471273Z hint: will change to "main" in Git 3.0. To configure the initial branch name
2026-10-06T20:53:16.1472172Z hint: to use in all of your new repositories, which will suppress this warning,
2026-10-06T20:53:16.1473021Z hint: call:
2026-10-06T20:53:16.1473371Z hint:
2026-10-06T20:53:16.1473820Z hint: 	git config --global init.defaultBranch <name>
2026-10-06T20:53:16.1474292Z hint:
2026-10-06T20:53:16.1474689Z hint: Names commonly chosen instead of 'master' are 'main', 'trunk' and
2026-10-06T20:53:16.1475236Z hint: 'development'. The just-created branch can be renamed via this command:
2026-10-06T20:53:16.1475672Z hint:
2026-10-06T20:53:16.1475959Z hint: 	git branch -m <name>
2026-10-06T20:53:16.1476254Z hint:
2026-10-06T20:53:16.1476674Z hint: Disable this message with "git config set advice.defaultBranchName false"
2026-10-06T20:53:16.1477233Z Initialized empty Git repository in /home/runner/work/base/base/.git/
2026-10-06T20:53:16.1482939Z [command]/usr/bin/git remote add origin https://github.com/sveltery/base
2026-10-06T20:53:16.1742243Z ##[endgroup]
2026-10-06T20:53:16.1742847Z ##[group]Disabling automatic garbage collection
2026-10-06T20:53:16.1745992Z [command]/usr/bin/git config --local gc.auto 0
2026-10-06T20:53:16.1839276Z ##[endgroup]
2026-10-06T20:53:16.1839732Z ##[group]Setting up auth
2026-10-06T20:53:16.1840025Z Removing SSH command configuration
2026-10-06T20:53:16.1843818Z [command]/usr/bin/git config --local --name-only --get-regexp core\.sshCommand
2026-10-06T20:53:16.1876629Z [command]/usr/bin/git submodule foreach --recursive sh -c "git config --local --name-only --get-regexp 'core\.sshCommand' && git config --local --unset-all 'core.sshCommand' || :"
2026-10-06T20:53:16.2494307Z Removing HTTP extra header
2026-10-06T20:53:16.2500094Z [command]/usr/bin/git config --local --name-only --get-regexp http\.https\:\/\/github\.com\/\.extraheader
2026-10-06T20:53:16.2535305Z [command]/usr/bin/git submodule foreach --recursive sh -c "git config --local --name-only --get-regexp 'http\.https\:\/\/github\.com\/\.extraheader' && git config --local --unset-all 'http.https://github.com/.extraheader' || :"
2026-10-06T20:53:16.2751099Z Removing includeIf entries pointing to credentials config files
2026-10-06T20:53:16.2752068Z [command]/usr/bin/git config --local --name-only --get-regexp ^includeIf\.gitdir:
2026-10-06T20:53:16.2774994Z [command]/usr/bin/git submodule foreach --recursive git config --local --show-origin --name-only --get-regexp remote.origin.url
2026-10-06T20:53:16.2985181Z [command]/usr/bin/git config --file /home/runner/work/_temp/git-credentials-c9b99db3-2b01-4006-b137-86aeb4101504.config http.https://github.com/.extraheader AUTHORIZATION: basic ***
2026-10-06T20:53:16.3037099Z [command]/usr/bin/git config --local includeIf.gitdir:/home/runner/work/base/base/.git.path /home/runner/work/_temp/git-credentials-c9b99db3-2b01-4006-b137-86aeb4101504.config
2026-10-06T20:53:16.3265186Z [command]/usr/bin/git config --local includeIf.gitdir:/home/runner/work/base/base/.git/worktrees/*.path /home/runner/work/_temp/git-credentials-c9b99db3-2b01-4006-b137-86aeb4101504.config
2026-10-06T20:53:16.3545334Z [command]/usr/bin/git config --local includeIf.gitdir:/github/workspace/.git.path /github/runner_temp/git-credentials-c9b99db3-2b01-4006-b137-86aeb4101504.config
2026-10-06T20:53:16.3753391Z [command]/usr/bin/git config --local includeIf.gitdir:/github/workspace/.git/worktrees/*.path /github/runner_temp/git-credentials-c9b99db3-2b01-4006-b137-86aeb4101504.config
2026-10-06T20:53:16.3846770Z ##[endgroup]
2026-10-06T20:53:16.3847107Z ##[group]Fetching the repository
2026-10-06T20:53:16.3853913Z [command]/usr/bin/git -c protocol.version=2 fetch --no-tags --prune --no-recurse-submodules --depth=1 origin 9ed64b87854771663d2cf8f64704cd7598828074
2026-10-06T20:53:17.6282986Z From https://github.com/sveltery/base
2026-10-06T20:53:17.6284035Z  * branch            9ed64b87854771663d2cf8f64704cd7598828074 -> FETCH_HEAD
2026-10-06T20:53:17.6291532Z [command]/usr/bin/git rev-parse --verify --quiet 9ed64b87854771663d2cf8f64704cd7598828074^{object}
2026-10-06T20:53:17.6318598Z 9ed64b87854771663d2cf8f64704cd7598828074
2026-10-06T20:53:17.6321967Z ##[endgroup]
2026-10-06T20:53:17.6323143Z ##[group]Determining the checkout info
2026-10-06T20:53:17.6323380Z ##[endgroup]
2026-10-06T20:53:17.6328895Z [command]/usr/bin/git sparse-checkout disable
2026-10-06T20:53:17.7593817Z [command]/usr/bin/git config --local --unset-all extensions.worktreeConfig
2026-10-06T20:53:17.7984712Z ##[group]Checking out the ref
2026-10-06T20:53:17.7988264Z [command]/usr/bin/git checkout --progress --force 9ed64b87854771663d2cf8f64704cd7598828074
2026-10-06T20:53:18.1478163Z Note: switching to '9ed64b87854771663d2cf8f64704cd7598828074'.
2026-10-06T20:53:18.1478556Z 
2026-10-06T20:53:18.1478773Z You are in 'detached HEAD' state. You can look around, make experimental
2026-10-06T20:53:18.1489839Z changes and commit them, and you can discard any commits you make in this
2026-10-06T20:53:18.1490455Z state without impacting any branches by switching back to a branch.
2026-10-06T20:53:18.1490738Z 
2026-10-06T20:53:18.1490935Z If you want to create a new branch to retain commits you create, you may
2026-10-06T20:53:18.1491421Z do so (now or later) by using -c with the switch command. Example:
2026-10-06T20:53:18.1491738Z 
2026-10-06T20:53:18.1491868Z   git switch -c <new-branch-name>
2026-10-06T20:53:18.1492152Z 
2026-10-06T20:53:18.1492287Z Or undo this operation with:
2026-10-06T20:53:18.1492470Z 
2026-10-06T20:53:18.1492609Z   git switch -
2026-10-06T20:53:18.1492734Z 
2026-10-06T20:53:18.1493028Z Turn off this advice by setting config variable advice.detachedHead to false
2026-10-06T20:53:18.1493369Z 
2026-10-06T20:53:18.1494039Z HEAD is now at 9ed64b8 Integrate private Select prerequisites with accepted native main and installed acceptance gates
2026-10-06T20:53:18.1518873Z ##[endgroup]
2026-10-06T20:53:18.1566588Z [command]/usr/bin/git log -1 --format=%H
2026-10-06T20:53:18.1604072Z 9ed64b87854771663d2cf8f64704cd7598828074
2026-10-06T20:53:18.1618465Z ##[group]Removing auth
2026-10-06T20:53:18.1618690Z Removing SSH command configuration
2026-10-06T20:53:18.1627774Z [command]/usr/bin/git config --local --name-only --get-regexp core\.sshCommand
2026-10-06T20:53:18.1655369Z [command]/usr/bin/git submodule foreach --recursive sh -c "git config --local --name-only --get-regexp 'core\.sshCommand' && git config --local --unset-all 'core.sshCommand' || :"
2026-10-06T20:53:18.1872829Z Removing HTTP extra header
2026-10-06T20:53:18.1890633Z [command]/usr/bin/git config --local --name-only --get-regexp http\.https\:\/\/github\.com\/\.extraheader
2026-10-06T20:53:18.1916320Z [command]/usr/bin/git submodule foreach --recursive sh -c "git config --local --name-only --get-regexp 'http\.https\:\/\/github\.com\/\.extraheader' && git config --local --unset-all 'http.https://github.com/.extraheader' || :"
2026-10-06T20:53:18.2126061Z Removing includeIf entries pointing to credentials config files
2026-10-06T20:53:18.2130417Z [command]/usr/bin/git config --local --name-only --get-regexp ^includeIf\.gitdir:
2026-10-06T20:53:18.2163326Z includeif.gitdir:/home/runner/work/base/base/.git.path
2026-10-06T20:53:18.2163787Z includeif.gitdir:/home/runner/work/base/base/.git/worktrees/*.path
2026-10-06T20:53:18.2164036Z includeif.gitdir:/github/workspace/.git.path
2026-10-06T20:53:18.2164257Z includeif.gitdir:/github/workspace/.git/worktrees/*.path
2026-10-06T20:53:18.2173855Z [command]/usr/bin/git config --local --get-all includeif.gitdir:/home/runner/work/base/base/.git.path
2026-10-06T20:53:18.2203050Z /home/runner/work/_temp/git-credentials-c9b99db3-2b01-4006-b137-86aeb4101504.config
2026-10-06T20:53:18.2212407Z [command]/usr/bin/git config --local --unset includeif.gitdir:/home/runner/work/base/base/.git.path /home/runner/work/_temp/git-credentials-c9b99db3-2b01-4006-b137-86aeb4101504.config
2026-10-06T20:53:18.2292000Z [command]/usr/bin/git config --local --get-all includeif.gitdir:/home/runner/work/base/base/.git/worktrees/*.path
2026-10-06T20:53:18.2317662Z /home/runner/work/_temp/git-credentials-c9b99db3-2b01-4006-b137-86aeb4101504.config
2026-10-06T20:53:18.2325301Z [command]/usr/bin/git config --local --unset includeif.gitdir:/home/runner/work/base/base/.git/worktrees/*.path /home/runner/work/_temp/git-credentials-c9b99db3-2b01-4006-b137-86aeb4101504.config
2026-10-06T20:53:18.2386320Z [command]/usr/bin/git config --local --get-all includeif.gitdir:/github/workspace/.git.path
2026-10-06T20:53:18.2417477Z /github/runner_temp/git-credentials-c9b99db3-2b01-4006-b137-86aeb4101504.config
2026-10-06T20:53:18.2422318Z [command]/usr/bin/git config --local --unset includeif.gitdir:/github/workspace/.git.path /github/runner_temp/git-credentials-c9b99db3-2b01-4006-b137-86aeb4101504.config
2026-10-06T20:53:18.2497102Z [command]/usr/bin/git config --local --get-all includeif.gitdir:/github/workspace/.git/worktrees/*.path
2026-10-06T20:53:18.2521884Z /github/runner_temp/git-credentials-c9b99db3-2b01-4006-b137-86aeb4101504.config
2026-10-06T20:53:18.2528036Z [command]/usr/bin/git config --local --unset includeif.gitdir:/github/workspace/.git/worktrees/*.path /github/runner_temp/git-credentials-c9b99db3-2b01-4006-b137-86aeb4101504.config
2026-10-06T20:53:18.2691195Z [command]/usr/bin/git submodule foreach --recursive git config --local --show-origin --name-only --get-regexp remote.origin.url
2026-10-06T20:53:18.2927997Z Removing credentials config '/home/runner/work/_temp/git-credentials-c9b99db3-2b01-4006-b137-86aeb4101504.config'
2026-10-06T20:53:18.2929882Z ##[endgroup]
2026-10-06T20:53:18.3185356Z ##[group]Run pnpm/action-setup@fc06bc1257f339d1d5d8b3a19a8cae5388b55320
2026-10-06T20:53:18.3185690Z with:
2026-10-06T20:53:18.3185856Z   version: 12.6.0
2026-10-06T20:53:18.3186033Z   run_install: false
2026-10-06T20:53:18.3186217Z   dest: ~/setup-pnpm
2026-10-06T20:53:18.3186397Z   cache: false
2026-10-06T20:53:18.3186589Z   cache_dependency_path: pnpm-lock.yaml
2026-10-06T20:53:18.3186843Z   package_json_file: package.json
2026-10-06T20:53:18.3187062Z   standalone: false
2026-10-06T20:53:18.3187242Z env:
2026-10-06T20:53:18.3187561Z   SVELTERY_PACKAGE_ARTIFACTS: /home/runner/work/base/base/.checks/npm-package/artifacts.json
2026-10-06T20:53:18.3187943Z ##[endgroup]
2026-10-06T20:53:18.4151889Z ##[group]Running self-installer...
2026-10-06T20:53:18.8104717Z (node:2194) [DEP0169] DeprecationWarning: `url.parse()` behavior is not standardized and prone to errors that have security implications. Use the WHATWG URL API instead. CVEs are not issued for `url.parse()` vulnerabilities.
2026-10-06T20:53:18.8105577Z (Use `node --trace-deprecation ...` to show where the warning was created)
2026-10-06T20:53:18.9698628Z Progress: resolved 1, reused 0, downloaded 0, added 0
2026-10-06T20:53:19.1323849Z Packages: +3
2026-10-06T20:53:19.1324322Z +++
2026-10-06T20:53:19.6492904Z Progress: resolved 15, reused 0, downloaded 3, added 3, done
2026-10-06T20:53:19.6613944Z .../.pnpm/pnpm@12.6.0/node_modules/pnpm preinstall$ node install.js
2026-10-06T20:53:20.2428524Z .../.pnpm/pnpm@12.6.0/node_modules/pnpm preinstall: Done
2026-10-06T20:53:20.2438889Z .../.pnpm/pnpm@12.6.0/node_modules/pnpm postinstall$ node install.js
2026-10-06T20:53:20.2767553Z .../.pnpm/pnpm@12.6.0/node_modules/pnpm postinstall: Done
2026-10-06T20:53:21.1737748Z 
2026-10-06T20:53:21.1738297Z dependencies:
2026-10-06T20:53:21.1738564Z + pnpm 12.6.0 (12.9.1 is available)
2026-10-06T20:53:21.1738701Z 
2026-10-06T20:53:21.1757905Z Done in 2.6s
2026-10-06T20:53:21.2058761Z ##[endgroup]
2026-10-06T20:53:21.2059234Z Installation Completed!
2026-10-06T20:53:21.2201680Z ##[group]Run actions/setup-node@249970729cb0ef3589644e2896645e5dc5ba9c38
2026-10-06T20:53:21.2201907Z with:
2026-10-06T20:53:21.2202020Z   node-version: 24
2026-10-06T20:53:21.2202147Z   package-manager-cache: false
2026-10-06T20:53:21.2202289Z   check-latest: false
2026-10-06T20:53:21.2203624Z   token: ***
2026-10-06T20:53:21.2203735Z env:
2026-10-06T20:53:21.2203947Z   SVELTERY_PACKAGE_ARTIFACTS: /home/runner/work/base/base/.checks/npm-package/artifacts.json
2026-10-06T20:53:21.2204240Z   PNPM_HOME: /home/runner/setup-pnpm/node_modules/.bin
2026-10-06T20:53:21.2204412Z ##[endgroup]
2026-10-06T20:53:21.3190412Z Found in cache @ /opt/hostedtoolcache/node/24.21.0/x64
2026-10-06T20:53:21.3193538Z ##[group]Environment details
2026-10-06T20:53:21.6539817Z node: v24.21.0
2026-10-06T20:53:21.6540191Z npm: 11.19.0
2026-10-06T20:53:21.6540370Z yarn: 1.22.22
2026-10-06T20:53:21.6540866Z ##[endgroup]
2026-10-06T20:53:21.6654818Z ##[group]Run bash scripts/bootstrap.sh
2026-10-06T20:53:21.6655061Z [36;1mbash scripts/bootstrap.sh[0m
2026-10-06T20:53:21.6973337Z shell: /usr/bin/bash -e {0}
2026-10-06T20:53:21.6973535Z env:
2026-10-06T20:53:21.6973789Z   SVELTERY_PACKAGE_ARTIFACTS: /home/runner/work/base/base/.checks/npm-package/artifacts.json
2026-10-06T20:53:21.6974075Z   PNPM_HOME: /home/runner/setup-pnpm/node_modules/.bin
2026-10-06T20:53:21.6974253Z ##[endgroup]
2026-10-06T20:53:21.7986570Z Scope: all 4 workspace projects
2026-10-06T20:53:21.8109355Z ? Verifying lockfile against supply-chain policies (344 entries)...
2026-10-06T20:53:21.9905754Z Packages are hard linked from the content-addressable store to the virtual store.
2026-10-06T20:53:21.9906534Z   Content-addressable store is at: /home/runner/setup-pnpm/node_modules/.bin/store/v11
2026-10-06T20:53:21.9917689Z   Virtual store is at:             node_modules/.pnpm
2026-10-06T20:53:22.3937880Z Downloading @rolldown/binding-linux-x64-gnu@1.2.11: 0.00 B/7.94 MB
2026-10-06T20:53:23.3111750Z ✓ Lockfile passes supply-chain policies (344 entries in 1.5s)
2026-10-06T20:53:23.3112095Z Lockfile is up to date, resolution step is skipped
2026-10-06T20:53:23.7361891Z Packages: +322
2026-10-06T20:53:23.7362460Z ++++++++++++++++++++++++++++++++++++++++++++++++++++++++++++++++++++++++++++++++
2026-10-06T20:53:23.7658168Z Progress: resolved 322, reused 0, downloaded 319, added 322, done
2026-10-06T20:53:24.2634504Z packages/base prepare$ svelte-kit sync
2026-10-06T20:53:24.9687064Z packages/base prepare: Done
2026-10-06T20:53:24.9704662Z apps/fixtures prepare$ svelte-kit sync
2026-10-06T20:53:25.5571526Z apps/fixtures prepare: Done
2026-10-06T20:53:25.5584265Z 
2026-10-06T20:53:25.5584429Z devDependencies:
2026-10-06T20:53:25.5584687Z + @arethetypeswrong/cli 0.18.5
2026-10-06T20:53:25.5584958Z + @arethetypeswrong/core 0.18.5
2026-10-06T20:53:25.5585191Z + @eslint/js 10.0.1
2026-10-06T20:53:25.5585406Z + @playwright/test 1.63.0
2026-10-06T20:53:25.5586213Z + eslint 10.11.0
2026-10-06T20:53:25.5586440Z + eslint-config-prettier 10.1.8
2026-10-06T20:53:25.5586687Z + eslint-plugin-svelte 3.23.0
2026-10-06T20:53:25.5586908Z + globals 17.12.0
2026-10-06T20:53:25.5587099Z + prettier 3.9.9
2026-10-06T20:53:25.5590591Z + prettier-plugin-svelte 4.1.1
2026-10-06T20:53:25.5591384Z + publint 0.3.25
2026-10-06T20:53:25.5592893Z + svelte 5.57.1
2026-10-06T20:53:25.5593093Z + typescript 6.0.3
2026-10-06T20:53:25.5597125Z + typescript-eslint 8.71.0
2026-10-06T20:53:25.5597215Z 
2026-10-06T20:53:25.5663533Z Done in 3.8s using pnpm v12.6.0
2026-10-06T20:53:25.6007199Z $ pnpm --recursive --filter './packages/*' --sort --workspace-concurrency 1 --if-present run prepack
2026-10-06T20:53:25.6143341Z Scope: 2 of 4 workspace projects
2026-10-06T20:53:25.6175844Z $ pnpm run build && publint --strict
2026-10-06T20:53:25.6318151Z $ svelte-package
2026-10-06T20:53:27.0396864Z src/lib -> dist
2026-10-06T20:53:27.1225141Z Running [1mpublint v0.3.25[22m for [1m@sveltery/utils[22m...
2026-10-06T20:53:27.1256666Z Packing files with `pnpm pack`...
2026-10-06T20:53:27.1731053Z Linting...
2026-10-06T20:53:27.1854262Z [1m[32mAll good![39m[22m
2026-10-06T20:53:27.1909376Z $ svelte-kit sync && svelte-package && publint --strict
2026-10-06T20:53:35.8812294Z src/lib -> dist
2026-10-06T20:53:36.0236139Z Running [1mpublint v0.3.25[22m for [1m@sveltery/base[22m...
2026-10-06T20:53:36.0267099Z Packing files with `pnpm pack`...
2026-10-06T20:53:36.3184023Z Linting...
2026-10-06T20:53:36.3787345Z [1m[32mAll good![39m[22m
2026-10-06T20:53:36.4919733Z ##[group]Run node --test --test-concurrency=1 scripts/tests/*.test.mjs
2026-10-06T20:53:36.4920058Z [36;1mnode --test --test-concurrency=1 scripts/tests/*.test.mjs[0m
2026-10-06T20:53:36.4975807Z shell: /usr/bin/bash -e {0}
2026-10-06T20:53:36.4975970Z env:
2026-10-06T20:53:36.4976200Z   SVELTERY_PACKAGE_ARTIFACTS: /home/runner/work/base/base/.checks/npm-package/artifacts.json
2026-10-06T20:53:36.4976501Z   PNPM_HOME: /home/runner/setup-pnpm/node_modules/.bin
2026-10-06T20:53:36.4976704Z ##[endgroup]
2026-10-06T20:53:36.6815784Z ✔ Accordion trace preserves ordinary, parameterized, Activity, helper and type scopes (5.480889ms)
2026-10-06T20:53:37.1427103Z ✔ I:9 React reference missing context retains exact upstream message (73.032421ms)
2026-10-06T20:53:37.1432643Z ✔ H:8 React reference missing context retains exact upstream message (12.814705ms)
2026-10-06T20:53:37.5980553Z ✔ React reference nested replacement Items sharing a host publish index zero independently (107.036542ms)
2026-10-06T20:53:37.9076600Z ✔ private anchor foundation keeps immutable source/assertions and zero deferred ordinary credit (2.494277ms)
2026-10-06T20:53:37.9084328Z ✔ selected root-store bridge preserves reference ownership and delegates one DOM driver (157.834015ms)
2026-10-06T20:53:38.4064120Z ✔ private native and actual React anchor policies SSR without browser measurements (447.496629ms)
2026-10-06T20:53:38.9642856Z ✔ Avatar preserves immutable source bytes and separates ordinary, conformance, types and supplements (523.289051ms)
2026-10-06T20:53:40.5614663Z ✔ Avatar paired SSR keepMounted=false runs without browser globals (780.59672ms)
2026-10-06T20:53:40.5617095Z ✔ Avatar paired SSR keepMounted=true runs without browser globals (782.834441ms)
2026-10-06T20:53:40.7634748Z ✔ Button ports retain complete direct declarations and selected non-composite support assertions (3.043307ms)
2026-10-06T20:53:40.7637317Z ✔ Button graph retains the original source pin and hashes the actual canonical closure (165.255321ms)
2026-10-06T20:53:40.8155859Z ✔ maintained catalog keeps every pinned module and distinguishes actual native API presence from acceptance or retirement (16.422546ms)
2026-10-06T20:53:40.8509421Z ✔ Collapsible ledger preserves exact ordinary inventory and portable versus Activity scope (4.938909ms)
2026-10-06T20:53:42.3503986Z ✔ P:799 paired exact-pin React/Svelte SSR initial keyframe suppression (730.819683ms)
2026-10-06T20:53:42.3505075Z ✔ P:830 paired exact-pin React/Svelte SSR initial keyframe suppression (737.54339ms)
2026-10-06T20:53:42.3865418Z ✔ CSP source ledger retains the pin, original dependent assertions and zero ordinary credit (1.975085ms)
2026-10-06T20:53:43.0396551Z ✔ CSPProvider SSR without browser globals preserves wrapperless context defaults and shadowing in both frameworks (623.169679ms)
2026-10-06T20:53:43.6151880Z ✔ pinned canceled openWithPayload and ordinary close/unmount retain the payload write (247.74113ms)
2026-10-06T20:53:43.7342458Z ✔ pinned forceUnmount while logically open remounts without changing the logical open state (129.936838ms)
2026-10-06T20:53:43.8644810Z ✔ pinned external controlled opening prefers the previously focused external button (131.777144ms)
2026-10-06T20:53:43.9348363Z ✔ pinned completion characterization with renderer StrictMode=false (69.992692ms)
2026-10-06T20:53:44.0021637Z ✔ pinned completion characterization with renderer StrictMode=true (68.102491ms)
2026-10-06T20:53:44.0077913Z ✔ D:230 actual pinned JSDOM detached production payload warning body (5.507609ms)
2026-10-06T20:53:44.2541187Z ✔ pinned reopened nonmodal Root accepts a press-less virtual outside click (237.733727ms)
2026-10-06T20:53:44.3668455Z ✔ pinned external owner-control button.click also emits a virtual outside press (119.184094ms)
2026-10-06T20:53:44.4830008Z ✔ pinned close with Popup absent retains mounted state without a completion (116.913788ms)
2026-10-06T20:53:44.6044469Z ✔ pinned close with Popup remove-on-close retains mounted state without a completion (115.963279ms)
2026-10-06T20:53:44.6562222Z ✔ pinned Backdrop forwards exactly the open and transitionStatus state keys (63.565623ms)
2026-10-06T20:53:45.3535507Z ✔ SSR roots and successive requests isolate defaultOpen and generated relationships (648.298752ms)
2026-10-06T20:53:45.3878928Z ✔ DirectionProvider keeps both pinned ordinary predicates separate from the callable-reader API adaptation (1.868008ms)
2026-10-06T20:53:45.5780148Z ✔ docs API matches actual local types and all public parts (28.987899ms)
2026-10-06T20:53:45.5782049Z ✔ Dialog docs extracts complete TypeScript from valid quoted Svelte generic attributes (0.158507ms)
2026-10-06T20:53:45.5784811Z ✔ docs metadata, navigation links and fragment targets are valid (0.332847ms)
2026-10-06T20:53:45.5789208Z ✔ Accordion docs API matches all five local part declarations (2.192162ms)
2026-10-06T20:53:45.7610437Z ✔ Input accepted reset limitation keeps its narrow decision, negative assertions and zero credit visible (3.486453ms)
2026-10-06T20:53:45.7611537Z ✔ Input source bytes and fifteen separate helper mappings retain zero ordinary declaration credit (35.846525ms)
2026-10-06T20:53:45.7615104Z ✔ Input supplemental native reset and real remote evidence cannot silently claim Field conformance (0.426166ms)
2026-10-06T20:53:45.7615937Z ✔ Input timing characterization preserves hashed raw phase observations and the explicit native decision (0.973443ms)
2026-10-06T20:53:45.7616615Z ✔ Current Input native-default source suites retain historical assertions without active failure waivers (0.442651ms)
2026-10-06T20:53:45.8028180Z ✔ Kit compatibility patch changes only submit cancellation and the reset task boundary at the exact pinned source (3.729415ms)
2026-10-06T20:53:45.8054339Z ✔ Kit compatibility patch and license ship as optional artifacts without a runtime Kit dependency (1.008025ms)
2026-10-06T20:53:45.8056184Z ✔ unpatched witness removes only this SDK patch and keeps unrelated patches and resolutions (1.504184ms)
2026-10-06T20:53:46.3110986Z ✔ complete original Menu family runtime and test/helper archives preserve the immutable pin (19.927718ms)
2026-10-06T20:53:46.3118226Z ✔ current Menu family reachability resolves actual native counterparts while preserving historical provenance without new acceptance credit (450.439031ms)
2026-10-06T20:53:46.3119341Z ✔ Original assertion declarations and conformance stay independently uncredited (2.06394ms)
2026-10-06T20:53:46.3541819Z ✔ Meter preserves 22 ordinary declarations, four parameterized variants and separate full conformance (3.741564ms)
2026-10-06T20:53:46.9200852Z ✔ native rendering retirement preserves every exact predecessor body and Source declaration scope (4.618282ms)
2026-10-06T20:53:46.9202009Z ✔ live public native rendering excludes the retired root/subpath API and keeps real secured acceptance (0.319887ms)
2026-10-06T20:53:46.9203298Z ✔ actual current native Source import graph and retirement exclusions remain coherent (527.295946ms)
2026-10-06T20:53:47.0911871Z ✔ owned navigation API snapshot derives all actual eight exported components and types (11.490498ms)
2026-10-06T20:53:47.0915316Z ✔ current navigation reachability and explicit native counterparts preserve exact current bytes without historical acceptance credit (19.099873ms)
2026-10-06T20:53:47.0919407Z ✔ navigation source graph resolves original index.parts and preserves immutable declaration accounting (1.988147ms)
2026-10-06T20:53:47.4171110Z {"phase":"initial offline install","stdout":"Progress: resolved 1, reused 0, downloaded 0, added 0\nPackages are hard linked from the content-addressable store to the virtual store.\n  Content-addressable store is at: /home/runner/setup-pnpm/node_modules/.bin/store/v11\n  Virtual store is at:             node_modules/.pnpm\nPackages: +2\n++\nProgress: resolved 2, reused 0, downloaded 2, added 2, done\n\ndependencies:\n+ @test/base 0.0.0\n+ @test/utils 0.0.0\n\nDone in 16ms using pnpm v12.6.0"}
2026-10-06T20:53:47.5036316Z {"phase":"frozen offline reinstall","stdout":"✓ Lockfile passes supply-chain policies (verified 87ms ago)\nLockfile is up to date, resolution step is skipped\nDone in 8ms using pnpm v12.6.0"}
2026-10-06T20:53:47.6053748Z lockfileVersion: '9.0'
2026-10-06T20:53:47.6053919Z 
2026-10-06T20:53:47.6053982Z settings:
2026-10-06T20:53:47.6054117Z   autoInstallPeers: true
2026-10-06T20:53:47.6054306Z   excludeLinksFromLockfile: false
2026-10-06T20:53:47.6054413Z 
2026-10-06T20:53:47.6054462Z overrides:
2026-10-06T20:53:47.6054700Z   '@test/base': file:/tmp/sveltery-artifacts-test.0OSDIf/consumer/test-base-0.0.0.tgz
2026-10-06T20:53:47.6055143Z   '@test/utils': file:/tmp/sveltery-artifacts-test.0OSDIf/consumer/.workspace-artifacts/test-utils-0.0.0.tgz
2026-10-06T20:53:47.6055367Z 
2026-10-06T20:53:47.6055420Z importers:
2026-10-06T20:53:47.6055485Z 
2026-10-06T20:53:47.6055530Z   .:
2026-10-06T20:53:47.6055644Z     dependencies:
2026-10-06T20:53:47.6055765Z       '@test/base':
2026-10-06T20:53:47.6056001Z         specifier: file:/tmp/sveltery-artifacts-test.0OSDIf/consumer/test-base-0.0.0.tgz
2026-10-06T20:53:47.6056269Z         version: file:test-base-0.0.0.tgz
2026-10-06T20:53:47.6056421Z       '@test/utils':
2026-10-06T20:53:47.6056696Z         specifier: file:/tmp/sveltery-artifacts-test.0OSDIf/consumer/.workspace-artifacts/test-utils-0.0.0.tgz
2026-10-06T20:53:47.6057025Z         version: file:.workspace-artifacts/test-utils-0.0.0.tgz
2026-10-06T20:53:47.6057163Z 
2026-10-06T20:53:47.6057216Z packages:
2026-10-06T20:53:47.6057276Z 
2026-10-06T20:53:47.6057353Z   '@test/base@file:test-base-0.0.0.tgz':
2026-10-06T20:53:47.6057826Z     resolution: {integrity: sha512-yvJxCMNhIwQ7mS7axNHjuzTG0ZTgk1jbAW+CriMTuTpxD+nZjCHRDOWutiMaSe1sBfYH3HvEtRVHCHbubwGz9w==, tarball: file:test-base-0.0.0.tgz}
2026-10-06T20:53:47.6058245Z     version: 0.0.0
2026-10-06T20:53:47.6058319Z 
2026-10-06T20:53:47.6058431Z   '@test/utils@file:.workspace-artifacts/test-utils-0.0.0.tgz':
2026-10-06T20:53:47.6058946Z     resolution: {integrity: sha512-eMgFu0qayf8hTZwWMnxfQ2oqmBzq7/qMr8KFvw9B5BsF199yYInfO3haHfriEkPgY5HmeNjVEISOukiCjtBHtA==, tarball: file:.workspace-artifacts/test-utils-0.0.0.tgz}
2026-10-06T20:53:47.6060264Z     version: 0.0.0
2026-10-06T20:53:47.6060367Z 
2026-10-06T20:53:47.6060436Z snapshots:
2026-10-06T20:53:47.6060529Z 
2026-10-06T20:53:47.6060638Z   '@test/base@file:test-base-0.0.0.tgz':
2026-10-06T20:53:47.6060888Z     dependencies:
2026-10-06T20:53:47.6061380Z       '@test/utils': file:.workspace-artifacts/test-utils-0.0.0.tgz
2026-10-06T20:53:47.6061782Z 
2026-10-06T20:53:47.6062099Z   '@test/utils@file:.workspace-artifacts/test-utils-0.0.0.tgz': {}
2026-10-06T20:53:47.6062383Z 
2026-10-06T20:53:47.6064583Z {"artifacts":{"schema":1,"packages":{"@test/utils":{"version":"0.0.0","directory":"../../../../../tmp/sveltery-artifacts-test.0OSDIf/utils","tarball":"test-utils-0.0.0.tgz","sha256":"934a752b20730ba4b9a3c59a64e1a5241f7e5ec9f35f56cacf8bc47590ae7859","dependencies":[]},"@test/base":{"version":"0.0.0","directory":"../../../../../tmp/sveltery-artifacts-test.0OSDIf/base","tarball":"test-base-0.0.0.tgz","sha256":"c11fc96778d7a662dcf67363653685138c1b22cf6bf60e4c15c74421d95fe27c","dependencies":["@test/utils"]}}},"probe":"Base and the direct dependency resolve the same packed Utils module."}
2026-10-06T20:53:47.6832739Z ✔ reuses the exact Base archive and prepares its local Utils dependency without changing consumer peers (106.03609ms)
2026-10-06T20:53:47.6836924Z ✔ installs the real archive closure offline and preserves the same transitive Utils through a frozen reinstall (368.099213ms)
2026-10-06T20:53:47.6840516Z ✔ fails closed when an artifact changes after packing or a requested package is absent (74.025349ms)
2026-10-06T20:53:47.8379427Z ✔ extracts multiline conditional names and keeps their declaration lines (5.101833ms)
2026-10-06T20:53:47.8382401Z ✔ counts existing template declarations once and excludes parameterized factories (0.859253ms)
2026-10-06T20:53:47.8386766Z ✔ preserves verification metadata, marks added declarations unported, and rejects lost cases (0.393798ms)
2026-10-06T20:53:47.8387944Z ✔ locates the exact pinned type assertion and rejects missing assertions (1.151889ms)
2026-10-06T20:53:47.8388668Z ✔ explicit dynamic declaration inventory counts the orientation source site once (1.070588ms)
2026-10-06T20:53:47.8389602Z ✔ credited Dialog leaves retain immutable assertions, real fixtures and browser evidence (3.580222ms)
2026-10-06T20:53:47.8390557Z ✔ documented aggregate credit agrees with the shared manifest and overlapping Dialog trace (2.058422ms)
2026-10-06T20:53:47.8391414Z ✔ state ports retain complete source assertions and all fixture variants without crediting supplements (4.042424ms)
2026-10-06T20:53:47.8829696Z ✔ Progress keeps immutable 20 ordinary declarations, 7 parameterized variants and separate conformance (3.426423ms)
2026-10-06T20:53:47.9378299Z ✔ remote names canonicalize actual numeric issue paths without changing native names (1.608831ms)
2026-10-06T20:53:47.9381853Z ✔ public Kit path grammar rejects malformed and protected dynamic paths (0.409962ms)
2026-10-06T20:53:47.9389625Z ✔ actual schema method-name fields and similar protected spellings remain resolvable (0.226187ms)
2026-10-06T20:53:48.1162518Z ✔ Separator immutable source bytes, two ordinary declarations and fifteen separate helper records remain traceable (37.980399ms)
2026-10-06T20:53:48.8926456Z ✔ actual Toast core runs all 25 unchanged full bodies and both metadata helpers (87.083195ms)
2026-10-06T20:53:48.8927404Z ✔ actual public manager retains the entire data spec and all expected errors (0.178116ms)
2026-10-06T20:53:48.8930317Z ✔ core and public entry imports are SSR-safe and isolated without browser globals (482.280621ms)
2026-10-06T20:53:48.9427502Z ✔ Portal helper evidence retains immutable invocation/hashes without ordinary leaf credit (4.362901ms)
2026-10-06T20:53:49.1782120Z ✔ Toast provenance placeholders stay immutable and parameterized swipe variants remain explicit (1.207923ms)
2026-10-06T20:53:49.1783696Z ✔ every reference prerequisite retains the complete source body, assertions and metadata helpers (85.037815ms)
2026-10-06T20:53:49.1786146Z ✔ complete manager data type prerequisite retains every positive and negative assertion (0.225546ms)
2026-10-06T20:53:49.2311144Z ✔ rendering evidence preserves complete pinned provenance without crediting supplements (3.622446ms)
2026-10-06T20:53:49.2311693Z ✔ the context manager retains the full pinned data type spec with only its import adaptation (0.168992ms)
2026-10-06T20:53:49.2312141Z ✔ shared Toast credit includes only the thirteen complete hosted paired declarations (1.122084ms)
2026-10-06T20:53:49.2632875Z ✔ Toggle ledger preserves five complete standalone ports and two deferred group declarations (1.636502ms)
2026-10-06T20:53:49.6487782Z ✔ standalone Toggle renders SSR state and strips form/type/value without browser globals (354.874928ms)
2026-10-06T20:53:49.9413088Z ✔ matching pnpm builds native packages after the frozen bootstrap install (49.724475ms)
2026-10-06T20:53:49.9416430Z ✔ replaces default pnpm 11 for direct and nested package-script commands (55.16246ms)
2026-10-06T20:53:49.9417463Z ✔ Corepack fallback builds native packages after the frozen bootstrap install (57.898021ms)
2026-10-06T20:53:49.9418665Z ✔ rejects mismatched pnpm without Corepack before running commands (45.578489ms)
2026-10-06T20:53:49.9421698Z ✔ rejects a fallback that fails to select the pinned version (51.194838ms)
2026-10-06T20:53:49.9481252Z ℹ tests 86
2026-10-06T20:53:49.9481468Z ℹ suites 0
2026-10-06T20:53:49.9481618Z ℹ pass 86
2026-10-06T20:53:49.9481738Z ℹ fail 0
2026-10-06T20:53:49.9482154Z ℹ cancelled 0
2026-10-06T20:53:49.9482280Z ℹ skipped 0
2026-10-06T20:53:49.9482396Z ℹ todo 0
2026-10-06T20:53:49.9482537Z ℹ duration_ms 13314.294791
2026-10-06T20:53:49.9569286Z ##[group]Run bash scripts/prepare-package-artifacts.sh
2026-10-06T20:53:49.9569694Z [36;1mbash scripts/prepare-package-artifacts.sh[0m
2026-10-06T20:53:49.9570057Z [36;1mecho "SVELTERY_WORKSPACE_READY=1" >> "$GITHUB_ENV"[0m
2026-10-06T20:53:49.9640672Z shell: /usr/bin/bash -e {0}
2026-10-06T20:53:49.9640903Z env:
2026-10-06T20:53:49.9641257Z   SVELTERY_PACKAGE_ARTIFACTS: /home/runner/work/base/base/.checks/npm-package/artifacts.json
2026-10-06T20:53:49.9641722Z   PNPM_HOME: /home/runner/setup-pnpm/node_modules/.bin
2026-10-06T20:53:49.9642008Z ##[endgroup]
2026-10-06T20:53:50.0775212Z packages/utils prepack$ pnpm run build && publint --strict
2026-10-06T20:53:50.0913307Z packages/utils prepack: $ svelte-package
2026-10-06T20:53:51.4346516Z packages/utils prepack: src/lib -> dist
2026-10-06T20:53:51.5267251Z packages/utils prepack: Running [1mpublint v0.3.25[22m for [1m@sveltery/utils[22m...
2026-10-06T20:53:51.5298820Z packages/utils prepack: Packing files with `pnpm pack`...
2026-10-06T20:53:51.5515807Z packages/utils prepack: Linting...
2026-10-06T20:53:51.5628250Z packages/utils prepack: [1m[32mAll good![39m[22m
2026-10-06T20:53:51.5676177Z packages/utils prepack: Done
2026-10-06T20:53:51.5709451Z packages/base prepack$ svelte-kit sync && svelte-package && publint --strict
2026-10-06T20:53:59.2667245Z packages/base prepack: src/lib -> dist
2026-10-06T20:53:59.4010922Z packages/base prepack: Running [1mpublint v0.3.25[22m for [1m@sveltery/base[22m...
2026-10-06T20:53:59.4041428Z packages/base prepack: Packing files with `pnpm pack`...
2026-10-06T20:53:59.4624135Z packages/base prepack: Linting...
2026-10-06T20:53:59.5201164Z packages/base prepack: [1m[32mAll good![39m[22m
2026-10-06T20:53:59.5249569Z packages/base prepack: Done
2026-10-06T20:53:59.5249802Z packages/base prepare$ svelte-kit sync
2026-10-06T20:54:00.0002863Z packages/base prepare: Done
2026-10-06T20:54:00.0329934Z package: @sveltery/utils@0.0.0
2026-10-06T20:54:00.0330230Z Tarball Contents
2026-10-06T20:54:00.0330489Z dist/addEventListener.d.ts
2026-10-06T20:54:00.0330722Z dist/addEventListener.js
2026-10-06T20:54:00.0330943Z dist/areArraysEqual.d.ts
2026-10-06T20:54:00.0331153Z dist/areArraysEqual.js
2026-10-06T20:54:00.0331312Z dist/clamp.d.ts
2026-10-06T20:54:00.0331432Z dist/clamp.js
2026-10-06T20:54:00.0331563Z dist/Controlled.svelte.d.ts
2026-10-06T20:54:00.0331719Z dist/Controlled.svelte.js
2026-10-06T20:54:00.0331862Z dist/createLogOnce.d.ts
2026-10-06T20:54:00.0332027Z dist/createLogOnce.js
2026-10-06T20:54:00.0332211Z dist/empty.d.ts
2026-10-06T20:54:00.0332390Z dist/empty.js
2026-10-06T20:54:00.0332566Z dist/error.d.ts
2026-10-06T20:54:00.0332744Z dist/error.js
2026-10-06T20:54:00.0332936Z dist/formatNumber.d.ts
2026-10-06T20:54:00.0333084Z dist/formatNumber.js
2026-10-06T20:54:00.0333346Z dist/getDefaultFormSubmitter.d.ts
2026-10-06T20:54:00.0333656Z dist/getDefaultFormSubmitter.js
2026-10-06T20:54:00.0333910Z dist/isElementDisabled.d.ts
2026-10-06T20:54:00.0334118Z dist/isElementDisabled.js
2026-10-06T20:54:00.0334320Z dist/mergeCleanups.d.ts
2026-10-06T20:54:00.0334534Z dist/mergeCleanups.js
2026-10-06T20:54:00.0334737Z dist/mergeObjects.d.ts
2026-10-06T20:54:00.0334937Z dist/mergeObjects.js
2026-10-06T20:54:00.0335126Z dist/owner.d.ts
2026-10-06T20:54:00.0335298Z dist/owner.js
2026-10-06T20:54:00.0335492Z dist/platform/engine.d.ts
2026-10-06T20:54:00.0335710Z dist/platform/engine.js
2026-10-06T20:54:00.0335916Z dist/platform/env.d.ts
2026-10-06T20:54:00.0336116Z dist/platform/env.js
2026-10-06T20:54:00.0336319Z dist/platform/index.d.ts
2026-10-06T20:54:00.0336532Z dist/platform/index.js
2026-10-06T20:54:00.0336769Z dist/platform/media-query.d.ts
2026-10-06T20:54:00.0337008Z dist/platform/media-query.js
2026-10-06T20:54:00.0337230Z dist/platform/os.d.ts
2026-10-06T20:54:00.0337429Z dist/platform/os.js
2026-10-06T20:54:00.0337828Z dist/platform/parts.d.ts
2026-10-06T20:54:00.0338070Z dist/platform/parts.js
2026-10-06T20:54:00.0338221Z dist/platform/screen-reader.d.ts
2026-10-06T20:54:00.0338531Z dist/platform/screen-reader.js
2026-10-06T20:54:00.0338681Z dist/platform/shared.d.ts
2026-10-06T20:54:00.0338818Z dist/platform/shared.js
2026-10-06T20:54:00.0338967Z dist/PreviousValue.svelte.d.ts
2026-10-06T20:54:00.0339323Z dist/PreviousValue.svelte.js
2026-10-06T20:54:00.0339543Z dist/shadowDom.d.ts
2026-10-06T20:54:00.0339735Z dist/shadowDom.js
2026-10-06T20:54:00.0339923Z dist/store/index.d.ts
2026-10-06T20:54:00.0340120Z dist/store/index.js
2026-10-06T20:54:00.0340318Z dist/store/Store.svelte.d.ts
2026-10-06T20:54:00.0340544Z dist/store/Store.svelte.js
2026-10-06T20:54:00.0340843Z dist/store/SvelteStore.svelte.d.ts
2026-10-06T20:54:00.0341146Z dist/store/SvelteStore.svelte.js
2026-10-06T20:54:00.0341402Z dist/stringifyLocale.d.ts
2026-10-06T20:54:00.0341574Z dist/stringifyLocale.js
2026-10-06T20:54:00.0341717Z dist/useAnimationFrame.d.ts
2026-10-06T20:54:00.0341864Z dist/useAnimationFrame.js
2026-10-06T20:54:00.0342028Z dist/useEnhancedClickHandler.d.ts
2026-10-06T20:54:00.0342201Z dist/useEnhancedClickHandler.js
2026-10-06T20:54:00.0342339Z dist/useId.d.ts
2026-10-06T20:54:00.0342450Z dist/useId.js
2026-10-06T20:54:00.0342604Z dist/useScrollLock.svelte.d.ts
2026-10-06T20:54:00.0342835Z dist/useScrollLock.svelte.js
2026-10-06T20:54:00.0343305Z dist/useTimeout.d.ts
2026-10-06T20:54:00.0343551Z dist/useTimeout.js
2026-10-06T20:54:00.0343758Z dist/visuallyHidden.d.ts
2026-10-06T20:54:00.0343970Z dist/visuallyHidden.js
2026-10-06T20:54:00.0344158Z dist/warn.d.ts
2026-10-06T20:54:00.0344327Z dist/warn.js
2026-10-06T20:54:00.0344500Z LICENSE
2026-10-06T20:54:00.0344632Z package.json
2026-10-06T20:54:00.0344743Z README.md
2026-10-06T20:54:00.0344861Z THIRD_PARTY_NOTICES.md
2026-10-06T20:54:00.0344983Z Tarball Details
2026-10-06T20:54:00.0345205Z /home/runner/work/base/base/.checks/npm-package/sveltery-utils-0.0.0.tgz
2026-10-06T20:54:00.0345389Z 
2026-10-06T20:54:00.0345462Z package: @sveltery/base@0.0.0
2026-10-06T20:54:00.0345602Z Tarball Contents
2026-10-06T20:54:00.0345731Z dist/accordion/context.d.ts
2026-10-06T20:54:00.0345899Z dist/accordion/context.js
2026-10-06T20:54:00.0346040Z dist/accordion/Header.svelte
2026-10-06T20:54:00.0346200Z dist/accordion/Header.svelte.d.ts
2026-10-06T20:54:00.0346355Z dist/accordion/index.d.ts
2026-10-06T20:54:00.0346490Z dist/accordion/index.js
2026-10-06T20:54:00.0346640Z dist/accordion/index.parts.d.ts
2026-10-06T20:54:00.0346813Z dist/accordion/index.parts.js
2026-10-06T20:54:00.0346961Z dist/accordion/Item.svelte
2026-10-06T20:54:00.0347116Z dist/accordion/Item.svelte.d.ts
2026-10-06T20:54:00.0347261Z dist/accordion/list.d.ts
2026-10-06T20:54:00.0347393Z dist/accordion/list.js
2026-10-06T20:54:00.0347529Z dist/accordion/Panel.svelte
2026-10-06T20:54:00.0347688Z dist/accordion/Panel.svelte.d.ts
2026-10-06T20:54:00.0347836Z dist/accordion/Root.svelte
2026-10-06T20:54:00.0347990Z dist/accordion/Root.svelte.d.ts
2026-10-06T20:54:00.0348137Z dist/accordion/state.d.ts
2026-10-06T20:54:00.0348271Z dist/accordion/state.js
2026-10-06T20:54:00.0348409Z dist/accordion/Trigger.svelte
2026-10-06T20:54:00.0348575Z dist/accordion/Trigger.svelte.d.ts
2026-10-06T20:54:00.0348728Z dist/accordion/types.d.ts
2026-10-06T20:54:00.0348864Z dist/accordion/types.js
2026-10-06T20:54:00.0348999Z dist/accordion/value.d.ts
2026-10-06T20:54:00.0349332Z dist/accordion/value.js
2026-10-06T20:54:00.0349465Z dist/avatar/context.d.ts
2026-10-06T20:54:00.0349599Z dist/avatar/context.js
2026-10-06T20:54:00.0349733Z dist/avatar/Fallback.svelte
2026-10-06T20:54:00.0349893Z dist/avatar/Fallback.svelte.d.ts
2026-10-06T20:54:00.0350044Z dist/avatar/Image.svelte
2026-10-06T20:54:00.0350182Z dist/avatar/Image.svelte.d.ts
2026-10-06T20:54:00.0350324Z dist/avatar/index.d.ts
2026-10-06T20:54:00.0350451Z dist/avatar/index.js
2026-10-06T20:54:00.0350584Z dist/avatar/index.parts.d.ts
2026-10-06T20:54:00.0350728Z dist/avatar/index.parts.js
2026-10-06T20:54:00.0350999Z dist/avatar/Root.svelte
2026-10-06T20:54:00.0351137Z dist/avatar/Root.svelte.d.ts
2026-10-06T20:54:00.0351308Z dist/avatar/stateAttributesMapping.d.ts
2026-10-06T20:54:00.0351592Z dist/avatar/stateAttributesMapping.js
2026-10-06T20:54:00.0351751Z dist/avatar/types.d.ts
2026-10-06T20:54:00.0351880Z dist/avatar/types.js
2026-10-06T20:54:00.0352052Z dist/avatar/useImageLoadingStatus.svelte.d.ts
2026-10-06T20:54:00.0352266Z dist/avatar/useImageLoadingStatus.svelte.js
2026-10-06T20:54:00.0352438Z dist/button/Button.svelte
2026-10-06T20:54:00.0352590Z dist/button/Button.svelte.d.ts
2026-10-06T20:54:00.0352733Z dist/button/index.d.ts
2026-10-06T20:54:00.0352861Z dist/button/index.js
2026-10-06T20:54:00.0352988Z dist/button/props.d.ts
2026-10-06T20:54:00.0353121Z dist/button/props.js
2026-10-06T20:54:00.0353248Z dist/button/types.d.ts
2026-10-06T20:54:00.0353374Z dist/button/types.js
2026-10-06T20:54:00.0353533Z dist/checkbox-group/CheckboxGroup.svelte
2026-10-06T20:54:00.0353734Z dist/checkbox-group/CheckboxGroup.svelte.d.ts
2026-10-06T20:54:00.0353945Z dist/checkbox-group/CheckboxGroupContext.d.ts
2026-10-06T20:54:00.0354146Z dist/checkbox-group/CheckboxGroupContext.js
2026-10-06T20:54:00.0354332Z dist/checkbox-group/index.d.ts
2026-10-06T20:54:00.0354483Z dist/checkbox-group/index.js
2026-10-06T20:54:00.0354639Z dist/checkbox-group/types.d.ts
2026-10-06T20:54:00.0354788Z dist/checkbox-group/types.js
2026-10-06T20:54:00.0354989Z dist/checkbox-group/useCheckboxGroupParent.svelte.d.ts
2026-10-06T20:54:00.0355231Z dist/checkbox-group/useCheckboxGroupParent.svelte.js
2026-10-06T20:54:00.0355419Z dist/checkbox/index.d.ts
2026-10-06T20:54:00.0355554Z dist/checkbox/index.js
2026-10-06T20:54:00.0355699Z dist/checkbox/index.parts.d.ts
2026-10-06T20:54:00.0355846Z dist/checkbox/index.parts.js
2026-10-06T20:54:00.0356028Z dist/checkbox/indicator/CheckboxIndicator.svelte
2026-10-06T20:54:00.0356257Z dist/checkbox/indicator/CheckboxIndicator.svelte.d.ts
2026-10-06T20:54:00.0356467Z dist/checkbox/root/CheckboxRoot.svelte
2026-10-06T20:54:00.0356654Z dist/checkbox/root/CheckboxRoot.svelte.d.ts
2026-10-06T20:54:00.0356848Z dist/checkbox/root/CheckboxRootContext.d.ts
2026-10-06T20:54:00.0357041Z dist/checkbox/root/CheckboxRootContext.js
2026-10-06T20:54:00.0357251Z dist/checkbox/root/CheckboxRootDataAttributes.d.ts
2026-10-06T20:54:00.0357472Z dist/checkbox/root/CheckboxRootDataAttributes.js
2026-10-06T20:54:00.0357652Z dist/checkbox/types.d.ts
2026-10-06T20:54:00.0357788Z dist/checkbox/types.js
2026-10-06T20:54:00.0357988Z dist/checkbox/utils/getCheckboxStateAttributesMapping.d.ts
2026-10-06T20:54:00.0358249Z dist/checkbox/utils/getCheckboxStateAttributesMapping.js
2026-10-06T20:54:00.0358477Z dist/checkbox/utils/useEnterSubmit.svelte.d.ts
2026-10-06T20:54:00.0358682Z dist/checkbox/utils/useEnterSubmit.svelte.js
2026-10-06T20:54:00.0358872Z dist/collapsible/animations.d.ts
2026-10-06T20:54:00.0359300Z dist/collapsible/animations.js
2026-10-06T20:54:00.0359543Z dist/collapsible/context.d.ts
2026-10-06T20:54:00.0359773Z dist/collapsible/context.js
2026-10-06T20:54:00.0359998Z dist/collapsible/index.d.ts
2026-10-06T20:54:00.0360212Z dist/collapsible/index.js
2026-10-06T20:54:00.0360464Z dist/collapsible/index.parts.d.ts
2026-10-06T20:54:00.0360724Z dist/collapsible/index.parts.js
2026-10-06T20:54:00.0360952Z dist/collapsible/Panel.svelte
2026-10-06T20:54:00.0361205Z dist/collapsible/Panel.svelte.d.ts
2026-10-06T20:54:00.0361442Z dist/collapsible/Root.svelte
2026-10-06T20:54:00.0361684Z dist/collapsible/Root.svelte.d.ts
2026-10-06T20:54:00.0361920Z dist/collapsible/state.d.ts
2026-10-06T20:54:00.0362135Z dist/collapsible/state.js
2026-10-06T20:54:00.0362366Z dist/collapsible/Trigger.svelte
2026-10-06T20:54:00.0362623Z dist/collapsible/Trigger.svelte.d.ts
2026-10-06T20:54:00.0362862Z dist/collapsible/types.d.ts
2026-10-06T20:54:00.0363076Z dist/collapsible/types.js
2026-10-06T20:54:00.0363292Z dist/context-menu/index.d.ts
2026-10-06T20:54:00.0363521Z dist/context-menu/index.js
2026-10-06T20:54:00.0363774Z dist/context-menu/index.parts.d.ts
2026-10-06T20:54:00.0364209Z dist/context-menu/index.parts.js
2026-10-06T20:54:00.0364446Z dist/context-menu/Root.svelte
2026-10-06T20:54:00.0364788Z dist/context-menu/Root.svelte.d.ts
2026-10-06T20:54:00.0365133Z dist/context-menu/root/ContextMenuRootContext.d.ts
2026-10-06T20:54:00.0365497Z dist/context-menu/root/ContextMenuRootContext.js
2026-10-06T20:54:00.0365820Z dist/context-menu/Trigger.svelte
2026-10-06T20:54:00.0366092Z dist/context-menu/Trigger.svelte.d.ts
2026-10-06T20:54:00.0366482Z dist/context-menu/trigger/createContextMenuTrigger.svelte.d.ts
2026-10-06T20:54:00.0366963Z dist/context-menu/trigger/createContextMenuTrigger.svelte.js
2026-10-06T20:54:00.0367295Z dist/context-menu/types.d.ts
2026-10-06T20:54:00.0367530Z dist/context-menu/types.js
2026-10-06T20:54:00.0367779Z dist/csp-provider/context.d.ts
2026-10-06T20:54:00.0368023Z dist/csp-provider/context.js
2026-10-06T20:54:00.0368296Z dist/csp-provider/CSPProvider.svelte
2026-10-06T20:54:00.0368605Z dist/csp-provider/CSPProvider.svelte.d.ts
2026-10-06T20:54:00.0368921Z dist/csp-provider/index.d.ts
2026-10-06T20:54:00.0369282Z dist/csp-provider/index.js
2026-10-06T20:54:00.0369513Z dist/csp-provider/types.d.ts
2026-10-06T20:54:00.0369743Z dist/csp-provider/types.js
2026-10-06T20:54:00.0369973Z dist/dialog/Backdrop.svelte
2026-10-06T20:54:00.0370225Z dist/dialog/Backdrop.svelte.d.ts
2026-10-06T20:54:00.0370464Z dist/dialog/Close.svelte
2026-10-06T20:54:00.0370687Z dist/dialog/Close.svelte.d.ts
2026-10-06T20:54:00.0370914Z dist/dialog/context.d.ts
2026-10-06T20:54:00.0371117Z dist/dialog/context.js
2026-10-06T20:54:00.0371352Z dist/dialog/Description.svelte
2026-10-06T20:54:00.0371525Z dist/dialog/Description.svelte.d.ts
2026-10-06T20:54:00.0371696Z dist/dialog/handle.svelte.d.ts
2026-10-06T20:54:00.0371843Z dist/dialog/handle.svelte.js
2026-10-06T20:54:00.0371984Z dist/dialog/index.d.ts
2026-10-06T20:54:00.0372112Z dist/dialog/index.js
2026-10-06T20:54:00.0372246Z dist/dialog/index.parts.d.ts
2026-10-06T20:54:00.0372422Z dist/dialog/index.parts.js
2026-10-06T20:54:00.0372567Z dist/dialog/Popup.svelte
2026-10-06T20:54:00.0372788Z dist/dialog/Popup.svelte.d.ts
2026-10-06T20:54:00.0373057Z dist/dialog/popup/DialogPopupCssVars.d.ts
2026-10-06T20:54:00.0373353Z dist/dialog/popup/DialogPopupCssVars.js
2026-10-06T20:54:00.0373682Z dist/dialog/popup/DialogPopupDataAttributes.d.ts
2026-10-06T20:54:00.0374025Z dist/dialog/popup/DialogPopupDataAttributes.js
2026-10-06T20:54:00.0374302Z dist/dialog/Portal.svelte
2026-10-06T20:54:00.0374540Z dist/dialog/Portal.svelte.d.ts
2026-10-06T20:54:00.0374840Z dist/dialog/Root.svelte
2026-10-06T20:54:00.0375165Z dist/dialog/Root.svelte.d.ts
2026-10-06T20:54:00.0375555Z dist/dialog/root/DialogInteractions.svelte
2026-10-06T20:54:00.0375776Z dist/dialog/root/DialogInteractions.svelte.d.ts
2026-10-06T20:54:00.0375991Z dist/dialog/root/useRenderDialogRoot.svelte.d.ts
2026-10-06T20:54:00.0376206Z dist/dialog/root/useRenderDialogRoot.svelte.js
2026-10-06T20:54:00.0376405Z dist/dialog/store/DialogHandle.svelte.d.ts
2026-10-06T20:54:00.0376595Z dist/dialog/store/DialogHandle.svelte.js
2026-10-06T20:54:00.0376782Z dist/dialog/store/DialogStore.svelte.d.ts
2026-10-06T20:54:00.0376970Z dist/dialog/store/DialogStore.svelte.js
2026-10-06T20:54:00.0377129Z dist/dialog/Title.svelte
2026-10-06T20:54:00.0377272Z dist/dialog/Title.svelte.d.ts
2026-10-06T20:54:00.0377418Z dist/dialog/Trigger.svelte
2026-10-06T20:54:00.0377570Z dist/dialog/Trigger.svelte.d.ts
2026-10-06T20:54:00.0377714Z dist/dialog/types.d.ts
2026-10-06T20:54:00.0377842Z dist/dialog/types.js
2026-10-06T20:54:00.0378011Z dist/dialog/utils/stateAttributesMapping.d.ts
2026-10-06T20:54:00.0378215Z dist/dialog/utils/stateAttributesMapping.js
2026-10-06T20:54:00.0378385Z dist/dialog/Viewport.svelte
2026-10-06T20:54:00.0378541Z dist/dialog/Viewport.svelte.d.ts
2026-10-06T20:54:00.0378712Z dist/direction-provider/context.d.ts
2026-10-06T20:54:00.0378889Z dist/direction-provider/context.js
2026-10-06T20:54:00.0379575Z dist/direction-provider/DirectionProvider.svelte
2026-10-06T20:54:00.0379922Z dist/direction-provider/DirectionProvider.svelte.d.ts
2026-10-06T20:54:00.0380124Z dist/direction-provider/index.d.ts
2026-10-06T20:54:00.0380369Z dist/direction-provider/index.js
2026-10-06T20:54:00.0380536Z dist/direction-provider/types.d.ts
2026-10-06T20:54:00.0380704Z dist/direction-provider/types.js
2026-10-06T20:54:00.0380929Z dist/field/Control.svelte
2026-10-06T20:54:00.0381159Z dist/field/Control.svelte.d.ts
2026-10-06T20:54:00.0381362Z dist/field/Description.svelte
2026-10-06T20:54:00.0381757Z dist/field/Description.svelte.d.ts
2026-10-06T20:54:00.0381983Z dist/field/Error.svelte
2026-10-06T20:54:00.0382234Z dist/field/Error.svelte.d.ts
2026-10-06T20:54:00.0382468Z dist/field/ErrorMessageList.svelte
2026-10-06T20:54:00.0382708Z dist/field/ErrorMessageList.svelte.d.ts
2026-10-06T20:54:00.0383013Z dist/field/index.d.ts
2026-10-06T20:54:00.0383243Z dist/field/index.js
2026-10-06T20:54:00.0383480Z dist/field/index.parts.d.ts
2026-10-06T20:54:00.0383698Z dist/field/index.parts.js
2026-10-06T20:54:00.0383898Z dist/field/Item.svelte
2026-10-06T20:54:00.0384178Z dist/field/Item.svelte.d.ts
2026-10-06T20:54:00.0384415Z dist/field/item/FieldItemContext.d.ts
2026-10-06T20:54:00.0395978Z dist/field/item/FieldItemContext.js
2026-10-06T20:54:00.0396155Z dist/field/Label.svelte
2026-10-06T20:54:00.0396304Z dist/field/Label.svelte.d.ts
2026-10-06T20:54:00.0396452Z dist/field/props.d.ts
2026-10-06T20:54:00.0396588Z dist/field/props.js
2026-10-06T20:54:00.0396722Z dist/field/Root.svelte
2026-10-06T20:54:00.0396881Z dist/field/Root.svelte.d.ts
2026-10-06T20:54:00.0397050Z dist/field/root/FieldRootInner.svelte
2026-10-06T20:54:00.0397242Z dist/field/root/FieldRootInner.svelte.d.ts
2026-10-06T20:54:00.0397453Z dist/field/root/useFieldValidation.svelte.d.ts
2026-10-06T20:54:00.0397664Z dist/field/root/useFieldValidation.svelte.js
2026-10-06T20:54:00.0397835Z dist/field/types.d.ts
2026-10-06T20:54:00.0397966Z dist/field/types.js
2026-10-06T20:54:00.0398143Z dist/field/utils/getCombinedFieldValidityData.d.ts
2026-10-06T20:54:00.0398366Z dist/field/utils/getCombinedFieldValidityData.js
2026-10-06T20:54:00.0398547Z dist/field/Validity.svelte
2026-10-06T20:54:00.0398706Z dist/field/Validity.svelte.d.ts
2026-10-06T20:54:00.0398858Z dist/fieldset/index.d.ts
2026-10-06T20:54:00.0399000Z dist/fieldset/index.js
2026-10-06T20:54:00.0399332Z dist/fieldset/index.parts.d.ts
2026-10-06T20:54:00.0399487Z dist/fieldset/index.parts.js
2026-10-06T20:54:00.0399637Z dist/fieldset/Legend.svelte
2026-10-06T20:54:00.0399793Z dist/fieldset/Legend.svelte.d.ts
2026-10-06T20:54:00.0399945Z dist/fieldset/Root.svelte
2026-10-06T20:54:00.0400097Z dist/fieldset/Root.svelte.d.ts
2026-10-06T20:54:00.0400271Z dist/fieldset/root/FieldsetRootContext.d.ts
2026-10-06T20:54:00.0400467Z dist/fieldset/root/FieldsetRootContext.js
2026-10-06T20:54:00.0400629Z dist/fieldset/types.d.ts
2026-10-06T20:54:00.0400765Z dist/fieldset/types.js
2026-10-06T20:54:00.0400994Z dist/floating-ui/components/createFloatingFocusManager.svelte.d.ts
2026-10-06T20:54:00.0401295Z dist/floating-ui/components/createFloatingFocusManager.svelte.js
2026-10-06T20:54:00.0401556Z dist/floating-ui/components/FloatingDelayGroup.svelte
2026-10-06T20:54:00.0401807Z dist/floating-ui/components/FloatingDelayGroup.svelte.d.ts
2026-10-06T20:54:00.0402065Z dist/floating-ui/components/FloatingDelayGroupContext.d.ts
2026-10-06T20:54:00.0402317Z dist/floating-ui/components/FloatingDelayGroupContext.js
2026-10-06T20:54:00.0402561Z dist/floating-ui/components/FloatingFocusManager.svelte
2026-10-06T20:54:00.0402817Z dist/floating-ui/components/FloatingFocusManager.svelte.d.ts
2026-10-06T20:54:00.0403055Z dist/floating-ui/components/FloatingPortal.svelte
2026-10-06T20:54:00.0403284Z dist/floating-ui/components/FloatingPortal.svelte.d.ts
2026-10-06T20:54:00.0403518Z dist/floating-ui/components/FloatingPortalContext.d.ts
2026-10-06T20:54:00.0403750Z dist/floating-ui/components/FloatingPortalContext.js
2026-10-06T20:54:00.0403990Z dist/floating-ui/components/FloatingRootStore.svelte.d.ts
2026-10-06T20:54:00.0404366Z dist/floating-ui/components/FloatingRootStore.svelte.js
2026-10-06T20:54:00.0404595Z dist/floating-ui/components/FloatingTree.svelte.d.ts
2026-10-06T20:54:00.0404895Z dist/floating-ui/components/FloatingTree.svelte.js
2026-10-06T20:54:00.0405113Z dist/floating-ui/components/FloatingTreeStore.d.ts
2026-10-06T20:54:00.0405330Z dist/floating-ui/components/FloatingTreeStore.js
2026-10-06T20:54:00.0405543Z dist/floating-ui/components/PortalContent.svelte
2026-10-06T20:54:00.0405767Z dist/floating-ui/components/PortalContent.svelte.d.ts
2026-10-06T20:54:00.0405985Z dist/floating-ui/components/PortalHost.svelte
2026-10-06T20:54:00.0406195Z dist/floating-ui/components/PortalHost.svelte.d.ts
2026-10-06T20:54:00.0406403Z dist/floating-ui/hooks/gridNavigation.d.ts
2026-10-06T20:54:00.0406594Z dist/floating-ui/hooks/gridNavigation.js
2026-10-06T20:54:00.0406784Z dist/floating-ui/hooks/useClick.svelte.d.ts
2026-10-06T20:54:00.0406972Z dist/floating-ui/hooks/useClick.svelte.js
2026-10-06T20:54:00.0407174Z dist/floating-ui/hooks/useClientPoint.svelte.d.ts
2026-10-06T20:54:00.0407391Z dist/floating-ui/hooks/useClientPoint.svelte.js
2026-10-06T20:54:00.0407604Z dist/floating-ui/hooks/useDelayGroup.svelte.d.ts
2026-10-06T20:54:00.0407816Z dist/floating-ui/hooks/useDelayGroup.svelte.js
2026-10-06T20:54:00.0408019Z dist/floating-ui/hooks/useDismiss.svelte.d.ts
2026-10-06T20:54:00.0408217Z dist/floating-ui/hooks/useDismiss.svelte.js
2026-10-06T20:54:00.0408414Z dist/floating-ui/hooks/useFloating.svelte.d.ts
2026-10-06T20:54:00.0408611Z dist/floating-ui/hooks/useFloating.svelte.js
2026-10-06T20:54:00.0408841Z dist/floating-ui/hooks/useFloatingPortalNode.svelte.d.ts
2026-10-06T20:54:00.0409232Z dist/floating-ui/hooks/useFloatingPortalNode.svelte.js
2026-10-06T20:54:00.0409486Z dist/floating-ui/hooks/useFocus.svelte.d.ts
2026-10-06T20:54:00.0409675Z dist/floating-ui/hooks/useFocus.svelte.js
2026-10-06T20:54:00.0409912Z dist/floating-ui/hooks/useHoverFloatingInteraction.svelte.d.ts
2026-10-06T20:54:00.0410184Z dist/floating-ui/hooks/useHoverFloatingInteraction.svelte.js
2026-10-06T20:54:00.0410472Z dist/floating-ui/hooks/useHoverInteractionSharedState.svelte.d.ts
2026-10-06T20:54:00.0410764Z dist/floating-ui/hooks/useHoverInteractionSharedState.svelte.js
2026-10-06T20:54:00.0411045Z dist/floating-ui/hooks/useHoverReferenceInteraction.svelte.d.ts
2026-10-06T20:54:00.0411321Z dist/floating-ui/hooks/useHoverReferenceInteraction.svelte.js
2026-10-06T20:54:00.0411552Z dist/floating-ui/hooks/useHoverShared.d.ts
2026-10-06T20:54:00.0411740Z dist/floating-ui/hooks/useHoverShared.js
2026-10-06T20:54:00.0411960Z dist/floating-ui/hooks/useListNavigation.svelte.d.ts
2026-10-06T20:54:00.0412183Z dist/floating-ui/hooks/useListNavigation.svelte.js
2026-10-06T20:54:00.0412432Z dist/floating-ui/hooks/useSyncedFloatingRootContext.svelte.d.ts
2026-10-06T20:54:00.0412708Z dist/floating-ui/hooks/useSyncedFloatingRootContext.svelte.js
2026-10-06T20:54:00.0412947Z dist/floating-ui/hooks/useTypeahead.svelte.d.ts
2026-10-06T20:54:00.0413157Z dist/floating-ui/hooks/useTypeahead.svelte.js
2026-10-06T20:54:00.0413350Z dist/floating-ui/safePolygon.d.ts
2026-10-06T20:54:00.0413519Z dist/floating-ui/safePolygon.js
2026-10-06T20:54:00.0413674Z dist/floating-ui/types.d.ts
2026-10-06T20:54:00.0413820Z dist/floating-ui/types.js
2026-10-06T20:54:00.0413981Z dist/floating-ui/utils/composite.d.ts
2026-10-06T20:54:00.0414158Z dist/floating-ui/utils/composite.js
2026-10-06T20:54:00.0414334Z dist/floating-ui/utils/constants.d.ts
2026-10-06T20:54:00.0414504Z dist/floating-ui/utils/constants.js
2026-10-06T20:54:00.0414683Z dist/floating-ui/utils/createAttribute.d.ts
2026-10-06T20:54:00.0414876Z dist/floating-ui/utils/createAttribute.js
2026-10-06T20:54:00.0415072Z dist/floating-ui/utils/createEventEmitter.d.ts
2026-10-06T20:54:00.0415273Z dist/floating-ui/utils/createEventEmitter.js
2026-10-06T20:54:00.0415459Z dist/floating-ui/utils/element.d.ts
2026-10-06T20:54:00.0415624Z dist/floating-ui/utils/element.js
2026-10-06T20:54:00.0415796Z dist/floating-ui/utils/enqueueFocus.d.ts
2026-10-06T20:54:00.0416076Z dist/floating-ui/utils/enqueueFocus.js
2026-10-06T20:54:00.0416245Z dist/floating-ui/utils/event.d.ts
2026-10-06T20:54:00.0416488Z dist/floating-ui/utils/event.js
2026-10-06T20:54:00.0416658Z dist/floating-ui/utils/markOthers.d.ts
2026-10-06T20:54:00.0416831Z dist/floating-ui/utils/markOthers.js
2026-10-06T20:54:00.0417023Z dist/floating-ui/utils/matchesFocusVisible.d.ts
2026-10-06T20:54:00.0417231Z dist/floating-ui/utils/matchesFocusVisible.js
2026-10-06T20:54:00.0417415Z dist/floating-ui/utils/nodes.d.ts
2026-10-06T20:54:00.0417578Z dist/floating-ui/utils/nodes.js
2026-10-06T20:54:00.0417743Z dist/floating-ui/utils/tabbable.d.ts
2026-10-06T20:54:00.0417916Z dist/floating-ui/utils/tabbable.js
2026-10-06T20:54:00.0418066Z dist/form/context.d.ts
2026-10-06T20:54:00.0418199Z dist/form/context.js
2026-10-06T20:54:00.0418329Z dist/form/Form.svelte
2026-10-06T20:54:00.0418463Z dist/form/Form.svelte.d.ts
2026-10-06T20:54:00.0418604Z dist/form/index.d.ts
2026-10-06T20:54:00.0418731Z dist/form/index.js
2026-10-06T20:54:00.0418855Z dist/form/types.d.ts
2026-10-06T20:54:00.0418980Z dist/form/types.js
2026-10-06T20:54:00.0419252Z dist/index.d.ts
2026-10-06T20:54:00.0419374Z dist/index.js
2026-10-06T20:54:00.0419494Z dist/input/index.d.ts
2026-10-06T20:54:00.0419626Z dist/input/index.js
2026-10-06T20:54:00.0419755Z dist/input/Input.svelte
2026-10-06T20:54:00.0419998Z dist/input/Input.svelte.d.ts
2026-10-06T20:54:00.0420145Z dist/input/types.d.ts
2026-10-06T20:54:00.0420271Z dist/input/types.js
2026-10-06T20:54:00.0420455Z dist/internals/anchor-positioning/adaptive-origin.d.ts
2026-10-06T20:54:00.0420693Z dist/internals/anchor-positioning/adaptive-origin.js
2026-10-06T20:54:00.0420907Z dist/internals/anchor-positioning/arrow.d.ts
2026-10-06T20:54:00.0421107Z dist/internals/anchor-positioning/arrow.js
2026-10-06T20:54:00.0421312Z dist/internals/anchor-positioning/attachments.d.ts
2026-10-06T20:54:00.0421583Z dist/internals/anchor-positioning/attachments.js
2026-10-06T20:54:00.0421871Z dist/internals/anchor-positioning/controller.svelte.d.ts
2026-10-06T20:54:00.0422114Z dist/internals/anchor-positioning/controller.svelte.js
2026-10-06T20:54:00.0422355Z dist/internals/anchor-positioning/css-vars.d.ts
2026-10-06T20:54:00.0422624Z dist/internals/anchor-positioning/css-vars.js
2026-10-06T20:54:00.0422822Z dist/internals/anchor-positioning/hide.d.ts
2026-10-06T20:54:00.0423012Z dist/internals/anchor-positioning/hide.js
2026-10-06T20:54:00.0423281Z dist/internals/anchor-positioning/policy.d.ts
2026-10-06T20:54:00.0423481Z dist/internals/anchor-positioning/policy.js
2026-10-06T20:54:00.0423676Z dist/internals/anchor-positioning/types.d.ts
2026-10-06T20:54:00.0423870Z dist/internals/anchor-positioning/types.js
2026-10-06T20:54:00.0424197Z dist/internals/anchor-positioning/useAnchorPositioning.svelte.d.ts
2026-10-06T20:54:00.0424490Z dist/internals/anchor-positioning/useAnchorPositioning.svelte.js
2026-10-06T20:54:00.0424828Z dist/internals/anchor-positioning/useFloating.svelte.d.ts
2026-10-06T20:54:00.0425079Z dist/internals/anchor-positioning/useFloating.svelte.js
2026-10-06T20:54:00.0425289Z dist/internals/composite/composite.d.ts
2026-10-06T20:54:00.0425493Z dist/internals/composite/composite.js
2026-10-06T20:54:00.0425724Z dist/internals/composite/constants.d.ts
2026-10-06T20:54:00.0425906Z dist/internals/composite/constants.js
2026-10-06T20:54:00.0426104Z dist/internals/composite/item/CompositeItem.svelte
2026-10-06T20:54:00.0426411Z dist/internals/composite/item/CompositeItem.svelte.d.ts
2026-10-06T20:54:00.0426660Z dist/internals/composite/item/useCompositeItem.svelte.d.ts
2026-10-06T20:54:00.0426912Z dist/internals/composite/item/useCompositeItem.svelte.js
2026-10-06T20:54:00.0427227Z dist/internals/composite/list/CompositeListContext.d.ts
2026-10-06T20:54:00.0427458Z dist/internals/composite/list/CompositeListContext.js
2026-10-06T20:54:00.0427713Z dist/internals/composite/list/createCompositeList.svelte.d.ts
2026-10-06T20:54:00.0428053Z dist/internals/composite/list/createCompositeList.svelte.js
2026-10-06T20:54:00.0428427Z dist/internals/composite/list/useCompositeListItem.svelte.d.ts
2026-10-06T20:54:00.0428766Z dist/internals/composite/list/useCompositeListItem.svelte.js
2026-10-06T20:54:00.0429236Z dist/internals/composite/root/CompositeRoot.svelte
2026-10-06T20:54:00.0429469Z dist/internals/composite/root/CompositeRoot.svelte.d.ts
2026-10-06T20:54:00.0429712Z dist/internals/composite/root/CompositeRootContext.d.ts
2026-10-06T20:54:00.0430026Z dist/internals/composite/root/CompositeRootContext.js
2026-10-06T20:54:00.0430249Z dist/internals/composite/root/gridNavigation.d.ts
2026-10-06T20:54:00.0430461Z dist/internals/composite/root/gridNavigation.js
2026-10-06T20:54:00.0430765Z dist/internals/composite/root/useCompositeRoot.svelte.d.ts
2026-10-06T20:54:00.0431018Z dist/internals/composite/root/useCompositeRoot.svelte.js
2026-10-06T20:54:00.0431240Z dist/internals/composite/utils/navigation.d.ts
2026-10-06T20:54:00.0431501Z dist/internals/composite/utils/navigation.js
2026-10-06T20:54:00.0431687Z dist/internals/constants.d.ts
2026-10-06T20:54:00.0431842Z dist/internals/constants.js
2026-10-06T20:54:00.0432021Z dist/internals/createBaseUIEventDetails.d.ts
2026-10-06T20:54:00.0432278Z dist/internals/createBaseUIEventDetails.js
2026-10-06T20:54:00.0432491Z dist/internals/field-constants/constants.d.ts
2026-10-06T20:54:00.0432685Z dist/internals/field-constants/constants.js
2026-10-06T20:54:00.0432922Z dist/internals/field-control-name/FieldControlNameContext.d.ts
2026-10-06T20:54:00.0433271Z dist/internals/field-control-name/FieldControlNameContext.js
2026-10-06T20:54:00.0433543Z dist/internals/field-control-value/FieldControlValueContext.d.ts
2026-10-06T20:54:00.0433889Z dist/internals/field-control-value/FieldControlValueContext.js
2026-10-06T20:54:00.0434194Z dist/internals/field-register-control/FieldControlRegistration.svelte.d.ts
2026-10-06T20:54:00.0434562Z dist/internals/field-register-control/FieldControlRegistration.svelte.js
2026-10-06T20:54:00.0434921Z dist/internals/field-register-control/useRegisterFieldControl.svelte.d.ts
2026-10-06T20:54:00.0435242Z dist/internals/field-register-control/useRegisterFieldControl.svelte.js
2026-10-06T20:54:00.0435590Z dist/internals/field-root-context/FieldRootContext.d.ts
2026-10-06T20:54:00.0435826Z dist/internals/field-root-context/FieldRootContext.js
2026-10-06T20:54:00.0436037Z dist/internals/form-context/FormContext.d.ts
2026-10-06T20:54:00.0436305Z dist/internals/form-context/FormContext.js
2026-10-06T20:54:00.0436521Z dist/internals/getDisabledMountTransitionStyles.d.ts
2026-10-06T20:54:00.0436751Z dist/internals/getDisabledMountTransitionStyles.js
2026-10-06T20:54:00.0437057Z dist/internals/getStateAttributesProps.d.ts
2026-10-06T20:54:00.0437255Z dist/internals/getStateAttributesProps.js
2026-10-06T20:54:00.0437439Z dist/internals/itemEquality.d.ts
2026-10-06T20:54:00.0437605Z dist/internals/itemEquality.js
2026-10-06T20:54:00.0437921Z dist/internals/labelable-provider/createLabelableProvider.svelte.d.ts
2026-10-06T20:54:00.0438231Z dist/internals/labelable-provider/createLabelableProvider.svelte.js
2026-10-06T20:54:00.0438575Z dist/internals/labelable-provider/LabelableContext.d.ts
2026-10-06T20:54:00.0438813Z dist/internals/labelable-provider/LabelableContext.js
2026-10-06T20:54:00.0439215Z dist/internals/labelable-provider/LabelableProvider.svelte
2026-10-06T20:54:00.0439487Z dist/internals/labelable-provider/LabelableProvider.svelte.d.ts
2026-10-06T20:54:00.0439766Z dist/internals/labelable-provider/useAriaLabelledBy.svelte.d.ts
2026-10-06T20:54:00.0440114Z dist/internals/labelable-provider/useAriaLabelledBy.svelte.js
2026-10-06T20:54:00.0440367Z dist/internals/labelable-provider/useLabel.svelte.d.ts
2026-10-06T20:54:00.0440598Z dist/internals/labelable-provider/useLabel.svelte.js
2026-10-06T20:54:00.0440919Z dist/internals/labelable-provider/useLabelableId.svelte.d.ts
2026-10-06T20:54:00.0441180Z dist/internals/labelable-provider/useLabelableId.svelte.js
2026-10-06T20:54:00.0441427Z dist/internals/mergeComponentProps.d.ts
2026-10-06T20:54:00.0441654Z dist/internals/mergeComponentProps.js
2026-10-06T20:54:00.0441932Z dist/internals/nativeProps.d.ts
2026-10-06T20:54:00.0442087Z dist/internals/nativeProps.js
2026-10-06T20:54:00.0442406Z dist/internals/reason-parts.d.ts
2026-10-06T20:54:00.0442576Z dist/internals/reason-parts.js
2026-10-06T20:54:00.0442726Z dist/internals/reasons.d.ts
2026-10-06T20:54:00.0442869Z dist/internals/reasons.js
2026-10-06T20:54:00.0443103Z dist/internals/resolveClassValue.d.ts
2026-10-06T20:54:00.0443280Z dist/internals/resolveClassValue.js
2026-10-06T20:54:00.0443454Z dist/internals/resolveValueLabel.d.ts
2026-10-06T20:54:00.0443630Z dist/internals/resolveValueLabel.js
2026-10-06T20:54:00.0443875Z dist/internals/serializeValue.d.ts
2026-10-06T20:54:00.0444043Z dist/internals/serializeValue.js
2026-10-06T20:54:00.0444220Z dist/internals/stateAttributesMapping.d.ts
2026-10-06T20:54:00.0444409Z dist/internals/stateAttributesMapping.js
2026-10-06T20:54:00.0444689Z dist/internals/TransitionStatusDataAttributes.d.ts
2026-10-06T20:54:00.0444918Z dist/internals/TransitionStatusDataAttributes.js
2026-10-06T20:54:00.0445097Z dist/internals/types.d.ts
2026-10-06T20:54:00.0445238Z dist/internals/types.js
2026-10-06T20:54:00.0445483Z dist/internals/use-button/useButton.svelte.d.ts
2026-10-06T20:54:00.0445687Z dist/internals/use-button/useButton.svelte.js
2026-10-06T20:54:00.0445882Z dist/internals/useAnimationsFinished.d.ts
2026-10-06T20:54:00.0446092Z dist/internals/useAnimationsFinished.js
2026-10-06T20:54:00.0446312Z dist/internals/useBaseUiId.d.ts
2026-10-06T20:54:00.0446461Z dist/internals/useBaseUiId.js
2026-10-06T20:54:00.0446646Z dist/internals/useOpenChangeComplete.svelte.d.ts
2026-10-06T20:54:00.0446894Z dist/internals/useOpenChangeComplete.svelte.js
2026-10-06T20:54:00.0447141Z dist/internals/useTransitionStatus.svelte.d.ts
2026-10-06T20:54:00.0447345Z dist/internals/useTransitionStatus.svelte.js
2026-10-06T20:54:00.0447538Z dist/internals/ValueChanged.svelte.d.ts
2026-10-06T20:54:00.0447791Z dist/internals/ValueChanged.svelte.js
2026-10-06T20:54:00.0447949Z dist/menu/Arrow.svelte
2026-10-06T20:54:00.0448084Z dist/menu/Arrow.svelte.d.ts
2026-10-06T20:54:00.0448227Z dist/menu/Backdrop.svelte
2026-10-06T20:54:00.0448382Z dist/menu/Backdrop.svelte.d.ts
2026-10-06T20:54:00.0448645Z dist/menu/checkbox-item/MenuCheckboxItemContext.d.ts
2026-10-06T20:54:00.0448869Z dist/menu/checkbox-item/MenuCheckboxItemContext.js
2026-10-06T20:54:00.0449314Z dist/menu/checkbox-item/MenuCheckboxItemDataAttributes.d.ts
2026-10-06T20:54:00.0449571Z dist/menu/checkbox-item/MenuCheckboxItemDataAttributes.js
2026-10-06T20:54:00.0449769Z dist/menu/CheckboxItem.svelte
2026-10-06T20:54:00.0450003Z dist/menu/CheckboxItem.svelte.d.ts
2026-10-06T20:54:00.0450186Z dist/menu/CheckboxItemIndicator.svelte
2026-10-06T20:54:00.0450375Z dist/menu/CheckboxItemIndicator.svelte.d.ts
2026-10-06T20:54:00.0450542Z dist/menu/Group.svelte
2026-10-06T20:54:00.0450745Z dist/menu/Group.svelte.d.ts
2026-10-06T20:54:00.0450909Z dist/menu/group/MenuGroupContext.d.ts
2026-10-06T20:54:00.0451083Z dist/menu/group/MenuGroupContext.js
2026-10-06T20:54:00.0451244Z dist/menu/GroupLabel.svelte
2026-10-06T20:54:00.0451425Z dist/menu/GroupLabel.svelte.d.ts
2026-10-06T20:54:00.0451623Z dist/menu/index.d.ts
2026-10-06T20:54:00.0451748Z dist/menu/index.js
2026-10-06T20:54:00.0451877Z dist/menu/index.parts.d.ts
2026-10-06T20:54:00.0452020Z dist/menu/index.parts.js
2026-10-06T20:54:00.0452158Z dist/menu/Item.svelte
2026-10-06T20:54:00.0452359Z dist/menu/Item.svelte.d.ts
2026-10-06T20:54:00.0452520Z dist/menu/item/useMenuItem.svelte.d.ts
2026-10-06T20:54:00.0452699Z dist/menu/item/useMenuItem.svelte.js
2026-10-06T20:54:00.0452898Z dist/menu/item/useMenuItemCommonProps.svelte.d.ts
2026-10-06T20:54:00.0453185Z dist/menu/item/useMenuItemCommonProps.svelte.js
2026-10-06T20:54:00.0453361Z dist/menu/LinkItem.svelte
2026-10-06T20:54:00.0453516Z dist/menu/LinkItem.svelte.d.ts
2026-10-06T20:54:00.0453660Z dist/menu/Popup.svelte
2026-10-06T20:54:00.0453860Z dist/menu/Popup.svelte.d.ts
2026-10-06T20:54:00.0454005Z dist/menu/Portal.svelte
2026-10-06T20:54:00.0454242Z dist/menu/Portal.svelte.d.ts
2026-10-06T20:54:00.0454412Z dist/menu/portal/MenuPortalContext.d.ts
2026-10-06T20:54:00.0454788Z dist/menu/portal/MenuPortalContext.js
2026-10-06T20:54:00.0454952Z dist/menu/Positioner.svelte
2026-10-06T20:54:00.0455111Z dist/menu/Positioner.svelte.d.ts
2026-10-06T20:54:00.0455342Z dist/menu/positioner/createMenuPositioner.svelte.d.ts
2026-10-06T20:54:00.0455613Z dist/menu/positioner/createMenuPositioner.svelte.js
2026-10-06T20:54:00.0455833Z dist/menu/positioner/MenuPositionerContext.d.ts
2026-10-06T20:54:00.0456047Z dist/menu/positioner/MenuPositionerContext.js
2026-10-06T20:54:00.0456331Z dist/menu/radio-group/MenuRadioGroupContext.d.ts
2026-10-06T20:54:00.0456541Z dist/menu/radio-group/MenuRadioGroupContext.js
2026-10-06T20:54:00.0456747Z dist/menu/radio-item/MenuRadioItemContext.d.ts
2026-10-06T20:54:00.0457016Z dist/menu/radio-item/MenuRadioItemContext.js
2026-10-06T20:54:00.0457187Z dist/menu/RadioGroup.svelte
2026-10-06T20:54:00.0457355Z dist/menu/RadioGroup.svelte.d.ts
2026-10-06T20:54:00.0457508Z dist/menu/RadioItem.svelte
2026-10-06T20:54:00.0457706Z dist/menu/RadioItem.svelte.d.ts
2026-10-06T20:54:00.0457903Z dist/menu/RadioItemIndicator.svelte
2026-10-06T20:54:00.0458083Z dist/menu/RadioItemIndicator.svelte.d.ts
2026-10-06T20:54:00.0458245Z dist/menu/Root.svelte
2026-10-06T20:54:00.0458381Z dist/menu/Root.svelte.d.ts
2026-10-06T20:54:00.0458610Z dist/menu/root/createMenuRoot.svelte.d.ts
2026-10-06T20:54:00.0458797Z dist/menu/root/createMenuRoot.svelte.js
2026-10-06T20:54:00.0458976Z dist/menu/root/MenuRootContext.d.ts
2026-10-06T20:54:00.0459306Z dist/menu/root/MenuRootContext.js
2026-10-06T20:54:00.0459482Z dist/menu/store/MenuHandle.svelte.d.ts
2026-10-06T20:54:00.0459661Z dist/menu/store/MenuHandle.svelte.js
2026-10-06T20:54:00.0459835Z dist/menu/store/MenuStore.svelte.d.ts
2026-10-06T20:54:00.0460077Z dist/menu/store/MenuStore.svelte.js
2026-10-06T20:54:00.0460275Z dist/menu/submenu-root/MenuSubmenuRootContext.d.ts
2026-10-06T20:54:00.0460491Z dist/menu/submenu-root/MenuSubmenuRootContext.js
2026-10-06T20:54:00.0460739Z dist/menu/submenu-trigger/createMenuSubmenuTrigger.svelte.d.ts
2026-10-06T20:54:00.0461096Z dist/menu/submenu-trigger/createMenuSubmenuTrigger.svelte.js
2026-10-06T20:54:00.0461304Z dist/menu/SubmenuRoot.svelte
2026-10-06T20:54:00.0461471Z dist/menu/SubmenuRoot.svelte.d.ts
2026-10-06T20:54:00.0461639Z dist/menu/SubmenuTrigger.svelte
2026-10-06T20:54:00.0461809Z dist/menu/SubmenuTrigger.svelte.d.ts
2026-10-06T20:54:00.0461969Z dist/menu/Trigger.svelte
2026-10-06T20:54:00.0462112Z dist/menu/Trigger.svelte.d.ts
2026-10-06T20:54:00.0462354Z dist/menu/trigger/createMenuTrigger.svelte.d.ts
2026-10-06T20:54:00.0462573Z dist/menu/trigger/createMenuTrigger.svelte.js
2026-10-06T20:54:00.0462742Z dist/menu/types.d.ts
2026-10-06T20:54:00.0462875Z dist/menu/types.js
2026-10-06T20:54:00.0463024Z dist/menu/utils/findRootOwnerId.d.ts
2026-10-06T20:54:00.0463219Z dist/menu/utils/findRootOwnerId.js
2026-10-06T20:54:00.0463403Z dist/menu/utils/stateAttributesMapping.d.ts
2026-10-06T20:54:00.0463607Z dist/menu/utils/stateAttributesMapping.js
2026-10-06T20:54:00.0463773Z dist/menu/Viewport.svelte
2026-10-06T20:54:00.0463930Z dist/menu/Viewport.svelte.d.ts
2026-10-06T20:54:00.0464079Z dist/menubar/index.d.ts
2026-10-06T20:54:00.0464213Z dist/menubar/index.js
2026-10-06T20:54:00.0464346Z dist/menubar/Menubar.svelte
2026-10-06T20:54:00.0464575Z dist/menubar/Menubar.svelte.d.ts
2026-10-06T20:54:00.0464744Z dist/menubar/MenubarContext.d.ts
2026-10-06T20:54:00.0464907Z dist/menubar/MenubarContext.js
2026-10-06T20:54:00.0465054Z dist/menubar/types.d.ts
2026-10-06T20:54:00.0465189Z dist/menubar/types.js
2026-10-06T20:54:00.0465325Z dist/merge-props/index.d.ts
2026-10-06T20:54:00.0465471Z dist/merge-props/index.js
2026-10-06T20:54:00.0465627Z dist/merge-props/mergeProps.d.ts
2026-10-06T20:54:00.0465793Z dist/merge-props/mergeProps.js
2026-10-06T20:54:00.0465937Z dist/meter/context.d.ts
2026-10-06T20:54:00.0466069Z dist/meter/context.js
2026-10-06T20:54:00.0466297Z dist/meter/helpers.d.ts
2026-10-06T20:54:00.0466429Z dist/meter/helpers.js
2026-10-06T20:54:00.0466557Z dist/meter/index.d.ts
2026-10-06T20:54:00.0466767Z dist/meter/index.js
2026-10-06T20:54:00.0466899Z dist/meter/index.parts.d.ts
2026-10-06T20:54:00.0467042Z dist/meter/index.parts.js
2026-10-06T20:54:00.0467184Z dist/meter/Indicator.svelte
2026-10-06T20:54:00.0467341Z dist/meter/Indicator.svelte.d.ts
2026-10-06T20:54:00.0467491Z dist/meter/Label.svelte
2026-10-06T20:54:00.0467633Z dist/meter/Label.svelte.d.ts
2026-10-06T20:54:00.0467774Z dist/meter/Root.svelte
2026-10-06T20:54:00.0467909Z dist/meter/Root.svelte.d.ts
2026-10-06T20:54:00.0468048Z dist/meter/Track.svelte
2026-10-06T20:54:00.0468187Z dist/meter/Track.svelte.d.ts
2026-10-06T20:54:00.0468402Z dist/meter/types.d.ts
2026-10-06T20:54:00.0468529Z dist/meter/types.js
2026-10-06T20:54:00.0468659Z dist/meter/Value.svelte
2026-10-06T20:54:00.0468796Z dist/meter/Value.svelte.d.ts
2026-10-06T20:54:00.0468942Z dist/popover/Arrow.svelte
2026-10-06T20:54:00.0469202Z dist/popover/Arrow.svelte.d.ts
2026-10-06T20:54:00.0469354Z dist/popover/Backdrop.svelte
2026-10-06T20:54:00.0469517Z dist/popover/Backdrop.svelte.d.ts
2026-10-06T20:54:00.0469680Z dist/popover/Close.svelte
2026-10-06T20:54:00.0469831Z dist/popover/Close.svelte.d.ts
2026-10-06T20:54:00.0469977Z dist/popover/context.d.ts
2026-10-06T20:54:00.0470114Z dist/popover/context.js
2026-10-06T20:54:00.0470265Z dist/popover/Description.svelte
2026-10-06T20:54:00.0470434Z dist/popover/Description.svelte.d.ts
2026-10-06T20:54:00.0470610Z dist/popover/handle.svelte.d.ts
2026-10-06T20:54:00.0470762Z dist/popover/handle.svelte.js
2026-10-06T20:54:00.0470907Z dist/popover/index.d.ts
2026-10-06T20:54:00.0471039Z dist/popover/index.js
2026-10-06T20:54:00.0471175Z dist/popover/index.parts.d.ts
2026-10-06T20:54:00.0471324Z dist/popover/index.parts.js
2026-10-06T20:54:00.0471469Z dist/popover/Popup.svelte
2026-10-06T20:54:00.0471624Z dist/popover/Popup.svelte.d.ts
2026-10-06T20:54:00.0471773Z dist/popover/Portal.svelte
2026-10-06T20:54:00.0471931Z dist/popover/Portal.svelte.d.ts
2026-10-06T20:54:00.0472091Z dist/popover/Positioner.svelte
2026-10-06T20:54:00.0472259Z dist/popover/Positioner.svelte.d.ts
2026-10-06T20:54:00.0472470Z dist/popover/positioner/PopoverPositionerContext.d.ts
2026-10-06T20:54:00.0472705Z dist/popover/positioner/PopoverPositionerContext.js
2026-10-06T20:54:00.0472890Z dist/popover/Root.svelte
2026-10-06T20:54:00.0473033Z dist/popover/Root.svelte.d.ts
2026-10-06T20:54:00.0473210Z dist/popover/root/PopoverInteractions.svelte
2026-10-06T20:54:00.0473424Z dist/popover/root/PopoverInteractions.svelte.d.ts
2026-10-06T20:54:00.0473636Z dist/popover/store/PopoverHandle.svelte.d.ts
2026-10-06T20:54:00.0473837Z dist/popover/store/PopoverHandle.svelte.js
2026-10-06T20:54:00.0474032Z dist/popover/store/PopoverStore.svelte.d.ts
2026-10-06T20:54:00.0474225Z dist/popover/store/PopoverStore.svelte.js
2026-10-06T20:54:00.0474392Z dist/popover/Title.svelte
2026-10-06T20:54:00.0474544Z dist/popover/Title.svelte.d.ts
2026-10-06T20:54:00.0474696Z dist/popover/Trigger.svelte
2026-10-06T20:54:00.0474857Z dist/popover/Trigger.svelte.d.ts
2026-10-06T20:54:00.0475007Z dist/popover/types.d.ts
2026-10-06T20:54:00.0475143Z dist/popover/types.js
2026-10-06T20:54:00.0475374Z dist/popover/utils/constants.d.ts
2026-10-06T20:54:00.0475539Z dist/popover/utils/constants.js
2026-10-06T20:54:00.0475688Z dist/popover/Viewport.svelte
2026-10-06T20:54:00.0475849Z dist/popover/Viewport.svelte.d.ts
2026-10-06T20:54:00.0476016Z dist/preview-card/Arrow.svelte
2026-10-06T20:54:00.0476179Z dist/preview-card/Arrow.svelte.d.ts
2026-10-06T20:54:00.0476349Z dist/preview-card/Backdrop.svelte
2026-10-06T20:54:00.0476529Z dist/preview-card/Backdrop.svelte.d.ts
2026-10-06T20:54:00.0476701Z dist/preview-card/context.d.ts
2026-10-06T20:54:00.0476848Z dist/preview-card/context.js
2026-10-06T20:54:00.0477013Z dist/preview-card/handle.svelte.d.ts
2026-10-06T20:54:00.0477186Z dist/preview-card/handle.svelte.js
2026-10-06T20:54:00.0477342Z dist/preview-card/index.d.ts
2026-10-06T20:54:00.0477588Z dist/preview-card/index.js
2026-10-06T20:54:00.0477744Z dist/preview-card/index.parts.d.ts
2026-10-06T20:54:00.0477989Z dist/preview-card/index.parts.js
2026-10-06T20:54:00.0478153Z dist/preview-card/Popup.svelte
2026-10-06T20:54:00.0478317Z dist/preview-card/Popup.svelte.d.ts
2026-10-06T20:54:00.0478484Z dist/preview-card/Portal.svelte
2026-10-06T20:54:00.0478652Z dist/preview-card/Portal.svelte.d.ts
2026-10-06T20:54:00.0478825Z dist/preview-card/Positioner.svelte
2026-10-06T20:54:00.0479118Z dist/preview-card/Positioner.svelte.d.ts
2026-10-06T20:54:00.0479359Z dist/preview-card/positioner/PreviewCardPositionerContext.d.ts
2026-10-06T20:54:00.0479632Z dist/preview-card/positioner/PreviewCardPositionerContext.js
2026-10-06T20:54:00.0479835Z dist/preview-card/Root.svelte
2026-10-06T20:54:00.0479997Z dist/preview-card/Root.svelte.d.ts
2026-10-06T20:54:00.0480204Z dist/preview-card/root/PreviewCardInteractions.svelte
2026-10-06T20:54:00.0480453Z dist/preview-card/root/PreviewCardInteractions.svelte.d.ts
2026-10-06T20:54:00.0480704Z dist/preview-card/store/PreviewCardHandle.svelte.d.ts
2026-10-06T20:54:00.0480931Z dist/preview-card/store/PreviewCardHandle.svelte.js
2026-10-06T20:54:00.0481159Z dist/preview-card/store/PreviewCardStore.svelte.d.ts
2026-10-06T20:54:00.0481382Z dist/preview-card/store/PreviewCardStore.svelte.js
2026-10-06T20:54:00.0481576Z dist/preview-card/Trigger.svelte
2026-10-06T20:54:00.0481746Z dist/preview-card/Trigger.svelte.d.ts
2026-10-06T20:54:00.0481910Z dist/preview-card/types.d.ts
2026-10-06T20:54:00.0482057Z dist/preview-card/types.js
2026-10-06T20:54:00.0482218Z dist/preview-card/utils/constants.d.ts
2026-10-06T20:54:00.0482391Z dist/preview-card/utils/constants.js
2026-10-06T20:54:00.0482562Z dist/preview-card/Viewport.svelte
2026-10-06T20:54:00.0482734Z dist/preview-card/Viewport.svelte.d.ts
2026-10-06T20:54:00.0482895Z dist/progress/context.d.ts
2026-10-06T20:54:00.0483037Z dist/progress/context.js
2026-10-06T20:54:00.0483175Z dist/progress/helpers.d.ts
2026-10-06T20:54:00.0483316Z dist/progress/helpers.js
2026-10-06T20:54:00.0483452Z dist/progress/index.d.ts
2026-10-06T20:54:00.0483584Z dist/progress/index.js
2026-10-06T20:54:00.0483732Z dist/progress/index.parts.d.ts
2026-10-06T20:54:00.0483881Z dist/progress/index.parts.js
2026-10-06T20:54:00.0484037Z dist/progress/Indicator.svelte
2026-10-06T20:54:00.0484199Z dist/progress/Indicator.svelte.d.ts
2026-10-06T20:54:00.0484353Z dist/progress/Label.svelte
2026-10-06T20:54:00.0484505Z dist/progress/Label.svelte.d.ts
2026-10-06T20:54:00.0484654Z dist/progress/Root.svelte
2026-10-06T20:54:00.0484806Z dist/progress/Root.svelte.d.ts
2026-10-06T20:54:00.0484950Z dist/progress/Track.svelte
2026-10-06T20:54:00.0485101Z dist/progress/Track.svelte.d.ts
2026-10-06T20:54:00.0485247Z dist/progress/types.d.ts
2026-10-06T20:54:00.0485381Z dist/progress/types.js
2026-10-06T20:54:00.0485513Z dist/progress/Value.svelte
2026-10-06T20:54:00.0485665Z dist/progress/Value.svelte.d.ts
2026-10-06T20:54:00.0485812Z dist/radio-group/index.d.ts
2026-10-06T20:54:00.0485959Z dist/radio-group/index.js
2026-10-06T20:54:00.0486115Z dist/radio-group/RadioGroup.svelte
2026-10-06T20:54:00.0486293Z dist/radio-group/RadioGroup.svelte.d.ts
2026-10-06T20:54:00.0486477Z dist/radio-group/RadioGroupContext.d.ts
2026-10-06T20:54:00.0486658Z dist/radio-group/RadioGroupContext.js
2026-10-06T20:54:00.0486818Z dist/radio-group/types.d.ts
2026-10-06T20:54:00.0486960Z dist/radio-group/types.js
2026-10-06T20:54:00.0487093Z dist/radio/index.d.ts
2026-10-06T20:54:00.0487217Z dist/radio/index.js
2026-10-06T20:54:00.0487345Z dist/radio/index.parts.d.ts
2026-10-06T20:54:00.0487485Z dist/radio/index.parts.js
2026-10-06T20:54:00.0487653Z dist/radio/indicator/RadioIndicator.svelte
2026-10-06T20:54:00.0487855Z dist/radio/indicator/RadioIndicator.svelte.d.ts
2026-10-06T20:54:00.0488048Z dist/radio/root/RadioRoot.svelte
2026-10-06T20:54:00.0488219Z dist/radio/root/RadioRoot.svelte.d.ts
2026-10-06T20:54:00.0488393Z dist/radio/root/RadioRootContext.d.ts
2026-10-06T20:54:00.0488723Z dist/radio/root/RadioRootContext.js
2026-10-06T20:54:00.0488936Z dist/radio/root/RadioRootDataAttributes.d.ts
2026-10-06T20:54:00.0489348Z dist/radio/root/RadioRootDataAttributes.js
2026-10-06T20:54:00.0489537Z dist/radio/stateAttributesMapping.d.ts
2026-10-06T20:54:00.0489718Z dist/radio/stateAttributesMapping.js
2026-10-06T20:54:00.0489872Z dist/radio/types.d.ts
2026-10-06T20:54:00.0490000Z dist/radio/types.js
2026-10-06T20:54:00.0490150Z dist/remote-forms/control.types.d.ts
2026-10-06T20:54:00.0490322Z dist/remote-forms/control.types.js
2026-10-06T20:54:00.0490489Z dist/remote-forms/index.parts.d.ts
2026-10-06T20:54:00.0490655Z dist/remote-forms/index.parts.js
2026-10-06T20:54:00.0490831Z dist/remote-forms/nativeControlValue.d.ts
2026-10-06T20:54:00.0491016Z dist/remote-forms/nativeControlValue.js
2026-10-06T20:54:00.0491210Z dist/remote-forms/RemoteBooleanControl.svelte
2026-10-06T20:54:00.0491426Z dist/remote-forms/RemoteBooleanControl.svelte.d.ts
2026-10-06T20:54:00.0491628Z dist/remote-forms/RemoteControl.svelte
2026-10-06T20:54:00.0491817Z dist/remote-forms/RemoteControl.svelte.d.ts
2026-10-06T20:54:00.0492009Z dist/remote-forms/RemoteFieldContext.d.ts
2026-10-06T20:54:00.0492199Z dist/remote-forms/RemoteFieldContext.js
2026-10-06T20:54:00.0492385Z dist/remote-forms/RemoteFormContext.d.ts
2026-10-06T20:54:00.0492564Z dist/remote-forms/RemoteFormContext.js
2026-10-06T20:54:00.0492752Z dist/remote-forms/RemoteNativeControl.svelte
2026-10-06T20:54:00.0492960Z dist/remote-forms/RemoteNativeControl.svelte.d.ts
2026-10-06T20:54:00.0493159Z dist/remote-forms/RemoteRoot.svelte
2026-10-06T20:54:00.0493334Z dist/remote-forms/RemoteRoot.svelte.d.ts
2026-10-06T20:54:00.0493523Z dist/remote-forms/RemoteTextControl.svelte
2026-10-06T20:54:00.0493722Z dist/remote-forms/RemoteTextControl.svelte.d.ts
2026-10-06T20:54:00.0493907Z dist/remote-forms/runtime.d.ts
2026-10-06T20:54:00.0494058Z dist/remote-forms/runtime.js
2026-10-06T20:54:00.0494206Z dist/remote-forms/types.d.ts
2026-10-06T20:54:00.0494350Z dist/remote-forms/types.js
2026-10-06T20:54:00.0494504Z dist/scroll-area/constants.d.ts
2026-10-06T20:54:00.0494663Z dist/scroll-area/constants.js
2026-10-06T20:54:00.0494850Z dist/scroll-area/content/ScrollAreaContent.svelte
2026-10-06T20:54:00.0495080Z dist/scroll-area/content/ScrollAreaContent.svelte.d.ts
2026-10-06T20:54:00.0495301Z dist/scroll-area/corner/ScrollAreaCorner.svelte
2026-10-06T20:54:00.0495520Z dist/scroll-area/corner/ScrollAreaCorner.svelte.d.ts
2026-10-06T20:54:00.0495704Z dist/scroll-area/index.d.ts
2026-10-06T20:54:00.0495847Z dist/scroll-area/index.js
2026-10-06T20:54:00.0496001Z dist/scroll-area/index.parts.d.ts
2026-10-06T20:54:00.0496167Z dist/scroll-area/index.parts.js
2026-10-06T20:54:00.0496340Z dist/scroll-area/root/ScrollAreaRoot.svelte
2026-10-06T20:54:00.0496544Z dist/scroll-area/root/ScrollAreaRoot.svelte.d.ts
2026-10-06T20:54:00.0496754Z dist/scroll-area/root/ScrollAreaRootContext.d.ts
2026-10-06T20:54:00.0496966Z dist/scroll-area/root/ScrollAreaRootContext.js
2026-10-06T20:54:00.0497174Z dist/scroll-area/root/ScrollAreaRootCssVars.d.ts
2026-10-06T20:54:00.0497380Z dist/scroll-area/root/ScrollAreaRootCssVars.js
2026-10-06T20:54:00.0497610Z dist/scroll-area/root/ScrollAreaRootDataAttributes.d.ts
2026-10-06T20:54:00.0497852Z dist/scroll-area/root/ScrollAreaRootDataAttributes.js
2026-10-06T20:54:00.0498066Z dist/scroll-area/root/stateAttributes.d.ts
2026-10-06T20:54:00.0498254Z dist/scroll-area/root/stateAttributes.js
2026-10-06T20:54:00.0498461Z dist/scroll-area/scrollbar/ScrollAreaScrollbar.svelte
2026-10-06T20:54:00.0498704Z dist/scroll-area/scrollbar/ScrollAreaScrollbar.svelte.d.ts
2026-10-06T20:54:00.0498960Z dist/scroll-area/scrollbar/ScrollAreaScrollbarContext.d.ts
2026-10-06T20:54:00.0499369Z dist/scroll-area/scrollbar/ScrollAreaScrollbarContext.js
2026-10-06T20:54:00.0499620Z dist/scroll-area/scrollbar/ScrollAreaScrollbarCssVars.d.ts
2026-10-06T20:54:00.0499867Z dist/scroll-area/scrollbar/ScrollAreaScrollbarCssVars.js
2026-10-06T20:54:00.0500135Z dist/scroll-area/scrollbar/ScrollAreaScrollbarDataAttributes.d.ts
2026-10-06T20:54:00.0500518Z dist/scroll-area/scrollbar/ScrollAreaScrollbarDataAttributes.js
2026-10-06T20:54:00.0500834Z dist/scroll-area/thumb/ScrollAreaThumb.svelte
2026-10-06T20:54:00.0501047Z dist/scroll-area/thumb/ScrollAreaThumb.svelte.d.ts
2026-10-06T20:54:00.0501232Z dist/scroll-area/types.d.ts
2026-10-06T20:54:00.0501375Z dist/scroll-area/types.js
2026-10-06T20:54:00.0501534Z dist/scroll-area/utils/getOffset.d.ts
2026-10-06T20:54:00.0501708Z dist/scroll-area/utils/getOffset.js
2026-10-06T20:54:00.0501903Z dist/scroll-area/viewport/ScrollAreaViewport.svelte
2026-10-06T20:54:00.0502141Z dist/scroll-area/viewport/ScrollAreaViewport.svelte.d.ts
2026-10-06T20:54:00.0502387Z dist/scroll-area/viewport/ScrollAreaViewportContext.d.ts
2026-10-06T20:54:00.0502627Z dist/scroll-area/viewport/ScrollAreaViewportContext.js
2026-10-06T20:54:00.0502866Z dist/scroll-area/viewport/ScrollAreaViewportCssVars.d.ts
2026-10-06T20:54:00.0503106Z dist/scroll-area/viewport/ScrollAreaViewportCssVars.js
2026-10-06T20:54:00.0503292Z dist/separator/index.d.ts
2026-10-06T20:54:00.0503431Z dist/separator/index.js
2026-10-06T20:54:00.0503583Z dist/separator/Separator.svelte
2026-10-06T20:54:00.0503753Z dist/separator/Separator.svelte.d.ts
2026-10-06T20:54:00.0503914Z dist/separator/types.d.ts
2026-10-06T20:54:00.0504051Z dist/separator/types.js
2026-10-06T20:54:00.0504185Z dist/switch/index.d.ts
2026-10-06T20:54:00.0504314Z dist/switch/index.js
2026-10-06T20:54:00.0504453Z dist/switch/index.parts.d.ts
2026-10-06T20:54:00.0504601Z dist/switch/index.parts.js
2026-10-06T20:54:00.0504760Z dist/switch/root/SwitchRoot.svelte
2026-10-06T20:54:00.0504938Z dist/switch/root/SwitchRoot.svelte.d.ts
2026-10-06T20:54:00.0505119Z dist/switch/root/SwitchRootContext.d.ts
2026-10-06T20:54:00.0505296Z dist/switch/root/SwitchRootContext.js
2026-10-06T20:54:00.0505491Z dist/switch/root/SwitchRootDataAttributes.d.ts
2026-10-06T20:54:00.0505697Z dist/switch/root/SwitchRootDataAttributes.js
2026-10-06T20:54:00.0505890Z dist/switch/stateAttributesMapping.d.ts
2026-10-06T20:54:00.0506078Z dist/switch/stateAttributesMapping.js
2026-10-06T20:54:00.0506256Z dist/switch/thumb/SwitchThumb.svelte
2026-10-06T20:54:00.0506439Z dist/switch/thumb/SwitchThumb.svelte.d.ts
2026-10-06T20:54:00.0506604Z dist/switch/types.d.ts
2026-10-06T20:54:00.0506737Z dist/switch/types.js
2026-10-06T20:54:00.0506870Z dist/toast/Action.svelte
2026-10-06T20:54:00.0507013Z dist/toast/Action.svelte.d.ts
2026-10-06T20:54:00.0507161Z dist/toast/animations.d.ts
2026-10-06T20:54:00.0507301Z dist/toast/animations.js
2026-10-06T20:54:00.0507436Z dist/toast/Close.svelte
2026-10-06T20:54:00.0507577Z dist/toast/Close.svelte.d.ts
2026-10-06T20:54:00.0507720Z dist/toast/content.d.ts
2026-10-06T20:54:00.0507851Z dist/toast/content.js
2026-10-06T20:54:00.0507984Z dist/toast/Content.svelte
2026-10-06T20:54:00.0508135Z dist/toast/Content.svelte.d.ts
2026-10-06T20:54:00.0508280Z dist/toast/context.d.ts
2026-10-06T20:54:00.0508415Z dist/toast/context.js
2026-10-06T20:54:00.0508568Z dist/toast/createToastManager.d.ts
2026-10-06T20:54:00.0508738Z dist/toast/createToastManager.js
2026-10-06T20:54:00.0508895Z dist/toast/Description.svelte
2026-10-06T20:54:00.0509191Z dist/toast/Description.svelte.d.ts
2026-10-06T20:54:00.0509342Z dist/toast/facade.d.ts
2026-10-06T20:54:00.0509470Z dist/toast/facade.js
2026-10-06T20:54:00.0509617Z dist/toast/getToastManager.d.ts
2026-10-06T20:54:00.0509769Z dist/toast/getToastManager.js
2026-10-06T20:54:00.0509909Z dist/toast/id.d.ts
2026-10-06T20:54:00.0510027Z dist/toast/id.js
2026-10-06T20:54:00.0510148Z dist/toast/index.d.ts
2026-10-06T20:54:00.0510275Z dist/toast/index.js
2026-10-06T20:54:00.0510405Z dist/toast/Portal.svelte
2026-10-06T20:54:00.0510548Z dist/toast/Portal.svelte.d.ts
2026-10-06T20:54:00.0510695Z dist/toast/Provider.svelte
2026-10-06T20:54:00.0510852Z dist/toast/Provider.svelte.d.ts
2026-10-06T20:54:00.0511016Z dist/toast/RenderContent.svelte
2026-10-06T20:54:00.0511184Z dist/toast/RenderContent.svelte.d.ts
2026-10-06T20:54:00.0511465Z dist/toast/resolve-promise-options.d.ts
2026-10-06T20:54:00.0511655Z dist/toast/resolve-promise-options.js
2026-10-06T20:54:00.0511819Z dist/toast/root-context.d.ts
2026-10-06T20:54:00.0512044Z dist/toast/root-context.js
2026-10-06T20:54:00.0512182Z dist/toast/Root.svelte
2026-10-06T20:54:00.0512317Z dist/toast/Root.svelte.d.ts
2026-10-06T20:54:00.0512454Z dist/toast/store.d.ts
2026-10-06T20:54:00.0512583Z dist/toast/store.js
2026-10-06T20:54:00.0512709Z dist/toast/Title.svelte
2026-10-06T20:54:00.0512850Z dist/toast/Title.svelte.d.ts
2026-10-06T20:54:00.0512992Z dist/toast/types.d.ts
2026-10-06T20:54:00.0513120Z dist/toast/types.js
2026-10-06T20:54:00.0513264Z dist/toast/viewport-focus.d.ts
2026-10-06T20:54:00.0513417Z dist/toast/viewport-focus.js
2026-10-06T20:54:00.0513569Z dist/toast/Viewport.svelte
2026-10-06T20:54:00.0513728Z dist/toast/Viewport.svelte.d.ts
2026-10-06T20:54:00.0513880Z dist/toggle-group/index.d.ts
2026-10-06T20:54:00.0514024Z dist/toggle-group/index.js
2026-10-06T20:54:00.0514185Z dist/toggle-group/ToggleGroup.svelte
2026-10-06T20:54:00.0514373Z dist/toggle-group/ToggleGroup.svelte.d.ts
2026-10-06T20:54:00.0514568Z dist/toggle-group/ToggleGroupContext.d.ts
2026-10-06T20:54:00.0514759Z dist/toggle-group/ToggleGroupContext.js
2026-10-06T20:54:00.0515006Z dist/toggle-group/types.d.ts
2026-10-06T20:54:00.0515158Z dist/toggle-group/types.js
2026-10-06T20:54:00.0515297Z dist/toggle/index.d.ts
2026-10-06T20:54:00.0515426Z dist/toggle/index.js
2026-10-06T20:54:00.0515563Z dist/toggle/Toggle.svelte
2026-10-06T20:54:00.0515715Z dist/toggle/Toggle.svelte.d.ts
2026-10-06T20:54:00.0515860Z dist/toggle/types.d.ts
2026-10-06T20:54:00.0515991Z dist/toggle/types.js
2026-10-06T20:54:00.0516145Z dist/toolbar/button/ToolbarButton.svelte
2026-10-06T20:54:00.0516342Z dist/toolbar/button/ToolbarButton.svelte.d.ts
2026-10-06T20:54:00.0516539Z dist/toolbar/group/ToolbarGroup.svelte
2026-10-06T20:54:00.0516728Z dist/toolbar/group/ToolbarGroup.svelte.d.ts
2026-10-06T20:54:00.0516926Z dist/toolbar/group/ToolbarGroupContext.d.ts
2026-10-06T20:54:00.0517122Z dist/toolbar/group/ToolbarGroupContext.js
2026-10-06T20:54:00.0517286Z dist/toolbar/index.d.ts
2026-10-06T20:54:00.0517420Z dist/toolbar/index.js
2026-10-06T20:54:00.0517589Z dist/toolbar/index.parts.d.ts
2026-10-06T20:54:00.0517832Z dist/toolbar/index.parts.js
2026-10-06T20:54:00.0518097Z dist/toolbar/input/ToolbarInput.svelte
2026-10-06T20:54:00.0518391Z dist/toolbar/input/ToolbarInput.svelte.d.ts
2026-10-06T20:54:00.0518681Z dist/toolbar/link/ToolbarLink.svelte
2026-10-06T20:54:00.0518962Z dist/toolbar/link/ToolbarLink.svelte.d.ts
2026-10-06T20:54:00.0519352Z dist/toolbar/root/ToolbarRoot.svelte
2026-10-06T20:54:00.0519633Z dist/toolbar/root/ToolbarRoot.svelte.d.ts
2026-10-06T20:54:00.0519927Z dist/toolbar/root/ToolbarRootContext.d.ts
2026-10-06T20:54:00.0520216Z dist/toolbar/root/ToolbarRootContext.js
2026-10-06T20:54:00.0520540Z dist/toolbar/separator/ToolbarSeparator.svelte
2026-10-06T20:54:00.0520852Z dist/toolbar/separator/ToolbarSeparator.svelte.d.ts
2026-10-06T20:54:00.0521079Z dist/toolbar/types.d.ts
2026-10-06T20:54:00.0521367Z dist/toolbar/types.js
2026-10-06T20:54:00.0521610Z dist/tooltip/Arrow.svelte
2026-10-06T20:54:00.0521907Z dist/tooltip/Arrow.svelte.d.ts
2026-10-06T20:54:00.0522131Z dist/tooltip/context.d.ts
2026-10-06T20:54:00.0522336Z dist/tooltip/context.js
2026-10-06T20:54:00.0522604Z dist/tooltip/handle.svelte.d.ts
2026-10-06T20:54:00.0532952Z dist/tooltip/handle.svelte.js
2026-10-06T20:54:00.0533122Z dist/tooltip/index.d.ts
2026-10-06T20:54:00.0533262Z dist/tooltip/index.js
2026-10-06T20:54:00.0533409Z dist/tooltip/index.parts.d.ts
2026-10-06T20:54:00.0533564Z dist/tooltip/index.parts.js
2026-10-06T20:54:00.0533716Z dist/tooltip/Popup.svelte
2026-10-06T20:54:00.0533877Z dist/tooltip/Popup.svelte.d.ts
2026-10-06T20:54:00.0534032Z dist/tooltip/Portal.svelte
2026-10-06T20:54:00.0534194Z dist/tooltip/Portal.svelte.d.ts
2026-10-06T20:54:00.0534363Z dist/tooltip/Positioner.svelte
2026-10-06T20:54:00.0534533Z dist/tooltip/Positioner.svelte.d.ts
2026-10-06T20:54:00.0534902Z dist/tooltip/positioner/TooltipPositionerContext.d.ts
2026-10-06T20:54:00.0535142Z dist/tooltip/positioner/TooltipPositionerContext.js
2026-10-06T20:54:00.0535424Z dist/tooltip/Provider.svelte
2026-10-06T20:54:00.0535592Z dist/tooltip/Provider.svelte.d.ts
2026-10-06T20:54:00.0535791Z dist/tooltip/provider/TooltipProviderContext.d.ts
2026-10-06T20:54:00.0536015Z dist/tooltip/provider/TooltipProviderContext.js
2026-10-06T20:54:00.0536198Z dist/tooltip/Root.svelte
2026-10-06T20:54:00.0536345Z dist/tooltip/Root.svelte.d.ts
2026-10-06T20:54:00.0536527Z dist/tooltip/root/TooltipInteractions.svelte
2026-10-06T20:54:00.0536748Z dist/tooltip/root/TooltipInteractions.svelte.d.ts
2026-10-06T20:54:00.0536961Z dist/tooltip/store/TooltipHandle.svelte.d.ts
2026-10-06T20:54:00.0537163Z dist/tooltip/store/TooltipHandle.svelte.js
2026-10-06T20:54:00.0537360Z dist/tooltip/store/TooltipStore.svelte.d.ts
2026-10-06T20:54:00.0537552Z dist/tooltip/store/TooltipStore.svelte.js
2026-10-06T20:54:00.0537725Z dist/tooltip/Trigger.svelte
2026-10-06T20:54:00.0537892Z dist/tooltip/Trigger.svelte.d.ts
2026-10-06T20:54:00.0538045Z dist/tooltip/types.d.ts
2026-10-06T20:54:00.0538184Z dist/tooltip/types.js
2026-10-06T20:54:00.0538334Z dist/tooltip/utils/constants.d.ts
2026-10-06T20:54:00.0538501Z dist/tooltip/utils/constants.js
2026-10-06T20:54:00.0538652Z dist/tooltip/Viewport.svelte
2026-10-06T20:54:00.0538818Z dist/tooltip/Viewport.svelte.d.ts
2026-10-06T20:54:00.0538987Z dist/utils/closePart.svelte.d.ts
2026-10-06T20:54:00.0539347Z dist/utils/closePart.svelte.js
2026-10-06T20:54:00.0539519Z dist/utils/CommonPopupCssVars.d.ts
2026-10-06T20:54:00.0539694Z dist/utils/CommonPopupCssVars.js
2026-10-06T20:54:00.0539874Z dist/utils/CommonPopupDataAttributes.d.ts
2026-10-06T20:54:00.0540068Z dist/utils/CommonPopupDataAttributes.js
2026-10-06T20:54:00.0540256Z dist/utils/CommonPositionerCssVars.d.ts
2026-10-06T20:54:00.0540443Z dist/utils/CommonPositionerCssVars.js
2026-10-06T20:54:00.0540636Z dist/utils/CommonTriggerDataAttributes.d.ts
2026-10-06T20:54:00.0540837Z dist/utils/CommonTriggerDataAttributes.js
2026-10-06T20:54:00.0541040Z dist/utils/CommonViewportDataAttributes.d.ts
2026-10-06T20:54:00.0541253Z dist/utils/CommonViewportDataAttributes.js
2026-10-06T20:54:00.0541454Z dist/utils/dispatchClickWithModifiers.d.ts
2026-10-06T20:54:00.0541647Z dist/utils/dispatchClickWithModifiers.js
2026-10-06T20:54:00.0541834Z dist/utils/FloatingPortalLite.svelte
2026-10-06T20:54:00.0542021Z dist/utils/FloatingPortalLite.svelte.d.ts
2026-10-06T20:54:00.0542191Z dist/utils/FocusGuard.svelte
2026-10-06T20:54:00.0542358Z dist/utils/FocusGuard.svelte.d.ts
2026-10-06T20:54:00.0542527Z dist/utils/getCssDimensions.d.ts
2026-10-06T20:54:00.0542692Z dist/utils/getCssDimensions.js
2026-10-06T20:54:00.0542861Z dist/utils/getElementTransform.d.ts
2026-10-06T20:54:00.0543034Z dist/utils/getElementTransform.js
2026-10-06T20:54:00.0543284Z dist/utils/getPseudoElementBounds.d.ts
2026-10-06T20:54:00.0543468Z dist/utils/getPseudoElementBounds.js
2026-10-06T20:54:00.0543647Z dist/utils/InternalBackdrop.svelte
2026-10-06T20:54:00.0543828Z dist/utils/InternalBackdrop.svelte.d.ts
2026-10-06T20:54:00.0544047Z dist/utils/listbox-separator/ListboxSeparator.svelte
2026-10-06T20:54:00.0544296Z dist/utils/listbox-separator/ListboxSeparator.svelte.d.ts
2026-10-06T20:54:00.0544515Z dist/utils/listbox-separator/types.d.ts
2026-10-06T20:54:00.0544699Z dist/utils/listbox-separator/types.js
2026-10-06T20:54:00.0544874Z dist/utils/NullStore.svelte.d.ts
2026-10-06T20:54:00.0545037Z dist/utils/NullStore.svelte.js
2026-10-06T20:54:00.0545191Z dist/utils/popups/index.d.ts
2026-10-06T20:54:00.0545343Z dist/utils/popups/index.js
2026-10-06T20:54:00.0545502Z dist/utils/popups/inlineRect.d.ts
2026-10-06T20:54:00.0545666Z dist/utils/popups/inlineRect.js
2026-10-06T20:54:00.0545844Z dist/utils/popups/popupHandle.svelte.d.ts
2026-10-06T20:54:00.0546033Z dist/utils/popups/popupHandle.svelte.js
2026-10-06T20:54:00.0546233Z dist/utils/popups/PopupHandleAttachment.svelte
2026-10-06T20:54:00.0546575Z dist/utils/popups/PopupHandleAttachment.svelte.d.ts
2026-10-06T20:54:00.0546795Z dist/utils/popups/popupStoreUtils.svelte.d.ts
2026-10-06T20:54:00.0547079Z dist/utils/popups/popupStoreUtils.svelte.js
2026-10-06T20:54:00.0547287Z dist/utils/popups/popupTriggerMap.svelte.d.ts
2026-10-06T20:54:00.0547490Z dist/utils/popups/popupTriggerMap.svelte.js
2026-10-06T20:54:00.0547664Z dist/utils/popups/store.d.ts
2026-10-06T20:54:00.0547811Z dist/utils/popups/store.js
2026-10-06T20:54:00.0547994Z dist/utils/popups/usePopupHandleStore.svelte.d.ts
2026-10-06T20:54:00.0548215Z dist/utils/popups/usePopupHandleStore.svelte.js
2026-10-06T20:54:00.0548440Z dist/utils/popups/useTriggerFocusGuards.svelte.d.ts
2026-10-06T20:54:00.0548664Z dist/utils/popups/useTriggerFocusGuards.svelte.js
2026-10-06T20:54:00.0548864Z dist/utils/popupStateMapping.d.ts
2026-10-06T20:54:00.0549172Z dist/utils/popupStateMapping.js
2026-10-06T20:54:00.0549346Z dist/utils/resolveClassName.d.ts
2026-10-06T20:54:00.0549511Z dist/utils/resolveClassName.js
2026-10-06T20:54:00.0549666Z dist/utils/resolveRef.d.ts
2026-10-06T20:54:00.0549807Z dist/utils/resolveRef.js
2026-10-06T20:54:00.0549950Z dist/utils/resolveStyle.d.ts
2026-10-06T20:54:00.0550097Z dist/utils/resolveStyle.js
2026-10-06T20:54:00.0550240Z dist/utils/scrollEdges.d.ts
2026-10-06T20:54:00.0550385Z dist/utils/scrollEdges.js
2026-10-06T20:54:00.0550554Z dist/utils/StyleDisableScrollbar.svelte
2026-10-06T20:54:00.0550751Z dist/utils/StyleDisableScrollbar.svelte.d.ts
2026-10-06T20:54:00.0550921Z dist/utils/styles.d.ts
2026-10-06T20:54:00.0551052Z dist/utils/styles.js
2026-10-06T20:54:00.0551228Z dist/utils/useAnchoredPopupScrollLock.svelte.d.ts
2026-10-06T20:54:00.0551452Z dist/utils/useAnchoredPopupScrollLock.svelte.js
2026-10-06T20:54:00.0551663Z dist/utils/useFocusableWhenDisabled.d.ts
2026-10-06T20:54:00.0551853Z dist/utils/useFocusableWhenDisabled.js
2026-10-06T20:54:00.0552059Z dist/utils/useMixedToggleClickHandler.svelte.d.ts
2026-10-06T20:54:00.0552278Z dist/utils/useMixedToggleClickHandler.svelte.js
2026-10-06T20:54:00.0552495Z dist/utils/useOpenInteractionType.svelte.d.ts
2026-10-06T20:54:00.0552705Z dist/utils/useOpenInteractionType.svelte.js
2026-10-06T20:54:00.0552908Z dist/utils/usePopupAutoResize.svelte.d.ts
2026-10-06T20:54:00.0553100Z dist/utils/usePopupAutoResize.svelte.js
2026-10-06T20:54:00.0553286Z dist/utils/usePopupViewport.svelte.d.ts
2026-10-06T20:54:00.0553473Z dist/utils/usePopupViewport.svelte.js
2026-10-06T20:54:00.0553655Z dist/utils/usePositioner.svelte.d.ts
2026-10-06T20:54:00.0553833Z dist/utils/usePositioner.svelte.js
2026-10-06T20:54:00.0554023Z dist/utils/useRegisteredLabelId.svelte.d.ts
2026-10-06T20:54:00.0554217Z dist/utils/useRegisteredLabelId.svelte.js
2026-10-06T20:54:00.0554373Z LICENSE
2026-10-06T20:54:00.0554483Z package.json
2026-10-06T20:54:00.0554628Z patches/@sveltejs__kit@2.70.3.patch
2026-10-06T20:54:00.0554785Z patches/LICENSE.sveltekit
2026-10-06T20:54:00.0554923Z patches/README.md
2026-10-06T20:54:00.0555055Z THIRD_PARTY_NOTICES.md
2026-10-06T20:54:00.0555110Z Tarball Details
2026-10-06T20:54:00.0555263Z /home/runner/work/base/base/.checks/npm-package/sveltery-base-0.0.0.tgz
2026-10-06T20:54:00.0686185Z ##[group]Run pnpm check
2026-10-06T20:54:00.0686362Z [36;1mpnpm check[0m
2026-10-06T20:54:00.0738730Z shell: /usr/bin/bash -e {0}
2026-10-06T20:54:00.0738869Z env:
2026-10-06T20:54:00.0739282Z   SVELTERY_PACKAGE_ARTIFACTS: /home/runner/work/base/base/.checks/npm-package/artifacts.json
2026-10-06T20:54:00.0739564Z   PNPM_HOME: /home/runner/setup-pnpm/node_modules/.bin
2026-10-06T20:54:00.0739749Z   SVELTERY_WORKSPACE_READY: 1
2026-10-06T20:54:00.0739893Z ##[endgroup]
2026-10-06T20:54:00.0931275Z $ pnpm package:prepare && pnpm --recursive --sort --workspace-concurrency 1 run check
2026-10-06T20:54:00.1052199Z $ bash scripts/prepare-workspace.sh
2026-10-06T20:54:00.2128418Z Scope: 3 of 4 workspace projects
2026-10-06T20:54:00.2146583Z $ svelte-check --tsconfig ./tsconfig.json
2026-10-06T20:54:01.8592707Z Loading svelte-check in workspace: /home/runner/work/base/base/packages/utils
2026-10-06T20:54:01.8599942Z Getting Svelte diagnostics...
2026-10-06T20:54:01.8600151Z 
2026-10-06T20:54:01.8600738Z [32msvelte-check found 0 errors and 0 warnings
2026-10-06T20:54:01.9017108Z $ svelte-kit sync && svelte-check --tsconfig ./tsconfig.json
2026-10-06T20:54:13.2095922Z [39mLoading svelte-check in workspace: /home/runner/work/base/base/packages/base
2026-10-06T20:54:13.2096254Z Getting Svelte diagnostics...
2026-10-06T20:54:13.2096371Z 
2026-10-06T20:54:13.2122844Z /home/runner/work/base/base/packages/base/[32mtests/select-canonical-leaves.types.ts[39m:37:1
2026-10-06T20:54:13.2123718Z [31mError[39m: Unused '@ts-expect-error' directive. 
2026-10-06T20:54:13.2124235Z [36mconst badOrientation: Props = { orientation: 'diagonal' };
2026-10-06T20:54:13.2124869Z [35m// @ts-expect-error Style callback receives the real ListboxSeparator state.[36m
2026-10-06T20:54:13.2125360Z const badStyle: Props = {[39m
2026-10-06T20:54:13.2125533Z 
2026-10-06T20:54:13.2125997Z /home/runner/work/base/base/packages/base/[32mtests/select-canonical-leaves.types.ts[39m:39:10
2026-10-06T20:54:13.2127287Z [31mError[39m: Type '(state: { selected: boolean; }) => string' is not assignable to type 'string | ((state: ListboxSeparatorState) => string | null | undefined) | null | undefined'.
2026-10-06T20:54:13.2128371Z   Type '(state: { selected: boolean; }) => string' is not assignable to type '(state: ListboxSeparatorState) => string | null | undefined'.
2026-10-06T20:54:13.2129182Z     Types of parameters 'state' and 'state' are incompatible.
2026-10-06T20:54:13.2129812Z       Property 'selected' is missing in type 'ListboxSeparatorState' but required in type '{ selected: boolean; }'. 
2026-10-06T20:54:13.2130403Z [36mconst badStyle: Props = {
2026-10-06T20:54:13.2131034Z   style: [35m(state: { selected: boolean }) => `opacity:${state.selected ? 1 : 0}`[36m,
2026-10-06T20:54:13.2131429Z };[39m
2026-10-06T20:54:13.2131528Z 
2026-10-06T20:54:13.2131977Z /home/runner/work/base/base/packages/base/[32mtests/select-canonical-leaves.types.ts[39m:43:1
2026-10-06T20:54:13.2132591Z [31mError[39m: Unused '@ts-expect-error' directive. 
2026-10-06T20:54:13.2133030Z [36mconst badChildren: Props = { children: 'text' };
2026-10-06T20:54:13.2133612Z [35m// @ts-expect-error Native event inference remains specific to the actual div.[36m
2026-10-06T20:54:13.2134146Z const badEvent: Props = {[39m
2026-10-06T20:54:13.2134308Z 
2026-10-06T20:54:13.2134786Z /home/runner/work/base/base/packages/base/[32mtests/select-canonical-leaves.types.ts[39m:45:3
2026-10-06T20:54:13.2135979Z [31mError[39m: Type '(event: KeyboardEvent) => void' is not assignable to type '(event: BaseUIEvent<MouseEvent & { currentTarget: EventTarget & HTMLDivElement; }>) => any'.
2026-10-06T20:54:13.2136733Z   Types of parameters 'event' and 'event' are incompatible.
2026-10-06T20:54:13.2138522Z     Type 'MouseEvent & { currentTarget: EventTarget & HTMLDivElement; } & Event & { preventBaseUIHandler(): void; baseUIHandlerPrevented?: boolean | undefined; }' is missing the following properties from type 'KeyboardEvent': charCode, code, isComposing, key, and 8 more. 
2026-10-06T20:54:13.2139731Z [36mconst badEvent: Props = {
2026-10-06T20:54:13.2140047Z   [35monclick[36m(event: KeyboardEvent) {
2026-10-06T20:54:13.2140345Z     void event;[39m
2026-10-06T20:54:13.2140468Z 
2026-10-06T20:54:13.2140924Z /home/runner/work/base/base/packages/base/[32mtests/dom/fixtures/UtilsStoreSync.svelte[39m:12:37
2026-10-06T20:54:13.2141910Z [33mWarn[39m: This reference only captures the initial value of `initialValue`. Did you mean to reference it inside a derived instead?
2026-10-06T20:54:13.2142595Z https://svelte.dev/e/state_referenced_locally (svelte)
2026-10-06T20:54:13.2142936Z [36m  } = $props();
2026-10-06T20:54:13.2143289Z   let value = $state.raw({ current: [35minitialValue[36m });
2026-10-06T20:54:13.2143891Z   if (cleanup) store.useSyncedValueWithCleanup('value', () => value.current);[39m
2026-10-06T20:54:13.2144212Z 
2026-10-06T20:54:13.2144868Z /home/runner/work/base/base/packages/base/[32mtests/dom/fixtures/UtilsStoreSync.svelte[39m:13:7
2026-10-06T20:54:13.2145817Z [33mWarn[39m: This reference only captures the initial value of `cleanup`. Did you mean to reference it inside a closure instead?
2026-10-06T20:54:13.2146450Z https://svelte.dev/e/state_referenced_locally (svelte)
2026-10-06T20:54:13.2146916Z [36m  let value = $state.raw({ current: initialValue });
2026-10-06T20:54:13.2147473Z   if ([35mcleanup[36m) store.useSyncedValueWithCleanup('value', () => value.current);
2026-10-06T20:54:13.2148039Z   else store.useSyncedValue('value', () => value.current);[39m
2026-10-06T20:54:13.2148284Z 
2026-10-06T20:54:13.2148741Z /home/runner/work/base/base/packages/base/[32mtests/dom/fixtures/UtilsStoreSync.svelte[39m:13:16
2026-10-06T20:54:13.2149783Z [33mWarn[39m: This reference only captures the initial value of `store`. Did you mean to reference it inside a closure instead?
2026-10-06T20:54:13.2150408Z https://svelte.dev/e/state_referenced_locally (svelte)
2026-10-06T20:54:13.2150871Z [36m  let value = $state.raw({ current: initialValue });
2026-10-06T20:54:13.2151418Z   if (cleanup) [35mstore[36m.useSyncedValueWithCleanup('value', () => value.current);
2026-10-06T20:54:13.2151969Z   else store.useSyncedValue('value', () => value.current);[39m
2026-10-06T20:54:13.2152218Z 
2026-10-06T20:54:13.2152663Z /home/runner/work/base/base/packages/base/[32mtests/dom/fixtures/UtilsStoreSync.svelte[39m:14:8
2026-10-06T20:54:13.2153569Z [33mWarn[39m: This reference only captures the initial value of `store`. Did you mean to reference it inside a closure instead?
2026-10-06T20:54:13.2154228Z https://svelte.dev/e/state_referenced_locally (svelte)
2026-10-06T20:54:13.2154798Z [36m  if (cleanup) store.useSyncedValueWithCleanup('value', () => value.current);
2026-10-06T20:54:13.2155349Z   else [35mstore[36m.useSyncedValue('value', () => value.current);
2026-10-06T20:54:13.2155803Z   export const updateValue = (next: number) => {[39m
2026-10-06T20:54:13.2156018Z 
2026-10-06T20:54:13.2156456Z /home/runner/work/base/base/packages/base/[32mtests/dom/MenuTreeTriggerOwner.svelte[39m:15:23
2026-10-06T20:54:13.2157368Z [33mWarn[39m: This reference only captures the initial value of `tree`. Did you mean to reference it inside a closure instead?
2026-10-06T20:54:13.2157987Z https://svelte.dev/e/state_referenced_locally (svelte)
2026-10-06T20:54:13.2158592Z [36m  }: { tree: FloatingTreeStore; parentNodeId: string; children: Snippet } = $props();
2026-10-06T20:54:13.2159186Z   provideFloatingTree([35mtree[36m);
2026-10-06T20:54:13.2159562Z   provideFloatingNode(() => parentNodeId);[39m
2026-10-06T20:54:13.2159765Z 
2026-10-06T20:54:13.2160197Z /home/runner/work/base/base/packages/base/[32mtests/dom/NativeScrollAreaProbe.svelte[39m:7:3
2026-10-06T20:54:13.2161113Z [33mWarn[39m: This reference only captures the initial value of `capture`. Did you mean to reference it inside a closure instead?
2026-10-06T20:54:13.2161743Z https://svelte.dev/e/state_referenced_locally (svelte)
2026-10-06T20:54:13.2162541Z [36m  let { capture }: { capture: (context: ScrollAreaRootContext) => void } = $props();
2026-10-06T20:54:13.2163030Z   [35mcapture[36m(useScrollAreaRootContext());
2026-10-06T20:54:13.2163330Z </script>[39m
2026-10-06T20:54:13.2163442Z 
2026-10-06T20:54:13.2189986Z ====================================
2026-10-06T20:54:13.2190485Z [31msvelte-check found 4 errors and 6 warnings in 4 files
2026-10-06T20:54:13.3280580Z [ELIFECYCLE] Command failed with exit code 1.
2026-10-06T20:54:13.3394365Z Error: ERR_PNPM_RECURSIVE_RUN_FIRST_FAIL
2026-10-06T20:54:13.3394577Z 
2026-10-06T20:54:13.3395110Z   × "pnpm recursive run" failed in /home/runner/work/base/base/packages/base
2026-10-06T20:54:13.3395392Z 
2026-10-06T20:54:13.3405626Z [ELIFECYCLE] Command failed with exit code 1.
2026-10-06T20:54:13.3418522Z [39m
2026-10-06T20:54:13.3427214Z ##[error]Process completed with exit code 1.
2026-10-06T20:54:13.3488247Z ##[group]Run actions/upload-artifact@ea165f8d65b6e75b540449e92b4886f43607fa02
2026-10-06T20:54:13.3488665Z with:
2026-10-06T20:54:13.3488795Z   name: npm-package-analysis
2026-10-06T20:54:13.3488947Z   path: .checks/npm-package/
2026-10-06T20:54:13.3489404Z   if-no-files-found: warn
2026-10-06T20:54:13.3489539Z   retention-days: 14
2026-10-06T20:54:13.3489666Z   compression-level: 6
2026-10-06T20:54:13.3489792Z   overwrite: false
2026-10-06T20:54:13.3489921Z   include-hidden-files: false
2026-10-06T20:54:13.3490057Z env:
2026-10-06T20:54:13.3490269Z   SVELTERY_PACKAGE_ARTIFACTS: /home/runner/work/base/base/.checks/npm-package/artifacts.json
2026-10-06T20:54:13.3490546Z   PNPM_HOME: /home/runner/setup-pnpm/node_modules/.bin
2026-10-06T20:54:13.3490729Z   SVELTERY_WORKSPACE_READY: 1
2026-10-06T20:54:13.3490865Z ##[endgroup]
2026-10-06T20:54:13.4607519Z (node:3841) [DEP0040] DeprecationWarning: The `punycode` module is deprecated. Please use a userland alternative instead.
2026-10-06T20:54:13.4608066Z (Use `node --trace-deprecation ...` to show where the warning was created)
2026-10-06T20:54:13.4644048Z With the provided path, there will be 3 files uploaded
2026-10-06T20:54:13.4648202Z Artifact name is valid!
2026-10-06T20:54:13.4648610Z Root directory input is valid!
2026-10-06T20:54:13.7125747Z Beginning upload of artifact content to blob storage
2026-10-06T20:54:13.7381277Z (node:3841) [DEP0169] DeprecationWarning: `url.parse()` behavior is not standardized and prone to errors that have security implications. Use the WHATWG URL API instead. CVEs are not issued for `url.parse()` vulnerabilities.
2026-10-06T20:54:13.9866623Z Uploaded bytes 366477
2026-10-06T20:54:14.0249939Z Finished uploading artifact content to blob storage!
2026-10-06T20:54:14.0250618Z SHA256 digest of uploaded artifact zip is 90ea444c19fb3f3809683307ef33cb2e0c965128c5a5bf75e6f2079376f74bd9
2026-10-06T20:54:14.0251979Z Finalizing artifact upload
2026-10-06T20:54:14.2835451Z Artifact npm-package-analysis.zip successfully finalized. Artifact ID 11443313762
2026-10-06T20:54:14.2836210Z Artifact npm-package-analysis has been successfully uploaded! Final size is 366477 bytes. Artifact ID is 11443313762
2026-10-06T20:54:14.2840291Z Artifact download URL: https://github.com/sveltery/base/actions/runs/37529636222/artifacts/11443313762
2026-10-06T20:54:14.2976177Z Post job cleanup.
2026-10-06T20:54:14.3881285Z Pruning is unnecessary.
2026-10-06T20:54:14.4012812Z Post job cleanup.
2026-10-06T20:54:14.5041570Z [command]/usr/bin/git version
2026-10-06T20:54:14.5109839Z git version 2.55.0
2026-10-06T20:54:14.5158805Z Temporarily overriding HOME='/home/runner/work/_temp/11ef9974-31dd-4b61-bc4b-9c7cfed0193f' before making global git config changes
2026-10-06T20:54:14.5160764Z Adding repository directory to the temporary git global config as a safe directory
2026-10-06T20:54:14.5166332Z [command]/usr/bin/git config --global --add safe.directory /home/runner/work/base/base
2026-10-06T20:54:14.5257334Z Removing SSH command configuration
2026-10-06T20:54:14.5269404Z [command]/usr/bin/git config --local --name-only --get-regexp core\.sshCommand
2026-10-06T20:54:14.5328174Z [command]/usr/bin/git submodule foreach --recursive sh -c "git config --local --name-only --get-regexp 'core\.sshCommand' && git config --local --unset-all 'core.sshCommand' || :"
2026-10-06T20:54:14.5813838Z Removing HTTP extra header
2026-10-06T20:54:14.5825569Z [command]/usr/bin/git config --local --name-only --get-regexp http\.https\:\/\/github\.com\/\.extraheader
2026-10-06T20:54:14.5904477Z [command]/usr/bin/git submodule foreach --recursive sh -c "git config --local --name-only --get-regexp 'http\.https\:\/\/github\.com\/\.extraheader' && git config --local --unset-all 'http.https://github.com/.extraheader' || :"
2026-10-06T20:54:14.6253336Z Removing includeIf entries pointing to credentials config files
2026-10-06T20:54:14.6264094Z [command]/usr/bin/git config --local --name-only --get-regexp ^includeIf\.gitdir:
2026-10-06T20:54:14.6321434Z [command]/usr/bin/git submodule foreach --recursive git config --local --show-origin --name-only --get-regexp remote.origin.url
2026-10-06T20:54:14.6842155Z Cleaning up orphan processes
2026-10-06T20:54:14.7253132Z ##[warning]Node.js 20 is deprecated. The following actions target Node.js 20 but are being forced to run on Node.js 24: actions/upload-artifact@ea165f8d65b6e75b540449e92b4886f43607fa02. For more information see: https://github.blog/changelog/2025-09-19-deprecation-of-node-20-on-github-actions-runners/

